word,meaning
nineteen,num. 十九
marriage,n. 结婚
Tuesday,n. 星期二
cancel,v. 取消 n. 取消，撤销
grandparent,n. 祖父母
America,n. 美洲（包括北美和南美洲）
giraffe,n. 长颈鹿
monitor,n. 监视器 v. 监控
dialogue,n. 对话 vi. 对话 vt. 用对话表达
geography,n. 地理
advise,v. 建议
festival,n. 节日 adj. 节日的，喜庆的
rabbit,n. 兔子，野兔 v. 让…见鬼去吧
theirs,pron. 他们的
purse,n. (女士)手提袋 v. （嘴巴）皱起，使缩拢
express,v. 表达 adj. 明确的 n. 快车，快递，专使
blackboard,n. 黑板
servant,n. 仆人，佣人
hobby,n. 嗜好
discover,v. 发现
coke,n. 焦炭 v. 焦化
stupid,adj. 愚蠢的 n. 傻瓜，笨蛋
conversation,n. 交谈，会话
asleep,adj. 睡着的 adv. 熟睡地
cotton,n. 棉花 v. 一致 adj. 棉的
stomach,n. 胃 v. 忍受
common,adj. 共同的 n. 普通
hometown,n. 家乡
snowy,adj. 下雪的，多雪的
collect,v. 收集 adv. 由收件人付款地 adj. 由收件人付款的 n. (Collect)人名
concert,n. 音乐会 v. 使协调 adj. 音乐会用的
centre,v. 以…为中心 n. 中心 adj. 中央的
driver,n. 驾驶员
height,n. 高地
retell,v. 复述
Europe,n. 欧洲
holiday,n. 假日 v. 外出度假
Rusia,鲁西亚（地名）
smooth,adj. 顺利的 v. 使光滑 n. 平滑部分 adv. 光滑地
airplane,n. 飞机
seventeen,n. 十七，十七个 adj. 十七岁的 num. 十七
Wednesday,n. 星期三
wheat,n. 小麦
forty,n. 四十 adj. 四十的
tourist,n. 旅行者，观光客 adj. 旅游的 vt. 在旅行参观 vi. 旅游 adv. 坐旅游车厢
rubbish,n. 垃圾，废物 adj. 毫无价值的
queen,n. 女王，王后 v. 使…成为女王或王后
math,n. 数学（等于mathematics）
kitchen,n. 厨房
kilo,n. 千克
vegetable,n. 蔬菜 adj. 蔬菜的
examine,v. 检查
pleasure,n. 快乐 vt. 使高兴 vi. 高兴
pioneer,n. 先锋 v. 开辟
information,n. 信息，资料
compare,n. 比较 v. 比拟，喻为
Friday,n. 星期五
visitor,n. 访问者，参观者
August,adj. 威严的 n. 八月（简写为Aug）
connect,v. 连接
foreign,adj. 外国的
prisoner,n. 囚犯，犯人
English,adj. 英国人的 n. 英语 vt. 把…译成英语
countryside,n. 农村，乡下
VCD,abbr. 视频高密光盘（Video Compact Disc）
sandwich,v. 夹入 n. 三明治
England,n. 英格兰
postcard,n. 明信片
eighth,adj. 第八的 num. 第八
windy,adj. 多风的，有风的
overcoat,n. 大衣，外套
sudden,adj. 突然的，意外的 n. 突然发生的事
engineer,n. 工程师 v. 设计
keyboard,n. 键盘 v. 键入
drawer,n. 抽屉
passenger,n. 旅客
tongue,n. 舌头 v. 舔
basketball,n. 篮球
Chinese,n. 中文，汉语 adj. 中国的，中国人的
schoolbag,n. 书包
umbrella,n. 雨伞
volleyball,n. 排球
invention,n. 发明
purple,adj. 紫色的 n. 紫色 v. 变成紫色
everywhere,adv. 到处 n. 每个地方
ninety,n. 九十 adj. 九十的 num. 九十
composition,n. 作文，作曲，作品
polite,adj. 有礼貌的，客气的
dismiss,v. 解散
crayon,n. 蜡笔，有色粉笔 v. 以蜡笔作画，用颜色粉笔画
wonderful,adj. 极好的，精彩的，绝妙的
stream,n. 溪流 v. 流
behaviour,n. 行为
disturb,v. 打扰
Russian,adj. 俄国的 n. 俄语
strict,adj. 严格的
communication,n. 通讯，[通信] 通信
toothpaste,n. 牙膏
succeed,v. 成功
restaurant,n. 餐馆
electric,adj. 电的 n. 电
planet,n. 行星
weather,n. 天气 v. 经受住 adj. 露天的
fetch,v. 取来 n. 取得
environment,n. 环境，外界
afford,v. 给予，提供 n. (Afford)人名
underground,adv. 在地下 adj. 地下的 n. 地下
jacket,n. 羽绒滑雪衫 v. 给…穿夹克
address,v. 演说 n. 地址
pond,vt. 筑成池塘 vi. 筑成池塘 n. 池塘
vehicle,n. [车辆] 车辆
sausage,n. 香肠
interesting,adj. 有趣的
February,n. 二月
clothes,n. 衣服
southern,adj. 南的 n. 南方人
quarter,n. 四分之一 v. 住宿 num. 四分之一
machine,n. 机械，机器 v. 用机器制造
rainy,adj. 下雨的 n. (Rainy)人名
lion,n. 狮子
license,n. 执照，许可证 v. 许可
secretary,n. 秘书
supermarket,n. 超级市场
stairs,n. 楼梯
northern,adj. 北部的 n. 北部方言
classroom,n. 教室
sunny,adj. 阳光充足的，和煦的
seventh,n. 第七 adj. 第七的 adv. 居第七位地
hundred,n. 一百 adj. 一百的 num. 百
sofa,n. 沙发
ninth,num. 第九 adj. 第九的 n. 九分之一
postman,n. 邮递员
beside,prep. 在旁边
accident,n. 事故
football,n. 足球，橄榄球 vi. 踢足球
everyday,adj. 每天的，日常的 n. 平时
ourselves,pron. 我们自己
introduction,n. 介绍
dentist,n. 牙科医生
technology,n. 技术
butterfly,n. 蝴蝶
illness,n. 病
swimming,n. 游泳 adj. 游泳的 v. 游泳
noon,n. 中午
newspaper,n. 报纸
discovery,n. 发现，发觉
November,n. 十一月
Japanese,adj. 日本（人）的 n. 日本人
instruction,n. 指令，命令
supper,n. 晚餐，晚饭
fisherman,n. 渔夫
count,v. 计算 n. 计数
thirty,n. 三十年代 num. 三十 adj. 三十个的
dictionary,n. 字典
eighty,n. 八十 adj. 八十的，八十个的 num. 八十
twelfth,adj. 第十二的，第十二个的 n. 第十二
shorts,n. 短裤
lovely,adj. 可爱的 n. 美女
somewhere,adv. 在某处 n. 某个地方
healthy,adj. 健康的，健全的
twentieth,n. 二十分之一 adj. 第二十的 num. 第二十
pear,n. [园艺] 梨树
panda,n. 熊猫
progress,n. 进步，发展 v. 前进，进步
zebra,n. [脊椎] 斑马 adj. 有斑纹的
promise,n. 许诺，允诺 v. 允诺，许诺
traffic,n. 交通 v. 用…作交换
translate,v. 翻译
shoulder,n. 肩，肩膀 v. 肩负，承担
successful,adj. 成功的
stranger,n. 陌生人
watermelon,n. 西瓜
duck,n. 鸭子 v. 闪避
immediately,adv. 立即，立刻 conj. 一…就
chess,n. 国际象棋，西洋棋
discussion,n. 讨论，议论
lamb,n. 羔羊，小羊 v. 生小羊，产羔羊
plenty,n. 丰富，大量 adj. 足够的，很多的 adv. 足够
necessary,adj. 必要的 n. 必需品
population,n. 人口
university,n. 大学
thirsty,adj. 口渴的，口干的
Atlantic,n. 大西洋 adj. 大西洋的
comfortable,adj. 舒适的，舒服的 n. 盖被
silence,n. 沉默 v. 使沉默 int. 安静！
wealth,n. 财富
difficulty,n. 困难，困境
litter,n. 垃圾 v. 乱丢
strawberry,n. 草莓
dumpling,n. 饺子，汤团
friendship,n. 友谊
traditional,adj. 传统的
Monday,n. 星期一
pronounce,v. 发音
autumn,n. 秋天 adj. 秋天的，秋季的
airline,n. 航空公司 adj. 航线的
Japan,n. 日本（东亚国家名）
whenever,conj. 每当 adv. 不论何时
fourteen,num. 十四 n. 十四的记号
robot,n. 机器人
symbol,n. 象征
weekend,n. 周末，周末休假 adj. 周末的，周末用的 v. 度周末
dollar,n. 美元
useless,adj. 无用的
separate,v. 使分离 adj. 单独的 n. 分开
yourselves,pron. 你们自己
pleasant,adj. 令人愉快的，舒适的 n. (Pleasant)人名
eraser,n. 橡皮
shower,n. 淋浴 v. 大量地给予
raincoat,n. （美）雨衣
sixth,n. 月的第六日，（与the连用的）第六个 adj. （与 the 连用）第六的，第六个的
regret,n. 遗憾 v. 后悔
treasure,n. 财富，财产 v. 珍爱
plastic,adj. 塑料的 n. 塑料制品
noodle,n. 面条
riddle,v. 解谜 n. 谜语
thirteen,n. 十三 num. 十三 adj. 十三的
hungry,adj. 饥饿的
present,v. 提出 adj. 现在的 n. 现在
madam,n. 夫人
bathroom,n. 浴室
goat,n. 山羊
pronunciation,n. 发音
toilet,n. 厕所，盥洗室 vi. 梳妆，打扮 vt. 给…梳妆打扮
elder,n. 老人 adj. 年长的
encourage,v. 鼓励，怂恿
afternoon,n. 午后，下午
anywhere,adv. 在任何地方 n. 任何地方
granddaughter,n. 孙女
violin,n. 小提琴
airport,n. 机场
pencil,n. 铅笔 v. 用铅笔写
thousand,n. 一千 adj. 成千的
strange,adj. 奇怪的 adv. 奇怪地 n. (Strange)人名
twelve,n. 十二 num. 十二 adj. 十二的
surface,n. 表面 adj. 表面的，肤浅的 v. 浮出水面
chemistry,n. 化学
twenty,n. 二十 num. 二十 adj. 二十的
suggestion,n. 建议
interview,n. 接见，采访 v. 采访
these,pron. 这些 adj. 这些的
homework,n. 家庭作业，课外作业
chant,n. 圣歌 v. 唱
relation,n. 关系
percent,n. 百分比，百分率 adj. 百分之…的 adv. 以百分之…地
Christmas,n. 圣诞节
weekday,n. 平日，普通日
Canada,n. 加拿大（北美洲国家）
handsome,adj. （男子）英俊的
housework,n. 家务事
April,n. 四月
balloon,v. 激增 n. 气球 adj. 像气球般鼓起的
biscuit,n. 小点心，饼干
Asian,n. 亚洲人 adj. 亚洲的
lively,adj. 活泼的 n. (Lively)人名
frog,n. 青蛙 v. 捕蛙
toothache,n. [口腔] 牙痛
clever,adj. 聪明的
package,n. 包，包裹 adj. 一揽子的 v. 打包
experience,n. 经验 v. 经验
punish,v. 惩罚
scientist,n. 科学家
absent,adj. 缺席的 v. 使缺席
tomorrow,n. 明天 adv. 明天
Internet,n. 因特网
toothbrush,n. 牙刷
ceiling,n. 天花板
honest,adj. 诚实的，实在的
meaning,n. 意义 adj. 意味深长的 v. 意味
evening,n. 晚上 adj. 在晚上的 int. 晚上好（等于good evening）
pork,n. 猪肉 vt. 与女子性交
monkey,n. 猴子 v. 胡闹
factory,n. 工厂
Saturday,n. 星期六
trouble,n. 麻烦 v. 麻烦
cabbage,n. 卷心菜，甘蓝菜，洋白菜
correct,v. 改正 adj. 正确的
accent,n. 口音 v. 强调
oneself,pron. 自己
fourth,adj. 第四的，第四个的 n. 第四，月的第四日 num. 第四
cinema,n. 电影
downstairs,adv. 在楼下 adj. 楼下的 n. 楼下
neither,conj. 也不 adv. 两个都不 adj. 两者都不的 pron. 两者都不
influence,n. 影响 v. 影响
Sunday,n. 星期日
delicious,adj. 美味的
skate,v. 滑冰 n. 溜冰
golden,adj. 金色的，黄金般的 n. (Golden)人名
excuse,n. 借口 v. 原谅
lonely,adj. 寂寞的 n. 孤独者
silent,adj. 沉默的 n. 无声电影
grandson,n. 孙子
welcome,adj. 受欢迎的 n. 欢迎 v. 欢迎 int. 欢迎
India,n. 印度（南亚国家）
tomato,n. 番茄，西红柿
kite,n. 风筝 v. 使用空头支票
foreigner,n. 外地人，外国人
socks,n. 袜子（sock的复数）
those,adj. 那些的 pron. 那些（that的复数）
website,n. 网站（全球资讯网的主机站）
besides,adv. 此外 prep. 除…之外
eight,num. 八 adj. 八的 n. 八字形
seventy,n. 七十 adj. 七十的 num. 七十
themselves,pron. 他们自己
sleepy,adj. 欲睡的
sixteen,adj. 十六的，十六个的 num. 十六
pancake,n. 薄烤饼 vi. 平坠着陆 vt. 使平坠著陆
granny,n. 奶奶
seldom,adv. 很少，不常
telephone,n. （美）电话 v. 打电话
everything,pron. 每件事物
instead,adv. 代替
grammar,n. 语法
perfect,adj. 完美的 v. 使完美 n. 完成式
especially,adv. 特别
physics,n. 物理学
heaven,n. 天堂
fifteen,n. 十五 adj. 十五的 num. 十五
bedroom,n. 卧室 adj. 两性关系的
tiger,n. 老虎
television,n. 电视，电视机
friendly,adj. 友好的 adv. 友善地 n. (Friendly)人名
railway,n. （英）铁路 vi. 乘火车旅行
helpful,adj. 有帮助的
European,adj. 欧洲的 n. 欧洲人
yellow,adj. 黄色的 n. 黄色 v. 使变黄或发黄
mirror,n. 镜子 v. 反射
courage,n. 勇气
doll,n. 洋娃娃 v. 把…打扮得花枝招展
elephant,n. 象
gentleman,n. 先生
upstairs,adv. 在楼上，向楼上 adj. 楼上的 n. 楼上
vacation,n. 假期 v. 休假，度假
fifty,n. 五十 adj. 五十的
seven,num. 七个，七 n. 七个，七 adj. 七的
fridge,n. 电冰箱
scarf,n. 围巾 v. 披嵌接
development,n. 发展
fantastic,adj. 奇异的 n. 古怪的人
terrible,adj. 可怕的 adv. 很，非常
magazine,n. 杂志
repair,v. 修理 n. 修理，修补
everybody,pron. 每个人
victory,n. 胜利
competition,n. 竞争
pocket,n. 口袋 v. 隐藏 adj. 小型的，袖珍的
September,n. 九月
minute,n. 分，分钟 v. 将…记录下来 adj. 微小的，详细的 [maɪˈnjuːt
improve,v. 改善，增进
international,n. 国际组织 adj. 国际的
expensive,adj. 昂贵的
chairman,n. 主席，会长
government,n. 政府
bamboo,n. 竹，竹子 vt. 为…装上篾条 adj. 竹制的
December,n. 十二月
potato,n. [作物] 土豆，[作物] 马铃薯
achieve,v. 取得
cooker,n. 炊具
notebook,n. 笔记本，笔记簿
agreement,n. 协议
China,n. 中国 adj. 中国的
prevent,v. 预防，防止
ancient,adj. 古代的 n. 古代人
handbag,n. 手提包
three,n. 三，三个 num. 三 adj. 三的，三个的
January,n. 一月
orange,adj. 橙色的 n. 橙
October,n. [天] 十月
hamburger,n. 汉堡包，火腿汉堡
introduce,v. 介绍
ruler,n. 尺
pardon,n. 原谅 v. 原谅
grandchild,n. 孙子
excite,v. 激起
CD,abbr. 光盘，激光唱片（Compact Disc）
suppose,v. 假设 conj. 假使…结果会怎样
mention,v. 提到，谈到 n. 提及，说起
motorcycle,n. 摩托车 v. 骑摩托车
rubber,n. 橡胶 adj. 橡胶制成的 v. 涂橡胶于
someone,pron. 有人，某人
primary,adj. 主要的 n. 原色
difference,n. 差异
whale,v. 猛揍 n. 鲸
grape,n. 葡萄
Indian,adj. 印度的 n. 印度人
communicate,v. 通讯，传达
I,pron. 我 n. 碘元素
teacher,n. 教师
American,n. 美国人，美洲人 adj. 美国的，美洲的
advertisement,n. 广告，宣传
lemonade,n. 柠檬水
somebody,n. 大人物 pron. 有人
experiment,v. 尝试 n. 实验，试验
passage,n. 一段（文章）
ache,v. 疼痛 n. 疼痛
fifth,adj. 第五的 n. 第五 num. 第五
library,n. 图书馆，藏书室
palace,n. 宫殿
western,adj. 西方的，西部的 n. 西方人
excellent,adj. 卓越的
bitter,adj. 苦的 n. 苦味 adv. 激烈地 v. 使变苦
mountain,n. 山
third,num. 第三 adj. 第三的
playground,n. 运动场，操场
thread,n. 线 v. 穿过
recorder,n. 录音机
eighteen,n. 十八，十八个 adj. 十八个的，十八的 num. 十八
recite,v. 背诵
cloudy,adj. 多云的
background,n. 背景 v. 作…的背景 adj. 背景的
sentence,n. [语][计] 句子，命题 v. 判决，宣判
trousers,n. 裤子，长裤
dangerous,adj. 危险的
kilometer,n. [计量] 公里
Asia,n. 亚洲
temperature,n. 温度
chopsticks,n. 筷子
conference,n. 会议 vi. 举行或参加（系列）会议
praise,n. 赞扬 v. 赞美，歌颂
abroad,adv. 在国外 adj. 往国外的 n. 海外
aloud,adv. 大声地
eleven,n. 十一 adj. 十一的 num. 十一
boring,adj. 无聊的 n. 钻孔 v. 钻孔
cruel,adj. 残酷的，残忍的
nervous,adj. 神经的
Australia,n. 澳大利亚，澳洲
training,n. 训练 v. 训练
clone,n. 克隆 v. 无性繁殖，复制
sixty,num. 六十
exercise,n. 运动 v. 锻炼
village,n. 村庄
sweater,n. 毛线衣，运动衫
Thursday,n. 星期四
intention,n. 意图
mend,v. 修理，修补 n. 好转，改进
speaker,n. 演讲者
medicine,n. 药 v. 用药物治疗
soldier,n. 军人 v. 当兵
picnic,n. 野餐 v. 去野餐
Australian,adj. 澳大利亚的，澳大利亚人的 n. 澳大利亚人
tenth,num. 第十 adj. 十分之一的
invent,v. 发明
pacific,adj. 和平的 n. 太平洋
passport,n. 护照，通行证
London,n. 伦敦
cancel,v.  取消， 废除
fifty,num.  五十
England,n.  英格兰， 英国
pollution,n.  污染
pretend,v.  假装， 佯作
these,pron.  这些
postman,n.  邮递员
rabbit,n.  兔子
mystery,n.  秘密， 神秘的事物
yourselves,pron.  你们自己
lion,n.  狮子
eleven,num.  十一
newspaper,n.  报纸
eraser,n.  橡皮
achieve,v.  实现， 完成
anybody,pron.  任何人
yellow,adj. 黄的 n.  黄色
I,pron.  我
connect,v.  连接， 衔接
a,article. 一，一个〔用于未曾提及或对方不知道的人或物的名称前〕
address,n.  地址
nineteen,num.  十九， 十九个
straight,adj.  直的， 笔直的
ninety,num.  九十， 九十个
photograph,v.  拍照 n. 照片，相片
fifth,num. 第五 n.  五分之一
information,n.  信息， 资料
correct,adj. 正确的，对的 v.  改正， 纠正
conversation,n.  交谈， 谈话
European,adj. 欧洲的，欧洲人的 n.  欧洲人
strange,adj.  奇怪的， 奇异的
toast,v.  烘， 烤 n. 烤面包，吐司
frustrate,v.  使沮丧， 使灰心
creature,n.  生物， 动物， 人
outgoing,adj.  外出的， 离开的
instrument,n.  乐器
medium,adj. 中等的 n.  媒介， 工具
pear,n.  梨
treasure,v.  珍爱， 珍视 n. 财宝，珍品
airline,n.  航空公司
November,n.  十一月
umbrella,n.  伞， 雨伞
perform,v.  做， 履行， 完成
concentrate,v. 全神贯注，全力以赴 n.  浓缩物， 浓缩液
suitable,adj.  适当的， 相配的
magazine,n.  杂志， 期刊
pocket,v. 把…装入口袋 adj.  袖珍的， 小型的 n. 衣袋，口袋
pioneer,v.  开拓， 开创 n. 先驱者，倡导者
experiment,v.  进行试验， 做实验 n. 实验，试验
bulb,n.  植物的球茎
understand,v.  [understood-understood] 理解， 懂
dismiss,v.  不予考虑， 不接受
picnic,"v.  [picnicked-picnicked, picnicking] 去野餐 n. 野餐"
heaven,n. 天堂，
alright,adv.  好， 好吧
loving,adj.  爱的
unhappy,adj.  不快乐的
million,num. 百万
volleyball,n.  排球
southeast,adv. 向东南 adj.  东南方的， 东南部的， 来自东南的 n. 东南，东南
hundred,n. 百，一百个
queen,n.  女王， 王后
conjunction,n.  联合
documentary,adj. 文件的，文献的 n.  纪录片
peel,v. 削…的皮，剥…的壳 n.  皮
rose,n.  玫瑰， 蔷薇
thousand,num. 一千，一千个
manner,n. 方式，方法
charity,n.  慈善， 施舍
traffic,v.  交易 n. 流动的车辆或行人，交通
plenty,n.  丰富， 充足， 大量
tutor,v.  辅导 n. 导师
girlfriend,n.  女朋友
thirsty,adj.  口渴的
improve,v.  改进， 改善
university,n.  大学
teacher,n.  教师
twentieth,num. 第二十 n.  二十分之一
department,n.  部， 局， 处， 科
exhibition,n.  展览
English,adj.  英语的 n. 英语
lamb,n.  羔羊， 小羊
fantastic,adj.  极好的， 极出色的
unfamiliar,adj.  不熟悉的
spoken,adj.  口头的， 口语的
concert,n.  音乐会， 演奏会
discussion,n.  讨论， 谈论
unimportant,adj.  不重要的， 琐碎的
recycle,v.  回收利用， 再应用
welcome,v. 迎接，欢迎〔刚到达的人〕 adj. 〔某人〕受欢迎的 n. 欢迎，迎接 interjection. 欢迎〔用于对刚刚到达的人表示欢迎〕
Africa,n.  非洲
opposite,adj. 对面的，对立的，相反的 n.  对立面
bamboo,n.  竹， 竹子
difference,n.  差别， 差异
offend,v.  冒犯， 得罪
thirty,num.  三十， 三十个
polite,adj.  有礼貌的， 客气的
entertainment,n.  娱乐
battery,n.  电池， 蓄电池
accident,n.  意外遭遇， 事故
excuse,v.  原谅， 宽恕
kitchen,n.  厨房
latest,adj.  最近的
tragedy,n.  惨事， 灾难
purple,n&adj.  紫色
fashion,n.  流行款式， 时兴式样
friendship,n.  友谊， 友好
fridge,n.  电冰箱
anymore,adv.  再， 更， 还
unable,adj.  不能的， 不会的
avenue,n.  林荫道
eastern,adj.  东方的， 东部的
chess,n.  国际象棋， 棋
marathon,n.  马拉松长跑
jacket,n.  短上衣， 夹克
uncomfortable,adj.  不舒服的
district,n.  地区， 区域
scientist,n.  科学家
impossible,adj.  不可能的， 办不到的
schoolwork,n.  学校作业， 课堂作业
furry,adj.  毛皮的， 盖着毛皮的
teen,adj.  青少年的 n. 少年男女，青少年
engineer,n.  工程师， 机械师
supper,n.  晚餐
lifestyle,n.  生活方式
cabbage,n.  卷心菜， 洋白菜
three,num.  三， 三个
specifically,adv.  明确地， 特定地， 具体地
lonely,adj.  孤独的， 寂寞的
gallery,n.  画廊， 美术馆
destroy,v.  破坏， 毁灭
creative,adj.  创造性的， 具有创造力的
passenger,n.  乘客， 旅客
primary,adj.  最初的， 最早的
alien,adj. 外国的 n.  外国人
tourist,n.  旅游者， 观光者
wealth,n.  财富， 财产
wallet,n.  皮夹子
doll,n.  玩偶， 玩具娃娃
centre,v.  集中于 n. 圆心，正中
tennis,n.  网球
fetch,v.  拿来
fiction,n.  小说
sixteenth,num. 第十六 n.  十六分之一
stomach,v.  承受， 忍受 n. 胃，胃口
appointment,n.  约会
experience,v.  经历， 体验， 感受 n. 经历，阅历
worldwide,adv.  在世界各地， 在全世界 adj. 世界范围的，全世界的
eighty,num.  八十
housework,n.  家务劳动
particular,adj.  特定的， 某一的
August,n.  八月
percent,adj.  百分之… n. 百分比，百分率
thirteen,num.  十三， 十三个
sixteen,num.  十六， 十六个
eighth,num. 第八 n.  八分之一
someone,pron.  有人， 某人
third,num. 第三 n.  三分之一
schoolbag,n.  书包
chopsticks,n.  筷子
casually,adv.  偶然地
railway,n.  铁道， 铁路
strict,adj.  严格的， 严厉的
modest,adj.  谦虚的， 谨慎的
sofa,n.  沙发
festival,n.  节， 节日， 喜庆日
opportunity,n.  机会， 良机
pancake,n.  薄煎饼， 烙饼
population,n.  人口
Monday,n.  星期一
relative,adj. 相对的 n.  亲属， 亲戚
attitude,n.  态度
mirror,v.  反映 n. 镜子
compare,n&v.  比较
October,n.  十月
junk,v.  丢弃， 废弃 n. 废旧物品，破烂
waiter,n.  侍者， 服务员
purse,n.  钱包
spotlight,v.  用聚光灯照 n. 聚光灯
quarter,n. 四分之一
promise,v. 允诺，答应 n.  承诺， 诺言
passport,n.  护照
lookout,n.  警戒， 监视
possibly,adv.  大概， 也许
planet,n.  行星
count,v.  点…的数目， 计算
misleading,adj.  令人误解的， 导致错误结论的
importance,n.  重要
hometown,adj.  家乡的 n. 家乡
custom,n. 习惯，风俗
permission,n.  许可， 允许
adverb,n.  副词
thirteenth,num. 第十三 n.  十三分之一
December,n.  十二月
balance,v.  使平衡， 使均衡 n. 天平，称
cookie,n.  饼干
Canada,n.  加拿大
afford,v.  买得起， 负担得起
underground,adj. 地下的 n.  〈英〉地铁
baseball,n.  棒球
thief,n.  贼， 小偷
embarrassed,adj.  尴尬的， 为难的
unpleasant,adj.  使人不愉快的， 厌恶的
eight,num.  八
mention,n&v.  提及， 说起
barbecue,v.  在烤架上烧烤 n. 烧烤野餐
stream,v.  流， 涌 n. 小河，溪流
illness,n.  病， 疾病
twenty,num.  二十， 二十个
cigarette,n.  香烟
positive,adj.  积极的， 正面的
machine,n.  机器， 机械
evening,n.  傍晚， 晚上
mend,v.  修理， 修补
instance,n.  例子， 实例， 事例
opera,n.  歌剧
thrill,n.  兴奋， 激动
solution,n.  解决， 解答， 解决办法
international,adj.  国际的， 世界的
terrible,adj.  极度的， 厉害的
combine,v. 联合，结合 n.  联合企业
turtle,n.  海龟
comedy,n.  喜剧， 喜剧性
pleasant,adj.  舒适的
equipment,n.  装备， 配备
dentist,n.  牙科医生
trash,n.  垃圾， 废物
convenient,adj.  方便的， 便利的
background,n.  出身背景， 经历
handsome,adj.  漂亮的， 英俊的
dangerous,adj.  危险的， 不安全的
native,adj. 出生地的 n.  土生土长者， 本国人
nervous,adj.  神经紧张的， 情绪不安的
microwave,n.  微波
structure,v.  构造， 建造 n. 结构，构造
outdoor,adv.  在户外， 在野外 adj. 户外的，野外的
orange,adj.  橙色的 n. 橙，柑，橘
online,adj.  在线的
writer,n.  作者， 作家
weekday,n.  平常日， 工作日
theatre,n.  戏院， 剧场
meaning,n.  意思， 含义
Brazilian,adj.  巴西的 n. 巴西人
height,n.  高， 高度
invent,v.  发明， 创造
wonderful,adj.  极好的
tiger,n.  虎
labor,n.  劳动
shower,v.  洗淋浴 n. 淋浴
examine,v.  检查
association,n.  协会， 联盟， 社团
cute,adj.  漂亮的， 娇小可爱的
temperature,n.  温度
wolf,n.  狼
transportation,n.  运输， 运输系统
everyday,adj.  每天的
progress,v.  前进， 行进
Australia,n.  澳大利亚
seven,num.  七， 七个
whenever,conj.  无论何时， 随时
suitcase,n.  手提箱， 衣箱
hunger,v.  渴望， 渴望得到 n. 饿，饥饿
laboratory,n.  实验室， 研究室
vegetable,adj.  蔬菜的 n. 蔬菜
Russia,n.  俄国， 俄罗斯
common,adj.  共同的
China,n.  中国
themselves,pron.  他们自己
comment,v.  评论 n. 评论，意见
relation,n.  关系， 关联
elevator,n.  电梯
calculator,n.  计算器
biology,n.  生物学
toward,prep.  向， 朝， 面对
math,n.  数学
monkey,n.  猴子
favorite,adj.  特别喜爱的 n. 特别喜欢的人或事物
ourselves,pron.  我们自己
foreign,adj.  外国的， 外国产的
uniform,adj.  相同的， 一致的 n. 制服
indoors,adv.  在屋内， 在室内
homework,n.  家庭作业， 课后作业
opinion,n.  意见， 主张
comma,n.  逗号
soldier,n.  士兵， 军人
perfect,adj.  完美的， 无瑕的
basketball,n.  篮球
frog,n.  蛙
theater,n.  戏院， 剧场
discover,v.  发现， 发觉
Japan,n.  日本
excite,v.  使兴奋
pond,n.  池塘
repair,v.  修理， 修补 n. 修理，修补
scientific,adj.  科学的， 科学上的
elder,adj. 年龄较大的，年长的
terrorist,n.  恐怖主义者
attendant,adj.  伴随的， 随之而产生的 n. 服务人员，侍者
February,n.  二月
advantage,n.  优点， 好处， 优势
assistant,adj.  助理的， 辅助的 n. 助手
instead,adv.  作为替代， 顶替
expensive,adj.  昂贵的， 花钱多的
dessert,n.  甜食， 甜点
carrot,n.  胡萝卜
bicycle,v.  骑自行车 n. 自行车
kangaroo,n.  袋鼠
resolution,n.  正式决定， 决议
absent,adj.  缺席的， 不在场的
educate,v.  教育
excellent,adj.  优秀的， 卓越的， 杰出的
lighting,n.  照明
airport,n.  机场
poster,n.  招贴， 海报， 广告
hobby,n.  业余爱好， 嗜好
southern,adj.  南方的， 南部的
throat,n.  咽喉， 嗓子
immediately,adv.  立即， 马上
pork,n.  猪肉
symphony,n.  交响乐， 交响曲
dollar,n.  美元
hungry,adj.  饥饿的， 感到饿的
French,n. 法国人
vocabulary,n.  词汇
retire,v.  退休， 退役
aggressive,adj.  侵犯的， 侵略的， 挑衅的
chemistry,n.  化学
unfriendly,adj.  不友好的， 冷漠的
fourteenth,num. 第十四 n.  十四分之一
photo,n.  照片
handbag,n.  手提包
thirtieth,num. 第三十 n.  三十分之一
communicate,v.  通信
duck,vi.  鸭子似的突然扎入水中 n. 鸭
cruel,adj.  残忍的， 残暴的
ninth,num. 第九 n.  九分之一
seventeenth,num. 第十七 n.  十七分之一
ache,v. 痛，疼痛 n.  疼痛
therefore,adv.  因此， 所以
exchange,v.  调换， n. 交换，互换
bored,adj.  无聊的， 无趣的
blackboard,n.  黑板
prevent,v.  阻止， 妨碍
behave,v.  表现
medal,n.  奖牌， 奖章
forty,num.  四十
mistake,n. 〔行为、看法、言辞等上的〕错误 v. 弄错，误解，误会
praise,v. 赞扬，表扬 n.  称赞， 赞美
environment,n.  周围状况， 环境
Asia,n.  亚洲
airplane,n.  飞机
pronounce,v.  发音
popcorn,n.  爆米花
punish,v.  惩罚， 处罚
seventy,num.  七十， 七十个
seventh,num. 第七 n.  七分之一
silver,v.  镀银 n. 银
singer,n.  歌手
confident,adj.  确信的， 肯定的
holiday,n.  假期， 假日
courage,n.  勇气， 胆量
encourage,v.  鼓励
potato,n. 马铃薯，土豆
restroom,n.  洗手间
polar,adj.  地极的， 近地极的
shark,n.  鲨鱼
chairman,n.  主席
honor,v.  尊敬 n. 尊敬，敬意
unhealthy,adj.  不健康的
insect,n.  昆虫， 虫
April,n.  四月
nearby,adv.  在附近 adj. 附近的
Sunday,n.  星期日
collect,v. 收集，采集 adj.  由对方付费的
pronoun,n.  代词
talented,adj.  有才能的， 有才干的
predict,v.  预言， 预测
saying,n.  话， 言语
France,n.  法国
raincoat,n.  雨衣
abroad,adv.  到国外 adj. 在国外
fifteen,num.  十五
pencil,n.  铅笔
specific,adj. 特定的，特有的
minute,n.  分， 分钟
super,adj.  极好的， 上等的
chore,n.  家庭杂务
semester,n.  学期
legend,n.  传说
anywhere,adv.  在什么地方， 在任何地方
professional,adj. 职业的 n.  专业人员
nineteenth,num. 第十九 n.  十九分之一
neighbor,n.  邻居
gentle,adj.  温柔的， 慈祥的
shoulder,v.  肩负， 承担 n. 肩
toilet,n.  厕所， 盥洗室
envelope,n.  信封
dictionary,n.  词典， 字典
turkey,n.  火鸡
tasty,adj. 美味的 n.  好吃的东西
helicopter,n.  直升机
advertisement,n.  广告， 公告
disabled,adj.  有残疾的
watermelon,n.  西瓜
furniture,n.  家具
donate,v.  捐赠， 赠送
helpful,adj.  有益的， 有用的
those,pron.  那些
might,verb. 可以〔用于礼貌地提出建议〕 n. 力量
telephone,v.  打电话 n. 电话
delicious,adj.  美味的
worse,adj. 更坏的 n. 更差[坏]的事物 adv. 更严重地
volunteer,v.  自愿 n. 志愿者，志愿兵
everywhere,adv.  到处， 各处， 无论何处
worst,adv&adj.  最坏， 最差， 最糟
clothing,n.  服装， 衣着
aloud,adv.  出声地， 大声地
Christmas,n.  圣诞节
string,n.  弦， 线， 细绳
September,n.  九月
distance,n.  距离， 间距
color,n. 颜色 vt.  给…着色
Mars,n.  火星
Tuesday,n.  星期二
introduce,v.  介绍
penny,n.  便士， 分
anxious,adj.  焦虑的， 发愁的， 令人焦急的
eighteen,num.  十八
comfortable,adj.  舒适的， 舒服的
jungle,n.  丛林， 密林
Yin,n.  阴
exercise,n.  锻炼， 运动
supermarket,n.  超市
madam,n.  女士， 夫人
kilo,n.  千克
seldom,adv.  很少， 不常
physics,n.  物理， 物理学
display,n&v.  陈列， 展览
porridge,n.  粥， 麦片粥
criticize,v.  批评
autograph,v.  签名 n. 亲笔签名
eleventh,num.  第十一
influence,v.  影响， 感化 n. 影响，影响力
whale,n.  鲸
talent,n.  天资， 才能
violin,n.  小提琴
phrase,v.  用语言表达， 叙述 n. 短语，词组，用语
yoghurt,n.  酸奶， 酵母乳
elementary,adj.  基本的， 基础的
skate,v.  溜冰， 滑冰 n. 冰鞋
forbid,v.  [forbade-forbidden] 不许， 禁止
dialogue,n.  对话
America,n.  美国
soccer,n.  足球
original,adj. 最初的，原始的 n.  原件
album,n.  粘贴簿
electric,adj.  电动的， 电的
sandwich,v.  把…做成三明治 n. 三明治，夹肉面包
afternoon,n.  下午， 午后
shiny,adj.  光亮的， 有光泽的
headache,n.  头痛
oneself,pron.  自己， 自身
stupid,adj.  愚蠢的， 迟钝的
hamburger,n.  汉堡包
robot,n.  机器人
honest,adj.  诚实的， 正直的
cinema,n.  电影院
rubbish,n.  垃圾， 废物
surf,v.  冲浪 n. 拍岸浪花
plastic,adj. 塑料的
mysterious,adj.  神秘的， 难以理解的
Atlantic,adj. 大西洋的 n.  大西洋
homeland,n.  祖国， 家乡
maths,n.  数学
tomato,n. 番茄，西红柿
sixth,num. 第六 n.  六分之一
servant,n.  仆人
sudden,adj. 突然的，意外的 n.  突然发生的事
popularity,n.  普及
mountain,n. 山
wheat,n.  小麦
sixty,num.  六十， 六十个
outstanding,adj.  杰出的
escalator,n.  〈美〉自动扶梯
medicine,n.  内服药
partner,v.  做…的搭档 n. 配偶，搭档
Thursday,n.  星期四
kilometer,n.  千米
spider,n.  蜘蛛
kite,n.  风筝
interview,v.  面试 n. 接见，会见
beauty,n.  美， 美丽
scarf,n.  围巾
humorous,adj.  幽默的， 诙谐的
Friday,n.  星期五
scary,adj.  恐怖的， 吓人的
disadvantage,n.  缺点， 不利条件
complain,v.  抱怨， 诉苦
fourteen,num.  十四
western,adj.  西方的， 西部的
refrigerator,n.  电冰箱
elephant,n.  象
trouble,n.  麻烦， 苦恼， 困难
football,n.  足球
neither,adv.  也不 pron. 两者都不
beside,prep.  在…旁边
costume,n.  戏装
bathroom,n.  浴室
sentence,v.  宣判， 判决 n. 句子
hallway,n.  走廊， 回廊
surface,v.  浮出水面 n. 表面，面
tomorrow,adv. 明天 n.  明天
verb,n.  动词
somebody,pron. 某人，有人 n.  重要人物
India,n.  印度
traditional,adj.  传统的， 惯例的
parrot,n.  鹦鹉
weekend,adj.  周末的 n. 周末
noodle,n.  面条
library,n.  图书馆， 藏书室
everything,pron.  每件事， 一切
restaurant,n.  餐馆， 饭店
cupboard,n.  柜橱
instruction,n.  命令， 指示
discovery,n.  发现， 发觉
theirs,pron.  他们的
cotton,n.  棉， 棉花
northern,adj.  北方的， 北部的
Europe,n.  欧洲
meter,n.  米， 公尺
infinitive,n.  原形
license,n. 许可，执照 vt.  准许
Wednesday,n.  星期三
prediction,n.  预言
tense,adj. 紧张的 v. 拉紧，绷紧 n.  时态
tenth,num. 第十 n.  十分之一
recipe,n.  烹饪法， 食谱
upstairs,adv. 在楼上，往楼上 adj. 楼上的 n.  楼上
zebra,n.  斑马
homeless,adj.  无家的， 无家可归的
Paris,n.  巴黎
rocket,v.  迅速上升 n. 火箭
somewhere,adv.  在某处， 到某处
injure,v.  伤害， 损害， 损伤
Saturday,n.  星期六
freeze,v. （使）结冰，（使）冻结 n. 〔价格、工资等的〕冻结
province,n.  省
clever,adj.  聪明的， 机灵的
bookcase,n.  书柜， 书架
January,n.  一月
pleasure,n.  高兴， 愉快
ancient,adj.  古代的， 古老的
zigzag,adj. “之”字形的 v.  弯弯曲曲行进 n. “之”字形
twelve,num.  十二， 十二个
London,n.  伦敦
underwater,adv.  在水下， 在水中 adj. 水下的
singular,adj.  单数的
autumn,n.  秋， 秋季
conference,n.  会议
dormitory,n.  宿舍
recite,v.  背诵， 朗诵
eighteenth,num.  第十八
secretary,n.  秘书
disturb,v.  弄乱， 打乱
pierce,v.  刺穿， 刺破， 穿透
teenager,n.  十几岁的青少年
calendar,n.  日历， 月历
dumpling,n.  饺子
silent,adj.  寂静的
garage,n.  车库
slipper,v.  用拖鞋打 n. 拖鞋
subway,n.  地铁
fourth,num. 第四 n.  四分之一
symbol,n.  符号， 标志
separate,v.  使分离， 使分开
dislike,n&v.  不喜欢， 讨厌
express,adv.  用快递方式 v. 表示，表达 adj. 特快的，直达的
ruler,n.  统治者， 支配者
amazing,adj.  令人惊异的
postcard,n.  明信片
fifteenth,num. 第十五 n.  十五分之一
unusual,adj.  不平常的， 少有的
necessary,adj. 必要的，必需的 n.  必需品
especially,adv.  特别， 尤其， 格外
Internet,n.  互联网， 因特网
Yang,n.  阳
cola,n.  可乐饮料
honey,n.  蜜， 蜂蜜
succeed,v.  成功
specially,adv.  特意地， 专门地
accessory,n.  附件， 零件， 配件
gentleman,n.  有教养的人， 彬彬有礼的人
shampoo,n. 洗发剂 vt.  用洗发剂洗头
yogurt,n.  酸奶， 酵母乳
competition,n.  竞争
weather,n.  天气， 气候， 气象
asleep,adj.  睡着的， 睡熟的
seventeen,num.  十七， 十七个
scared,adj.  惊恐的， 恐惧的
musician,n.  音乐家， 乐师
overseas,adv. 在海外，在国外 adj.  海外的， 国外的，
impress,v.  给…深刻印象， 使铭记
noon,n.  正午， 中午
feature,n. 特征，特色
regular,adj.  规则的
emotion,n.  感情
etiquette,n.  礼节， 礼仪
Chinese,adj.  中国的 n. 中国人
queue,v.  排队 n. 行列
impolite,adj.  不礼貌的， 粗鲁的
panda,n.  熊猫
passage,n.  段落， 章节
sausage,n.  香肠， 腊肠
translate,v.  翻译
negative,adj. 否定的 n.  底片
realistic,adj.  现实的
twelfth,num. 第十二 n.  十二分之一
monster,adj.  巨大的， 庞大的 n. 怪物
sunny,adj.  阳光充足的
notebook,n.  笔记本
earthquake,n.  地震
everybody,pron.  每人， 人人， 各人
purpose,n.  目的， 意图
regret,"n&v.  [regretted-regretted, regretting] 懊悔"
organize,v.  组织， 安排
marriage,n.  结婚， 婚姻， 婚礼
disappointing,adj.  令人失望的， 令人扫兴的
village,n.  乡村， 村庄
balloon,n.  气球
satisfy,v.  满足， 满意
clothes,n.  衣服， 服装
challenge,v.  向…挑战 n. 挑战，艰巨任务
beddings,n. 寝具 adj. 适于花坛种植的 vt. 把…栽入苗床（bed的ing形式） vi. 睡（bed的ing形式）
preference,n. 偏爱，倾向
beneath,prep. 在…之下 adv. 在下方
currency,n. 货币
warmth,n. 温暖
rewrite,v. 改写 n. 重写或改写的文稿
happily,adv. 快乐地
changeable,adj. 无常的
simplify,v. 简化
statesman,n. 政治家
framework,n. 框架，骨架
superior,adj. 上级的 n. 上级，长官
urgent,adj. 紧急的
foresee,v. 预见
compass,n. 指南针，罗盘 v. 包围
revision,n. [印刷] 修正
hive,v. 群居 n. 蜂房，蜂巢
contradict,v. 反驳
persuade,v. 说服，劝说 adj. 空闲的，有闲的
mental,adj. 精神的 n. 精神病患者
hawk,v. 兜售，沿街叫卖 n. 鹰
bedclothes,n. 床上用品
surround,v. 围绕 n. 围绕物 adj. 环绕立体声的
humour,n. 幽默（等于humor） v. 迁就
hostess,n. 女主人，女老板
leading,adj. 领导的 n. 领导 v. 领导（lead的ing形式）
typewriter,n. 打字机
luggage,n. 行李
powder,n. 粉 v. 使成粉末
steward,n. 管家 vi. 当服务员 vt. 管理
suspension,n. 悬浮
Italian,adj. 意大利的 n. 意大利人
sunlight,n. 日光
distribute,v. 分配
straw,n. 稻草 adj. 稻草的
bookstore,n. 书店（等于bookshop）
hardship,n. 困苦
postpone,v. 使…延期
physicist,n. 物理学家
lantern,n. 灯笼
panic,n. 恐慌，惊慌 adj. 恐慌的 v. 使恐慌
disappear,v. 消失
downtown,adv. 往闹市区 adj. 市中心的 n. 市中心区
amuse,v. 娱乐
criterion,n. （批评判断的）标准
shuttle,n. 航天飞机 v. 使穿梭般来回移动
publish,v. 出版
viewer,n. 观察者
being,n. 存在 adj. 存在的
anxiety,n. 焦虑
terrify,v. 恐吓
disappoint,v. 使失望
explode,v. 爆炸，爆发
salary,vt. 给加薪 n. 薪水
cyclist,n. 骑自行车的人
dignity,n. 尊严
fragile,adj. 脆的
comrade,n. 同志
worn,adj. 疲倦的 v. 穿 n. (Worn)人名
pleased,adj. 高兴的 v. 满意
ouch,n. 扣环 int. 哎哟（突然疼痛时发出的声音）
carpenter,n. 木匠，木工 v. 当木匠，做木匠工作
caption,n. 标题 v. 加上说明
civilian,adj. 民用的 n. 平民，百姓
wildlife,n. 野生动植物 adj. 野生动植物的
harmless,adj. 无害的
foggy,adj. 有雾的
semicircle,n. 半圆，半圆形
memorial,n. 纪念碑，纪念馆 adj. 记忆的
envy,n. 嫉妒，妒忌 v. 嫉妒，妒忌
grasp,n. 抓住 v. 抓住
appearance,n. 外貌，外观
garment,n. 衣服，服装 v. 给…穿衣服
minus,prep. 减，减去 n. 负号，减号 adj. 减的
broom,n. 扫帚 v. 扫除
shabby,adj. 破旧的
glory,n. 光荣，荣誉 v. 自豪，骄傲
liberation,n. 释放，解放
generous,adj. 慷慨的，大方的
desperate,adj. 不顾一切的
steak,n. 牛排
British,adj. 英国的 n. 英国人
sailor,n. 水手，海员
postage,n. 邮资，邮费
mommy,n. 妈咪
theft,n. 盗窃
bathe,v. 沐浴 n. 洗澡
beancurd,n. 豆腐
washroom,n. 洗手间
whichever,pron. 任何一个 adj. 无论哪个
leftover,n. 残留物 adj. 残余的
catholic,adj. 天主教的 n. 天主教徒
jeep,n. 吉普车
ample,adj. 丰富的 n. (Ample)人名
typist,n. 打字员，打字者
stadium,n. 体育场
substitute,n. 代用品 v. 替代
carve,v. 雕刻 n. (Carve)人名
electrical,adj. 有关电的
yell,v. 大叫，叫喊 n. 喊声，叫声
resign,v. 辞职 n. 辞去职务
percentage,n. 百分比
stout,adj. 结实的 n. 矮胖子
discourage,v. 阻止
visual,adj. 视觉的，视力的
needle,n. 针 v. 缝纫
arithmetic,n. 算术，算法
attain,v. 达到，实现 n. 成就
Greek,n. 希腊语 adj. 希腊的
eventually,adv. 最后，终于
fortune,n. 财富 vt. 给予财富 vi. 偶然发生
liberate,v. 解放
librarian,n. 图书馆员
suspect,n. 嫌疑犯 adj. 可疑的 v. 怀疑
discount,n. 折扣 v. 贴现
leather,n. 皮革 v. 用皮革包盖 adj. 皮的
correction,n. 改正，修正
pension,n. 退休金，抚恤金 v. 发给养老金或抚恤金
deposit,n. 存款 v. 使沉积
Mexican,adj. 墨西哥的 n. 墨西哥人
modem,n. 调制解调器（等于modulator-demodulator）
contrary,adj. 相反的 adv. 相反地 n. 相反
purchase,n. 购买 v. 购买
Ireland,n. 爱尔兰
organiser,n. 组织者
chef,n. 厨师，大师傅
roller,n. [机] 滚筒
appoint,v. 任命
favour,n. 偏爱 v. 赞成
Arctic,adj. 北极的 n. 北极圈
pulse,n. [电子] 脉冲 v. 使跳动
funeral,n. 葬礼 adj. 丧葬的，出殡的
compete,v. 竞争
gallon,n. 加仑（容量单位）
conduct,v. 导电 n. 进行
abrupt,adj. 生硬的
solar,adj. 太阳的 n. 日光浴室
emergency,n. 紧急情况 adj. 紧急的
abandon,n. 放任 v. 遗弃
document,n. 文件，公文 v. 用文件证明
nutrition,n. 营养，营养学
worthwhile,adj. 值得做的，值得花时间的
quilt,n. 被子 v. 东拼西凑地编
tease,v. 取笑 n. 戏弄
parallel,n. 平行线 v. 使…与…平行 adj. 平行的
evident,adj. 明显的
snack,n. 小吃，快餐 v. 吃快餐，吃点心
following,adj. 下面的 n. 下列事物 v. 跟随
seashell,n. 海贝，贝壳
explore,v. 探索
Swiss,adj. 瑞士的 n. 瑞士人
microscope,n. 显微镜
monument,n. 纪念碑 vt. 为…树碑
personally,adv. 亲自地
directory,n. [计] 目录 adj. 指导的
warehouse,n. 仓库 v. 储入仓库
freeway,n. 高速公路
digital,adj. 数字的 n. 数字
random,adj. [数] 随机的 n. 随意 adv. 胡乱地
maximum,n. [数] 极大，最大限度 adj. 最高的
abolish,v. 废除，废止
constant,adj. 不变的 n. [数] 常数
guilty,adj. 有罪的
tension,n. 张力，拉力 vt. 使紧张
founding,adj. 创办的 v. [机] 铸造 n. [机] 铸造
saucer,n. 茶托，浅碟
literature,n. 文学
meanwhile,adv. 同时，其间 n. 其间，其时
ridiculous,adj. 可笑的
packet,n. 数据包，信息包 vt. 包装，打包
failure,n. 失败
apartment,n. 公寓
conscience,n. 道德心，良心
running,n. 运转 adj. 连续的 v. 跑
appendix,n. 附录
frighten,v. 使惊吓
unsafe,adj. 不安全的
gown,n. 长袍，长外衣 v. 使穿睡衣
outward,adj. 向外的 adv. 向外（等于outwards） n. 外表
exploit,v. 开发，开拓 n. 勋绩
untrue,adj. 不真实的
reading,n. 阅读，朗读 adj. 阅读的 v. 阅读（read的ing形式）
interval,n. 间隔
Scottish,adj. 苏格兰的 n. 苏格兰人
deadline,n. 截止期限，最后期限
stove,n. 火炉 vt. 用火炉烤
ripen,v. 使成熟
northeast,adj. 东北的 n. 东北 adv. 向东北
insurance,n. 保险
messy,adj. 凌乱的，散乱的
teapot,n. 茶壶
canteen,n. 食堂，小卖部
fairness,n. 公平
behalf,n. 代表
govern,v. 管理 n. (Govern)人名
dawn,n. 黎明 v. 破晓
diverse,adj. 不同的
skateboard,n. 溜冰板 v. 用滑板滑行
appreciate,v. 欣赏
diamond,n. 钻石，金刚石 adj. 菱形的
aircraft,n. 飞机，航空器
curtain,n. 幕 v. 遮蔽
Scotland,n. 苏格兰
arch,n. 弓形，拱形 adj. 主要的 v. 使…弯成弓形
breast,n. 乳房，胸部 v. 以胸对着
sleeve,n. [机] 套筒，[机] 套管 vt. 给……装袖子
mentally,adv. 精神上，智力上
tick,v. 标记号于 n. 滴答声
drawing,n. 图画 v. 绘画
systematic,adj. 系统的
barber,v. 为…理发 n. 理发师
production,n. 成果
liquid,adj. 液体的 n. 液体，流体
neighbour,n. n邻居;同胞 v. 邻接 adj. 邻居的
potential,n. 潜能 adj. 潜在的
diagram,n. 图表 v. 用图解法表示
distant,adj. 遥远的
function,n. 功能 v. 运行
classify,v. 分类
explicit,adj. 明确的
lightning,adj. 闪电的 n. 闪电 vi. 闪电
wooden,adj. 木制的
accessible,adj. 易接近的
passive,adj. 被动的，消极的 n. 被动语态
ought,aux. 应该，应当 vi. 应该，应当
transform,v. 改变，使…变形
kilometre,n. [计量] 公里
ambassador,n. 大使
billion,n. 十亿 num. 十亿 adj. 十亿的
summary,adj. 简易的 n. 概要，摘要，总结
Moslem,adj. 穆斯林的 n. 穆斯林
precise,adj. 精确的
Canadian,adj. 加拿大（人）的 n. 加拿大人
properly,adv. 适当地
absolute,adj. 绝对的 n. 绝对
adore,v. 崇拜 n. (Adore)人名
starvation,n. 饿死
handful,n. 少数
republic,n. 共和国
drown,v. 淹没 n. (Drown)人名
catalogue,n. 目录 v. 把…编入目录
cube,n. 立方 v. 使成立方形
wrinkle,n. 皱纹 v. 起皱
bookshop,n. 书店
highway,n. 公路，大路
sickness,n. 疾病
spiritual,n. 圣歌（尤指美国南部黑人的） adj. 精神的，心灵的
boycott,v. 联合抵制 n. 联合抵制
harmony,n. 协调
frost,v. 结霜于 n. 霜
helmet,n. 钢盔，头盔
seaside,n. 海边 adj. 海边的
housewife,n. 家庭主妇
ownership,n. 所有权
fluent,adj. 流畅的，流利的
howl,v. 咆哮 n. 嗥叫
settler,n. 移居者
unwilling,adj. 不愿意的
bridegroom,n. 新郎
favourite,adj. 特别受喜爱的 n. 特别喜爱的人（或物）
academic,adj. 学术的 n. 大学生，大学教师
rainbow,n. 彩虹 adj. 五彩缤纷的 vt. 使呈彩虹状 vi. 呈彩虹状
spaceship,n. [航] 宇宙飞船
deed,n. 行动 vt. 立契转让
grandma,n. 奶奶
physician,n. [医] 医师
hillside,n. 山坡，山腹
Britain,n. 英国
mourn,v. 哀悼
sacred,adj. 神的
means,n. 手段 v. 意思是
marble,n. 大理石 adj. 大理石的
ferry,n. 渡船 v. （乘渡船）渡过
extreme,adj. 极端的 n. 极端
merchant,n. 商人，批发商 adj. 商业的，商人的
jewelry,n. 珠宝
forever,adv. 永远
selfish,adj. 自私的
athlete,n. 运动员，体育家
worm,n. 虫，蠕虫 v. 使蠕动
shopkeeper,n. 店主，老板
wedding,n. 婚礼，婚宴 v. 与…结婚（wed的ing形式）
classical,adj. 古典的 n. 古典音乐
surplus,n. 剩余 adj. 剩余的
woollen,adj. 羊毛制的 n. 毛织品
fibre,n. 纤维
tasteless,adj. 无味的
sensitive,adj. 敏感的 n. 敏感的人
junior,adj. 年少的 n. 年少者，晚辈
translator,n. 译者
adventure,n. 冒险 v. 冒险
devote,v. 致力于
component,adj. 组成的，构成的 n. 成分
generation,n. 一代
minority,n. 少数民族 adj. 少数的
actress,n. 女演员
adequate,adj. 充足的
birthplace,n. 出生地
cordless,n. 不用电线的 adj. 无线的（副词cordlessly）
redirect,v. 使改方向 adj. 再直接的 n. 再直接询问
niece,n. 外甥女，侄女
mainland,n. 大陆 adj. 大陆的
chaos,n. 混沌，混乱
personnel,n. 人事部门 adj. 人员的
collar,n. 衣领 v. 抓住
nuclear,adj. 原子能的
select,v. 挑选 adj. 精选的 n. 被挑选者
thunder,n. 雷 v. 打雷
ancestor,n. 始祖，祖先
majority,n. 多数
sunrise,n. 日出
alike,adj. 相似的 adv. 以同样的方式
compulsory,adj. 义务的 n. （花样滑冰、竞技体操等的）规定动作
Tibet,n. 西藏（中国一自治区）
superman,n. 超人，能力非凡的
tractor,n. 拖拉机
firewood,n. 柴火
Iceland,n. 冰岛（欧洲岛名，在大西洋北部，近北极圈）
ecology,n. 生态学
religion,n. 宗教
gravity,n. 重力，地心引力
precious,adj. 宝贵的 n. (Precious)人名
overlook,v. 忽略 n. 忽视
Mosquito,n. 蚊子
wander,v. 徘徊 n. (Wander)人名
tentative,adj. 试验性的，暂定的 n. 假设，试验
shore,v. 支撑，使稳住 n. 海滨
thankful,adj. 感谢的
awesome,adj. 令人敬畏的
decorate,v. 装饰
judgement,n. 意见
assessment,n. 评定
eagle,n. 鹰
customer,n. 顾客
evaluate,v. 评价
switch,v. 转换 n. 开关
pyramid,n. 金字塔 v. 渐增
tablet,n. 碑 vt. 用碑牌纪念
mineral,n. 矿物 adj. 矿物的
dinosaur,n. 恐龙
valuable,adj. 有价值的 n. 贵重物品
swallow,v. 忍受 n. 燕子
teamwork,n. 团队合作
melon,n. 瓜
optional,adj. 可选择的，随意的 n. 选修科目
dustbin,n. 垃圾箱
stocking,n. 长袜
athletic,adj. 运动的，运动员的
cubic,adj. 立方体的，立方的 n. (Cubic)人名
calculate,v. 计算
snowball,n. 雪球 v. 掷雪球
laughter,n. 笑
download,v. [计] 下载
pine,v. 渴望，痛苦 n. [林] 松树 adj. 松木的
curious,adj. 好奇的，有求知欲的
astonish,v. 使惊讶
juicy,adj. 多汁的
canal,n. 运河 v. 在…开凿运河
daylight,n. 白天
clinic,n. 临床
partly,adv. 部分地
painter,n. 画家
vivid,adj. 生动的
alcoholic,adj. 酒精的，含酒精的 n. 酒鬼，酗酒者
salesgirl,n. 女售货员，女店员
roast,v. 烤，焙 adj. 烘烤的 n. 烤肉
communist,n. 共产党员 adj. 共产主义的
scar,v. 伤害 n. 创伤
latter,adj. 后者的 n. (Latter)人名
Mexico,n. 墨西哥
paperwork,n. 文书工作
appetite,n. 食欲
Buddhism,n. 佛教
Egypt,n. 埃及（非洲国家）
necklace,n. 项链
impression,n. 印象
spit,v. 吐痰 n. 唾液
bang,n. 刘海 adv. 直接地 v. 重击
stubborn,adj. 顽固的
extremely,adv. 非常，极其
traveler,n. 旅行者
acute,adj. 严重的，[医] 急性的
gruel,vt. 使极度疲劳 n. 稀粥
squeeze,v. 挤 n. 压榨
pest,n. 害虫
telegram,n. 电报 vt. 用电报发送 vi. 发电报
electronic,adj. 电子的 n. 电子电路
sculpture,n. 雕塑 v. 雕塑
miniskirt,n. 超短裙
casual,adj. 随便的 n. 便装
colleague,n. 同事，同僚
herb,n. 香草，药草
zipper,n. 拉链 v. 拉上拉链
permanent,adj. 永久的，永恒的 n. 烫发（等于permanent wave）
honour,n. 荣誉 v. 尊敬
organise,v. 组织起来
nowhere,adv. 无处 n. 无处 adj. 不存在的
gradually,adv. 逐步地
shaver,n. 理发师
loaf,n. 条，一条面包 v. 游荡
justice,n. 司法，法律制裁
procedure,n. 程序，手续
category,n. 种类，分类
corrupt,adj. 腐败的，贪污的 v. 使腐烂
airspace,n. 空域
vanilla,n. 香子兰，香草 adj. 香草味的
hammer,v. 锤击 n. 铁锤
perfume,n. 香水 v. 洒香水于…
necktie,n. 领带
audience,n. 观众
measure,n. 测量 v. 测量
outline,n. 轮廓 v. 概述
prairie,n. 大草原
portable,adj. 手提的，便携式的 n. 手提式打字机
downward,adj. 向下的，下降的 adv. 向下
shave,v. 剃须，剃毛 n. 刮脸，剃胡子
Ottawa,n. 渥太华（加拿大首都）
smoker,n. 吸烟者
Spain,n. 西班牙
postcode,n. （英）邮政编码
swell,v. 膨胀 n. 肿胀 adj. 漂亮的
comb,n. 梳子 v. 梳头发
beast,n. 野兽
reliable,adj. 可靠的 n. 可靠的人
allocate,v. 分配
paragraph,n. 段落 v. 将…分段
terminal,n. 末端 adj. 末端的
correspond,v. 符合，一致
snowman,n. 雪人
nephew,n. 侄子
aggression,n. 侵略
bonus,n. 奖金
circus,n. 马戏
bounce,n. 跳 v. 弹跳
steady,adj. 稳定的 v. 稳固 adv. 稳定地 n. 关系固定的情侣
enjoyable,adj. 快乐的
hopeful,adj. 有希望的 n. 有希望成功的人
heavily,adv. 沉重地
warning,n. 警告 adj. 警告的 v. 警告（warn的ing形式）
outspoken,adj. 坦率的，直言不讳的
salty,adj. 咸的
rugby,n. 英式橄榄球
fond,adj. 喜欢的 n. (Fond)人名
disobey,v. 违反
vain,adj. 徒劳的
stainless,adj. 不锈的
maid,n. 女仆 vt. 侍候 vi. 当女仆
digest,v. 消化 n. 文摘
Moscow,n. 莫斯科（俄罗斯首都）
disturbing,adj. 令人不安的 v. 干扰
schoolmate,n. 同学
disagree,v. 不同意
approve,v. 批准
goods,n. 商品
African,adj. 非洲的，非洲人的 n. 非洲人
literary,adj. 文学的
superb,adj. 极好的 n. (Superb)人名
fragrant,adj. 芳香的
mercy,n. 仁慈，宽容
preview,n. 预览 v. 预览
hatch,n. 孵化 v. 孵
promote,v. 促进
abortion,n. 流产，堕胎，小产
sparrow,n. 麻雀
mustard,n. 芥末
arbitrary,adj. [数] 任意的
turning,n. 转向 v. 旋转（turn的ing形式）
workmate,n. 同事
replace,v. 取代，代替
eyesight,n. 视力
tremble,v. 发抖 n. 颤抖
mobile,adj. 可移动的 n. 运动物体
videophone,n. 电视电话
armchair,n. 扶手椅，单人沙发 adj. 不切实际的
submit,v. 使服从
exactly,adv. 恰好地
cheerful,adj. 快乐的
disaster,n. 灾难，灾祸
cheers,v. 感谢
software,n. 软件
botany,n. 植物学
recreation,n. 娱乐
dive,v. 潜水 n. 潜水
chairwoman,n. 女主席
basement,n. 地下室
schedule,v. 安排，计划 n. 时间表
architect,n. 建筑师
walnut,n. 胡桃 adj. 胡桃科植物的
Irish,adj. 爱尔兰的 n. 爱尔兰人
powerful,adj. 强大的 adv. 很
frequent,adj. 频繁的 v. 常到，常去
fright,n. 惊吓 v. 使惊恐
version,n. 版本
furnished,adj. 家具，有家具的 v. 供应
conclude,v. 推断
basin,n. 水池
awkward,adj. 尴尬的
stopwatch,n. 码表 vt. 用秒表测定时间
quiz,n. 考查 v. 挖苦
clumsy,adj. 笨拙的
rebuild,v. 重建
politician,n. 政治家，政客
cautious,adj. 谨慎的
container,n. 集装箱
withdraw,v. 撤退
autonomous,adj. 自治的
deliver,v. 交付 n. 投球
balcony,n. 阳台
vase,n. 瓶
resemble,v. 类似，像
rewind,n. 重绕 v. 倒回
conductor,n. 导体
edition,n. 版本
hibernate,v. 过冬
pepper,n. 胡椒 v. 加胡椒粉于
altogether,adv. 完全地 n. 整个
decoration,n. 装饰，装潢
darkness,n. 黑暗
vinegar,n. 醋
broadcast,v. 播送，播放 n. 广播 adj. 广播的
birdcage,n. 鸟笼
ambulance,n. [车辆][医] 救护车
concrete,adj. 混凝土的 v. 凝结 n. 具体物
construct,v. 建造，构造 n. 构想，概念
diploma,n. 毕业证书，学位证书 vt. 发给…毕业文凭
anchor,n. 锚 v. 抛锚 adj. 末棒的
inland,n. 内地 adj. 内陆的 adv. 在内地
academy,n. 学院
chick,n. 小鸡 adj. 胆小的
companion,n. 同伴 v. 陪伴
performer,n. 演出者
petrol,n. （英）汽油
expense,n. 损失，代价 vt. 向…收取费用 vi. 被花掉
metre,n. 米
institute,v. 开始（调查） n. 学会，协会
sneeze,v. 打喷嚏 n. 喷嚏
vacant,adj. 空虚的 n. (Vacant)人名
Shanghai,n. 上海（中国东部港市）
nationwide,adj. 全国范围的 adv. 在全国
specialist,n. 专家 adj. 专家的
attractive,adj. 吸引人的
phenomenon,n. 现象
counter,n. 柜台 v. 反击，还击 adj. 相反的 adv. 反方向地
adjustment,n. 调整，调节
deserve,v. 应受，应得
apron,n. 围裙 vt. 着围裙于
bandage,n. 绷带 v. 用绷带包扎
oral,adj. 口头的，口述的 n. 口试
regulation,n. 管理 adj. 规定的
Greece,n. 希腊（欧洲南部国家）
associate,v. 交往 n. 同事，伙伴 adj. 副的
detective,adj. 侦探的 n. 侦探
alcohol,n. 酒精，乙醇
offshore,adj. 离岸的 adv. 向海面，向海
cigar,n. 雪茄
Christian,n. 基督徒，信徒 adj. 基督教的
sympathy,n. 同情
anyhow,adv. 总之
declare,v. 宣布，声明
recommend,v. 推荐，介绍
addicted,adj. 沉溺于某种（尤其是不良的）嗜好的 v. 使…上瘾（addict的过去分词）
scold,v. 责骂 n. 责骂
immediate,adj. 立即的
timetable,n. 时间表
muddy,adj. 泥泞的 v. 使污浊
headline,n. 大标题 v. 给…加标题
unbearable,adj. 难以忍受的
tiresome,adj. 烦人的，无聊的
volcano,n. 火山
motherland,n. 祖国
circuit,n. [电子] 电路，回路 v. 环行
worried,adj. 担心的
convince,v. 说服
reporter,n. 记者
voluntary,adj. 自愿的 n. 志愿者
enquiry,n. [计] 询问，[贸易] 询盘
cuisine,n. 烹饪，烹调法
mixture,n. 混合
litre,n. [计量] 公升（米制容量单位）
typhoon,n. [气象] 台风
uncertain,adj. 无常的
foolish,adj. 愚蠢的
horrible,adj. 可怕的
obvious,adj. 明显的
violence,n. 暴力
antique,adj. 古老的，年代久远的 n. 古董，古玩 v. 觅购古玩
ripe,adj. 熟的，成熟的 vt. 搜查 vi. 进行搜查 n. (Ripe)人名
peasant,n. 农民
athletics,n. 竞技
rainfall,n. 降雨
dimension,n. 方面;[数] 维 adj. 规格的
format,n. 格式 v. 使格式化
artificial,adj. 人造的
drill,n. 训练 v. 钻孔
oppose,v. 反对
consultant,n. 顾问
behavious,n. 行为
nylon,n. 尼龙，[纺] 聚酰胺纤维
statue,n. 雕像，塑像 vt. 以雕像装饰
witness,n. 证人 v. 目击
blouse,n. 宽松的上衣 vt. 使…宽松下垂 vi. 宽松下垂
compromise,v. 妥协 n. 妥协，和解
motivation,n. 动机
unfit,adj. 不适宜的 v. 使不合格
gifted,adj. 有天赋的 v. 给予（gift的过去分词）
brochure,n. 手册，小册子
lorry,n. （英）卡车
noisily,adv. 吵闹地，喧闹地
ladder,n. 阶梯 v. 成名
energetic,adj. 精力充沛的
assumption,n. 假定
ward,n. 病房 v. 避开
spaghetti,n. 意大利式细面条
porter,n. 门房
westwards,adv. 向西 adj. 向西的
offence,n. 犯罪
weed,v. 除草 n. 杂草，野草
merry,adj. 愉快的 n. 甜樱桃
unfold,v. 打开
lounge,n. 休息室 v. 闲逛
strait,adj. 狭窄的 n. 海峡
suite,n. （一套）家具
shortly,adv. 立刻
arrow,n. 箭，箭头 vt. 以箭头指示
attach,v. 使依附
fortnight,n. 两星期
expose,v. 揭露，揭发
pollute,v. 污染
sunshine,n. 阳光
southwest,n. 西南方 adj. 西南的 adv. 往西南
illegal,adj. [法] 非法的 n. 非法移民，非法劳工
statistics,n. 统计
cosy,adj. 舒适的 n. 保温罩
shadow,n. 阴影 v. 遮蔽 adj. 影子内阁的
continent,n. 大陆，洲，陆地 adj. 自制的，克制的
bacterium,n. [微] 细菌
roundabout,adj. 迂回的，绕道的 n. 迂回路线
connection,n. 连接
printer,n. [计] 打印机
aboard,adv. 在飞机上 prep. 在…上
writing,n. 书写 v. 书写（write的ing形式）
bleed,v. 使出血
kingdom,n. 王国
boating,n. 划船 adj. 划船的 v. 划船（boat的ing形式）
tendency,n. 倾向，趋势
consume,v. 消耗，消费
refresh,v. 更新
gale,n. [气象] 大风，狂风
grandpa,n. 爷爷
butcher,v. 屠杀 n. 屠夫
vice,n. 恶习 prep. 代替 vt. 钳住 adj. 副的
brewery,n. 啤酒厂
cock,n. 公鸡 v. 使竖起
fairly,adv. 相当地 n. (Fairly)人名
instant,adj. 立即的 n. 瞬间
sacrifice,n. 牺牲 v. 牺牲
collision,n. 碰撞
technical,adj. 工艺的，科技的
quarrel,v. 吵架 n. 吵架
separation,n. 分离，分开
mutton,n. 羊肉
facial,adj. 面部的，表面的 n. 美容，美颜
seagull,n. 海鸥
oval,adj. 椭圆的 n. 椭圆形
evolution,n. 演变
disgusting,adj. 令人厌恶的
unmarried,adj. [法] 未婚的 v. 离婚（unmarry的过去分词）
reasonable,adj. 合理的，公道的
sharpen,v. 削尖
chemical,n. 化学制品，化学药品 adj. 化学的
ministry,n. （政府的）部门
sponsor,n. 赞助者 v. 赞助
reserve,n. 储备，储存 v. 储备
corn,n. （美）玉米 v. 腌
unfair,adj. 不公平的，不公正的
arrange,v. 安排
competence,n. 能力，胜任
glasshouse,n. 温室
fried,adj. 油炸的，油煎的 v. 油炸（fry的过去分词）
kilogram,n. 公斤
reviewer,n. 评论者，评论家
liberty,n. 自由
automatic,adj. 自动的 n. 自动机械
hydrogen,n. [化学] 氢
backache,n. 背痛
temptation,n. 引诱
learned,adj. 博学的 n. (Learned)人名
occupation,n. 职业
visa,n. 签证 v. 签发签证
underline,v. 强调 n. 下划线
cowboy,n. 牛仔
drier,n. 干燥机
hearing,n. 听力 v. 听见（hear的ing形式）
reward,n. [劳经] 报酬 v. [劳经] 奖励
signal,n. 信号 v. 标志 adj. 显著的
argument,n. 论证
northwards,adv. 向北
scholar,n. 学者
decline,n. 下降 v. 下降
skillfully,adv. 巧妙地
surgeon,n. 外科医生
polish,n. 磨光，擦亮 v. 擦亮，变光滑 adj. 波兰的
principle,n. 原理，原则
reputation,n. 名声，名誉
belly,n. 腹部 v. 涨满
bacon,n. 咸肉
poison,v. 污染 n. 毒药，毒物 adj. 有毒的
motorbike,n. 摩托车
delicate,adj. 微妙的
embassy,n. 大使馆
graph,n. 图表 v. 用曲线图表示
laser,n. 激光
entrance,n. 入口 v. 使出神，使入迷
absurd,adj. 荒谬的 n. 荒诞
oxygen,n. [化学] 氧气，[化学] 氧
radiation,n. 辐射
outdoors,adv. 在户外 n. 户外 adj. 户外的（等于outdoor）
authentic,adj. 真正的，真实的
omelette,n. 煎蛋卷
transport,n. 运输 v. 运输
erupt,v. 爆发
forgetful,adj. 健忘的
commercial,adj. 商业的 n. 商业广告
emperor,n. 皇帝，君主
bingo,n. 宾戈游戏
operator,n. 经营者
apology,n. 道歉
devotion,n. 献身，奉献
wounded,adj. 受伤的 n. 受伤者，伤员 v. 使受伤（wound的过去分词）
shelter,n. 庇护 v. 保护
typical,adj. 典型的
handy,adj. 便利的 n. (Handy)人名
broken,adj. 破碎的 v. 折断
barbershop,n. 理发店 adj. 有男声合唱之和声的
yummy,adj. 好吃的 n. 美味的东西
midnight,n. 午夜，半夜12点钟 adj. 半夜的
addition,n. 添加
weatherman,n. 气象员
permit,v. 许可 n. 许可证，执照
obtain,v. 获得
content,n. 内容，目录 adj. 满意的 v. 使满足
firmly,adv. 坚定地，坚决地
colour,v. 把…涂颜色，粉饰 n. 颜色
vague,adj. 模糊的 n. (Vague)人名
classic,adj. 经典的 n. 名著
acre,n. 土地，地产
wayside,n. 路旁 adj. 路旁的
request,n. 请求 v. 要求，请求
opener,n. [五金] 开启工具
absorb,v. 吸收
multiply,v. 乘 adv. 多样地 adj. 多层的
cheque,n. 支票
Tibetan,adj. 西藏的 n. 藏语
temple,n. 庙宇
parcel,n. 包裹，小包 v. 打包
flashlight,n. 手电筒
candidate,n. 候选人，候补者
tradition,n. 惯例，传统
unlike,adj. 不同的，不相似的 prep. 和…不同，不像
overcome,v. 克服
advocate,v. 提倡，主张，拥护 n. 提倡者
Dynasty,n. 王朝，朝代
ordinary,adj. 普通的 n. 普通
goodness,int. 天哪 n. 善良，优秀
irrigation,n. 灌溉
buffet,n. 自助餐 v. 与…搏斗 adj. 自助的
adolescent,adj. 青春期的 n. 青少年
scan,v. 扫描 n. 扫描
anecdote,n. 轶事
Egyptian,adj. 埃及的 n. 埃及人
bench,n. 长凳 v. 给…以席位
vest,n. 背心 v. 授予
weakness,n. 弱点
slight,adj. 轻微的，少量的 v. 轻视，忽略 n. 怠慢
journey,n. 旅行 v. 旅行
chimney,n. 烟囱
endless,adj. 无止境的
zoom,n. 急速上升 v. 急速上升
pianist,n. 钢琴家
ballpoint,n. 圆珠笔
rooster,n. 公鸡
capsule,n. 胶囊 adj. 压缩的 v. 压缩
dusty,adj. 落满灰尘的
attraction,n. 吸引，吸引力
beehive,n. 蜂窝
firework,n. 烟火
dusk,n. 黄昏，薄暮 adj. 微暗的 v. 使变微暗
motto,n. 座右铭，格言
skyscraper,n. 摩天楼，超高层大楼
chemist,n. 化学家
convey,v. 传达
bathrobe,n. 浴衣
platform,n. 平台
eastwards,adv. 向东方地 adj. 向东方的
confirm,v. 确认
Scratch,n. 擦伤 adj. 打草稿用的 v. 抓
happiness,n. 幸福
cleaner,n. [化工] 清洁剂
patent,v. 授予专利 adj. 专利的 n. 专利权
German,adj. 德国的 n. 德语
labour,n. 劳动力，人工 v. 劳动
textbook,n. 教科书，课本
feather,n. 羽毛 v. 用羽毛装饰
forehead,n. 额，前额
barrier,n. 障碍物，屏障 vt. 把…关入栅栏
throughout,adv. 自始至终，到处 prep. 贯穿，遍及
optimistic,adj. 乐观的
sadness,n. 悲哀
runner,n. 跑步者
courtyard,n. 庭院，院子
ballet,n. 芭蕾舞剧
jewel,n. 宝石 v. 镶以宝石
contain,v. 包含
comfort,n. 安慰 v. 安慰
session,n. 会议
applaud,v. 赞同
workday,n. 工作日 adj. 日常的，工作日的
inspire,v. 激发
scream,v. 尖叫 n. 尖叫声
agenda,n. 议程
assistance,n. 援助，帮助
outing,n. 远足 adj. 远足适用的 v. 出来
Buddhist,n. 佛教徒 adj. 佛教的
algebra,n. 代数学
curriculum,n. 课程
razor,v. 剃，用剃刀刮 n. 剃刀
universe,n. 宇宙
punctual,adj. 准时的，守时的
attract,v. 吸引
wisdom,n. 智慧，才智
negotiate,v. 谈判，商议
feast,v. 享受 n. 筵席，宴会
practical,adj. 实际的
technique,n. 技巧，技术
Germany,n. 德国
referee,n. 裁判员 v. 仲裁
policeman,n. 警察，警员
slim,adj. 苗条的 v. 使…体重减轻 n. (Slim)人名
memorize,v. 记住，背熟
alongside,adv. 在旁边 prep. 在……旁边
educator,n. 教育家
baggage,n. 行李
wrestle,n. 摔跤 v. 摔跤
scores,n. 考试成绩 v. 得分（score的第三人称单数形式）
otherwise,adv. 否则 adj. 另外的 conj. 其他
bucket,n. 桶，水桶 v. 倾盆而下
mushroom,n. 蘑菇，伞菌 adj. 蘑菇的 v. 迅速增加
secondhand,adj. 二手的 adv. 间接地
souvenirs,n. 纪念品
sincerely,adv. 真诚地
reception,n. 接待
workforce,n. 劳动力
concept,n. 观念，概念
vertical,adj. 垂直的，直立的 n. 垂直线，垂直面
insure,v. 确保，保证
radium,n. [化学] 镭（88号元素符号Ra）
heroine,n. 女主角
commitment,n. 承诺，保证
recover,v. 恢复 n. 还原至预备姿势
equality,n. 平等
willingly,adv. 欣然地
consist,v. 由…组成
circulate,v. 传播，流传
nursery,n. 苗圃
regards,n. 致意，问候 v. 视为，注意（regard的第三人称单数）
sceptical,adj. 怀疑的
ambiguous,adj. 模糊不清的
wherever,adv. 无论什么地方 conj. 无论在哪里
breathless,adj. 喘不过气来的
flaming,adj. 燃烧的 v. 燃烧 n. (Flaming)人名
temporary,adj. 暂时的，临时的 n. 临时工，临时雇员
accomplish,v. 完成
heap,n. 堆 v. 堆
cellar,n. 地窖 vt. 把…藏入地窖
hur,abbr. 飓风（hurricane）
flexible,adj. 灵活的
subjective,adj. 主观的
fireplace,n. 壁炉
fluency,n. （语言、文章）流利
survival,n. 幸存，残存
slavery,n. 奴役
explorer,n. 探险家
admission,n. 承认
brunch,n. 早午餐
pregnant,adj. 怀孕的
bravery,n. 勇敢
struggle,v. 奋斗，努力 n. 努力，奋斗
abundant,adj. 丰富的
relay,v. 转播 n. [电] 继电器
racial,adj. 种族的
remote,adj. 遥远的 n. 远程
shallow,adj. 浅的 n. [地理] 浅滩 v. 使变浅
satellite,n. 卫星
haircut,n. 理发
friction,n. 摩擦，[力] 摩擦力
primitive,adj. 原始的，远古的 n. 原始人
moustache,n. 小胡子
goose,n. 鹅 v. 突然加大油门
absence,n. 没有
valley,n. 山谷
choir,n. 唱诗班 v. 合唱
loudly,adv. 大声地，响亮地
wealthy,adj. 富有的 n. 富人
pillow,n. 枕头 v. 垫
analysis,n. 分析
cassette,n. 盒式磁带
laundry,n. 洗衣店，洗衣房
decrease,n. 减少，减小 v. 减少，减小
insert,v. 插入 n. 插入物
allowance,n. 津贴，零用钱 v. 定量供应
kindness,n. 仁慈
adaptation,n. 适应
inventor,n. 发明家
merciful,adj. 仁慈的
shopping,n. 购物，买东西 v. 购物（shop的ing形式）
forecast,v. 预报，预测 n. 预测，预报
sideways,adv. 向侧面地 adj. 向侧面的
unique,adj. 独特的，稀罕的 n. 独一无二的人或物
airmail,n. 航空邮件
innocent,adj. 无辜的 n. 天真的人
triangle,n. 三角（形）
paddle,n. 划桨 v. 拌
invitation,n. 邀请
bathtub,n. 浴缸
delight,n. 高兴 v. 高兴
thirst,n. 渴望 v. 渴望
register,v. 登记 n. 登记
opening,n. 开始 adj. 开始的 v. 开放（open的ing形式）
puzzle,v. 使…困惑 n. 谜
hurricane,n. 飓风，暴风
mouthful,n. 一口，满口
apologize,v. 道歉
handtruck,手推车
garbage,n. 垃圾
spelling,n. 拼写 v. 拼写
astronomy,n. 天文学
harbour,v. 藏匿 n. 海港（等于harbor）
violent,adj. 暴力的
dictation,n. 听写
cathedral,n. 大教堂
respect,n. 尊敬，尊重 v. 尊敬，尊重
expression,n. 表现，表示，表达
dioxide,n. 二氧化物
villager,n. 乡村居民，村民
guidance,n. 指导，引导
refer,v. 参考
booth,n. 货摊
bookmark,n. 书签（等于bookmarker）
walkman,n. 随身听（商标名称）
burial,n. 埋葬 adj. 埋葬的
possess,v. 控制
gardening,n. 园艺
drawback,n. 缺点，不利条件
database,n. 数据库，资料库
poisonous,adj. 有毒的
hunter,n. 猎人
signature,n. 署名
accelerate,v. 使……加快
totally,adv. 完全地
apparent,adj. 显然的
carbon,n. [化学] 碳 adj. 碳的
Italy,n. 意大利（欧洲南部国家）
lifetime,n. 一生 adj. 一生的
instruct,v. 指导
amusement,n. 消遣，娱乐
afterward,adv. 以后，后来
defense,n. 防卫，防护 vt. 谋划抵御
accumulate,v. 累积
deer,n. 鹿
glare,n. 刺眼 v. 瞪眼表示
weep,v. 哭泣 n. 哭泣
brilliant,adj. 灿烂的，闪耀的
tomb,n. 坟墓 vt. 埋葬
seize,v. 抓住
sorrow,n. 悲伤 v. 懊悔
bungalow,n. 平房
competitor,n. 竞争者，对手
supreme,adj. 最高的 n. 至高
eyewitness,n. 目击者
widespread,adj. 普遍的，广泛的
abnormal,adj. 反常的，不规则的
output,n. 输出，输出量 v. 输出
headmaster,n. 校长
admirable,adj. 令人钦佩的
dash,n. 破折号 v. 使…破灭
ambition,n. 野心，雄心 v. 追求
sharpener,n. 卷笔刀
bookshelf,n. 书架
analyze,v. 对…进行分析，分解（等于analyse）
outcome,n. 结果，结局
clarify,v. 澄清
biography,n. 传记
employ,v. 使用，采用 n. 使用
prayer,n. 祈祷，祷告
greet,v. 欢迎，迎接 n. (Greet)人名
pray,v. 祈祷 n. (Pray)人名
burden,n. 负担 v. 使负担
advertise,v. 通知
forgive,v. 原谅
collection,n. 采集，聚集
underwear,n. 内衣物
choke,v. 呛 n. 窒息
existence,n. 存在，实在
geometry,n. 几何学
carriage,n. 运输
routine,n. [计] 程序 adj. 日常的
gymnastics,n. 体操
storage,n. 存储
childhood,n. 童年时期
violate,v. 违反
restrict,v. 限制
harvest,n. 收获 v. 收割
altitude,n. 高地
trunk,n. 树干 vt. 把…放入旅行箱内 adj. 干线的
tram,n. 电车轨道 v. 用煤车运载
unrest,n. 不安
prejudice,n. 偏见 v. 损害
dial,n. 转盘 v. 拨号
variety,n. 多样
peach,n. 桃子 adj. 桃色的 v. 告密
delighted,adj. 高兴的 v. 使…兴高采烈
alley,n. 小巷
smog,n. 烟雾
survive,v. 幸存
stewardess,n. 女管家
minibus,n. 面包车（等于microbus） vi. 乘中客车
arrival,n. 到来
mature,adj. 成熟的 v. 成熟
separately,adv. 分别地
whistle,n. 口哨 v. 吹口哨
fantasy,n. 幻想 adj. 虚幻的 v. 空想
actual,adj. 真实的，实际的
aeroplane,n. 飞机（等于airplane）
quantity,n. 量，数量
recognise,v. 认出
minimum,n. 最小值 adj. 最小的
skillful,adj. 熟练的
spade,n. 铁锹，铲子 v. 铲
salute,n. 致敬，欢迎 v. 行礼致敬，欢迎
enterprise,n. 企业
maple,n. 枫树
sword,n. 刀，剑
consult,v. 查阅
preserve,v. 保存 n. 保护区
numb,v. 使麻木 adj. 麻木的
spoonful,n. 一匙
mankind,n. 人类
accountant,n. 会计师
veal,n. 小牛（等于vealer）
initial,adj. 最初的 v. 用姓名的首字母签名 n. 词首大写字母
caution,n. 小心，谨慎 v. 警告
Belgium,n. 比利时（西欧国家，首都布鲁塞尔Brussels）
freedom,n. 自由，自主
fountain,n. 喷泉，泉水
bakery,n. 面包店
undertake,v. 承担，保证
punctuate,v. 不时打断
carrier,n. [化学] 载体
quake,v. 震动 n. 地震
harmful,adj. 有害的
socialist,n. 社会主义者 adj. 社会主义的
pattern,n. 模式 v. 模仿
remark,n. 注意 v. 评论
greedy,adj. 贪婪的
savage,adj. 野蛮的 n. 未开化的人 v. 乱咬
novelist,n. 小说家
northwest,adj. 西北的 n. 西北 adv. 在西北
grateful,adj. 感谢的
unknown,adj. 未知的 n. 未知数
publicly,adv. 公然地
fortunate,adj. 幸运的
assist,n. 帮助 v. 参加
kettle,n. 壶
Easter,n. 复活节
tournament,n. 锦标赛，联赛
musical,adj. 音乐的 n. 音乐片
merely,adv. 仅仅，只不过
hooray,vi. 呼万岁 vt. 呼万岁 n. 万岁 int. 万岁
whisper,n. 私语 v. 耳语
consensus,n. 一致
midday,n. 中午 adj. 正午的
virtue,n. 美德
glance,n. 一瞥 v. 扫视，匆匆一看
conflict,n. 冲突，矛盾 v. 冲突，抵触
skilled,adj. 熟练的
boxing,n. 拳击 v. 将…装入盒中（box的ing形式）
tobacco,n. 烟草，烟叶
snatch,n. 抢夺 v. 夺得
printing,n. 印刷
worthless,adj. 无价值的
tortoise,n. 龟，[脊椎] 乌龟（等于testudo）
inform,v. 通知
frontier,n. 前沿 adj. 边界的
dine,v. 进餐，用餐 n. (Dine)人名
overweight,adj. 超重的 vt. 使负担过重 n. 超重
fist,n. 拳，拳头 vt. 紧握
division,n. [数] 除法
amaze,v. 使吃惊
journalist,n. 新闻工作者
gesture,n. 姿态 v. 作手势
Tokyo,n. 东京（日本首都）
puzzled,adj. 困惑的
accompany,v. 陪伴，伴随
subscribe,v. 订阅
dilemma,n. 困境
shooting,n. 射击 v. 射击（shoot的ing形式）
average,n. 平均 adj. 平均的 v. 算出…的平均数
stain,v. 沾污 n. 污点
aluminium,adj. 铝的 n. 铝
elegant,adj. 高雅的，优雅的
bachelor,n. 学士
mailbox,n. 邮箱
dizzy,adj. 晕眩的 v. 使头晕眼花 n. (Dizzy)人名
accustomed,adj. 习惯的 v. 使习惯于（accustom的过去分词）
acquire,v. 获得
regardless,adj. 不管的 adv. 不顾后果地
pineapple,n. [园艺] 菠萝 adj. 凤梨科的
contribute,v. 贡献，出力
peaceful,adj. 和平的，爱好和平的
probable,adj. 很可能的 n. 很可能的事
admire,v. 钦佩
identity,n. 身份
observe,v. 庆祝
profession,n. 职业，专业
ending,n. 结局
centigrade,adj. 摄氏的
ceremony,n. 典礼，仪式
sniff,v. 嗅 n. 吸，闻
annoy,v. 骚扰 n. 烦恼（等于annoyance）
criminal,n. 罪犯 adj. 刑事的
programme,n. 计划，规划 v. 编程序
mist,n. 薄雾 v. 下雾
grocer,n. 杂货店
confuse,v. 使混乱
cottage,n. 小屋
nursing,n. 护理 v. 看护
compensate,v. 补偿，赔偿
origin,n. 起源
garlic,n. 大蒜
tailor,v. 剪裁 n. 裁缝
allergic,adj. 对…过敏的
cater,v. 投合，迎合 n. (Cater)人名
centimetre,n. 厘米
telescope,v. 压缩 n. 望远镜
noisy,adj. 嘈杂的
equip,v. 装备，配备
incorrect,adj. 错误的，不正确的
idiom,n. 成语，习语
beneficial,adj. 有益的，有利的
incident,n. 事件，事变 adj. [光] 入射的
strength,n. 力量
receipt,n. 收到 v. 收到
globe,n. 地球 vt. 使…成球形 vi. 成球状
politics,n. 政治，政治学
extension,n. 延长
botanical,adj. 植物学的 n. 植物性药材
lame,adj. 跛足的 v. 变跛
rectangle,n. 矩形
sneaker,n. 运动鞋
abstract,n. 摘要 adj. 抽象的 v. 摘要
nowadays,adv. 现今 n. 当今
enlarge,v. 扩大
conclusion,n. 结论
labourer,n. 劳动者
weekly,adj. 每周的 n. 周刊 adv. 每周一次
skip,v. 跳跃 n. 跳跃
interrupt,v. 中断 n. 中断
upward,adj. 向上的 adv. 向上
atmosphere,n. 气氛
consistent,adj. 始终如一的，一致的
sunglasses,n. 太阳镜
hilly,adj. 丘陵的 n. (Hilly)人名
command,v. 命令，指挥 n. 指挥，控制
astronaut,n. 宇航员，航天员
rigid,adj. 严格的
keeper,n. 监护人
backward,adj. 向后的 adv. 向后地
reality,n. 现实
swift,n. 褐雨燕 adj. 快的 adv. 迅速地
lavatory,n. 厕所，盥洗室
boundary,n. 边界
cocoa,n. 可可粉
socket,n. 插座 vt. 给…配插座
burglar,n. 夜贼，窃贼
fierce,adj. 凶猛的 n. (Fierce)人名
pedestrian,adj. 徒步的 n. 行人
badminton,n. 羽毛球
postbox,n. 邮箱
voyage,n. 航行 v. 航行
telegraph,n. [通信] 电报机，电报 v. 电汇
swap,n. 交换 v. 与交换
thorough,adj. 彻底的
tissue,n. 组织 v. 饰以薄纱
condemn,v. 谴责
works,n. 作品
bargain,n. 交易 v. 讨价还价
Dynamic,adj. 动态的 n. 动态
premier,adj. 第一的 n. 总理，首相
starve,v. 饿死
slave,n. 奴隶 v. 苦干
patience,n. 耐性，耐心
mistaken,adj. 错误的 v. 弄错（mistake的过去分词）
adjust,v. 调整，使…适合
possession,n. 拥有
blanket,n. 毛毯，毯子 adj. 总括的，全体的 v. 覆盖，掩盖
ashamed,adj. 惭愧的，感到难为情的
crowded,adj. 拥挤的 v. 拥挤（crowd的过去分词）
graduate,v. 授予…学位 n. 研究生 adj. 毕业的
inspect,v. 检查
protection,n. 保护
fasten,v. 使固定 n. (Fasten)人名
deeply,adv. 深刻地
tanker,n. 油轮
familiar,adj. 熟悉的 n. 常客
universal,adj. 普遍的 n. 一般概念
westerner,n. 西方人，欧美人
painting,n. 绘画 v. 绘画（paint的ing形式）
advance,n. 发展 v. 提出 adj. 预先的
privilege,n. 特权 v. 给与…特权
carpet,v. 在…上铺地毯，把地毯铺在…上 n. 地毯
smelly,adj. 有臭味的，发臭的
tourism,n. 旅游业
affection,n. 喜爱，感情
locust,n. [植保] 蝗虫，[昆] 蚱蜢
beam,n. 横梁 v. 发送
embarrass,v. 使局促不安
reference,n. 参考，参照 v. 引用
eggplant,n. 茄子 adj. 深紫色的
tolerate,v. 忍受
waitress,n. 女服务员 v. 做女服务生
senior,adj. 高级的 n. 上司
suffering,n. 受难 adj. 受苦的 v. 受苦
astronomer,n. 天文学家
reuse,n. 重新使用，再用 v. 再使用
settlement,n. 解决，处理
relevant,adj. 相关的
resist,v. 抵抗，抗拒 n. [助剂] 抗蚀剂
playmate,n. 玩伴
thriller,n. 惊险小说
accuracy,n. [数] 精确度，准确性
departure,n. 离开
salesman,n. 推销员
chorus,n. 合唱队 v. 合唱
trainer,n. 助理教练
punishment,n. 惩罚
parking,n. 停车 adj. 停车的 v. 停车（park的ing形式）
complex,adj. 复杂的 n. 复合体
irrigate,v. 灌溉
desert,v. 遗弃 n. 沙漠 adj. 沙漠的
splendid,adj. 辉煌的
rescue,v. 营救 n. 营救
lecture,n. 演讲 v. 演讲
thermos,n. 热水瓶
amateur,n. 爱好者 adj. 业余的
workplace,n. 工作场所
graduation,n. 毕业
spear,n. 矛，枪 v. 用矛刺
empire,n. 帝国
Spanish,adj. 西班牙的 n. 西班牙语
playroom,n. 游戏室
fingernail,n. 手指甲
assess,v. 评定
cartoon,n. 卡通片，[电影] 动画片 v. 为…画漫画
cafeteria,n. 自助餐厅
violinist,n. 小提琴演奏者，小提琴家
receiver,n. 接收器
grill,v. 烧，烤 n. 烤架，铁格子
softball,n. 垒球
seaweed,n. 海藻，海草
coral,n. 珊瑚 adj. 珊瑚的
rhyme,n. 韵律 v. 使押韵
Frenchman,n. 法国人
socialism,n. 社会主义
applicant,n. 申请人，申请者
saleswoman,n. [贸易] 女售货员
fancy,n. 幻想 adj. 想象的 v. 想象
disability,n. 残疾
beginning,n. 开始 v. 开始
betray,v. 背叛
sunset,n. 日落，傍晚
bride,n. 新娘
painful,adj. 痛苦的
cushion,n. 垫子 v. 给…安上垫子
oilfield,n. 油田
freezing,adj. 冰冻的
scenery,n. 风景
sideway,n. 人行道 adv. 斜地里 adj. 旁边的
squid,n. 鱿鱼
missile,n. 导弹 adj. 导弹的
clearly,adv. 清晰地
climate,n. 气候
delete,v. 删除
orbit,n. 轨道 v. 盘旋
customs,n. 海关
communism,n. 共产主义
alphabet,n. 字母表，字母系统
strengthen,v. 加强
scissors,n. 剪刀 v. 剪开
reflect,v. 反映
prohibit,v. 阻止，禁止
finance,n. 财政，财政学 v. 负担经费，供给…经费
worthy,adj. 值得的 n. 杰出人物
Oceania,n. 大洋洲
noble,adj. 高尚的 n. 贵族 vt. 抓住
revolution,n. 革命
troop,n. 军队 v. 群集
welfare,n. 福利 adj. 福利的
squirrel,n. 松鼠 v. 贮藏
differ,v. 使…相异 n. (Differ)人名
seaman,n. 海员，水手
terror,n. 恐怖
Arabic,adj. 阿拉伯的 n. 阿拉伯语
bishop,n. （基督教的）主教
refusal,n. 拒绝
eager,adj. 渴望的 n. (Eager)人名
analyse,vt.  分析
defence,n.  防御
psychology,n.  心理学
approval,n.  赞成
hopeless,adj.  没有希望的
direction,n.  方向
Antarctic,adj. 南极的 n.  南极地区
aluminum,n.  铝
divorce,n. 离婚 vt.  使离婚
upwards,adv.  向上， 往上
pavement,n.  人行道
symptom,n.  症状
bark,v. 〔狗〕吠叫 n. 狗叫声，吠声
update,vt&n.   现代化
taxpayer,n.  纳税人
fireworks,n.  烟火
grocery,n.  杂货
hesitate,v.  犹豫， 踌躇
accurate,adj.  正确的， 准确的
guarantee,vt&n.  保证， 担保
outwards,adv. 向外，在外 adj.  向外的， 外出的
souvenir,n.  纪念品， 纪念物
woolen,adj.  羊毛的， 羊毛制的
widow,n.  寡妇
afterwards,adv.  后来
shrink,v.   收缩
pesticide,n.  杀虫剂
trolleybus,n.  无轨电车
somehow,adv.  以某种方式
eastward,adv.  向东
gradual,adj.  逐渐的， 渐进的
previous,adj.  在前的， 早先的
seminar,n.  研究会， 讨论发表会
practise,v.  练习
overhead,adj&adv.  在高处， 在空中
biological,adj. 生物的
paradox,n. 悖论
standpoint,n. 立场
crucial,adj. 至关重要的
flaw,n. 缺点
depressed,adj. 萧条的
obstacle,n. 阻碍
passionate,adj. 热情的
gambling,n. 赌博
plague,v. 使困扰
persistent,adj. 持续的
tolerance,n. 宽容，容忍
individual,n. 个人
specialize,v. 专业从事
startle,v. 吃惊
emission,n. 排放，辐射
mainstream,n. 主流
contract,n. 合同
upbringing,n. 养育，培养，教养
vitally,adv. 极其重要地
masculine,adj. 男性的
confidence,n. 信心
riotous,adj. 狂暴的
awareness,n. 意识
exhaust,v. 使筋疲力尽
subsidize,v. 提供补贴
ignorance,n. 无知，愚昧
incidence,n. 几率，发生率
undergo,v. 承受
recession,n. 衰退
improper,adj. 不合适的，不适当的
emit,v. 发出，排出
irregular,adj. 不规律的
triumph,n. 胜利
detection,n. 侦查
cozy,adj. 舒适的
enormous,adj. 巨大的
aviate,v. 驾驶飞机
entitle,v. 使具有权利，使具有资格
relieve,v. 解除，减轻，缓解
generosity,n. 慷慨，大方
column,n. 专栏
inquire,v. 询问
adversity,n. 逆境，不幸
technician,n. 技术员，技师
hinder,v. 阻碍
selection,n. 选择，挑选
passively,adv. 消极地
exposure,n. 暴露
contrast,n. 对照物 v. 对比
cruelty,n. 残暴，残酷
threaten,v. 威胁
renew,v. 〔中止后〕重新开始，继续
takeoff,n. 起飞
currently,adv. 当前
dropout,n. 辍学者
imitate,v. 模仿
ingredient,n. 成分，原料
revenue,n. 收入
tumor,n. 瘤
explicitly,adv. 直接地，明确地
sway,v. 影响
imaginary,adj. 虚构的，想象的
soar,v. 猛增
solely,adv. 单独地，唯一地
tremendous,adj. 巨大的
embrace,v. 拥抱
privacy,n. 隐私
capable,adj. 能干的，有能力的
critical,adj. 批评的，爱挑剔的
distract,v. 分心
yield,v. 产生，得出〔结果、答案或资料 n. 产量
convincing,adj. 令人信服的
counseling,n. 咨询服务
contact,n. 联系，接触 v. 〔写信、打电话〕联系〔某人〕
virtual,adj. 虚拟的
simplicity,n. 简单
enrollment,n. 入学人数
enrich,v. 丰富
consent,v. 允许，同意 n. 同意，赞同
utility,n. 公用事业〔如煤气、电力等〕
inflation,n. 通货膨胀
interpret,v. 解释
initiate,v. 开始，发起
enable,v. 使能够……
overcharge,v. 向……多收费
shortcut,n. 捷径，近路
leisure,n. 悠闲，空闲
density,n. 密度
sphere,n. 球体
margin,n. 页边的空白，页边，白边
dictator,n. 独裁者
diversity,n. 多样性
revenge,n. 报仇
reverse,n. 相反情况 a. 相反的
enroll,v. 注册
logically,adv. 合乎情理地，符合逻辑地
rental,n. 租金
quotation,n. 引文
invalid,adj. 无效的
invade,v. 侵入，侵略
strain,v. 扭伤，拉伤
rearrange,v. 重新安排
avail,"v. 有益, 有帮助"
democratic,adj. 民主的
barely,adv. 仅仅，几乎不
vanish,v. 消失
caregiver,n. 照料者
harsh,adj. 严酷的
massive,adj. (尺寸、数量、规模) 非常大的
bogus,adj. 假冒的
slippery,adj. 滑的
overwhelm,v. 压倒，战胜
stressful,adj. 充满著压力的，充满著紧张的
eliminate,v. 消除
immobile,adj. 稳定的，不变的
diplomatic,adj. 外交的
inadequate,adj. 不足的，不够的
previously,adv. 事先
identical,adj. 相同的
retirement,n. 退休
element,n. 要素
seemingly,adv. 表面上看
assignment,n. 作业
dispute,n. 辩论，争论 v. 辩论，争论
esteem,n. 自尊
affirm,v. 断言，声明
lessen,v. 减少
penalty,n. 惩罚
socialize,v. 交往，联谊
bureau,n. 局
perceive,v. 察觉
innovation,n. 改革，创新
alert,v. 提醒 adj. 机警的
formulate,v. 规定，制定
additional,adj. 额外的
hospitable,adj. 热情友好的
refreshing,adj. 恢复活力的
civilized,adj. 文明的
publicize,v. 宣布
resident,n. 居民
stake,n. 风险
keenly,adv. 敏锐地
favorable,adj. 赞同的
competent,adj. 胜任的，有能力的
emotional,adj. 情绪(上)的，情感(上)的
sustain,n. 维持
gloomy,adj. 阴沉的，沮丧的
profitable,adj. 有利可图的，有益的
routinely,adv. 例行公事地
criticism,n. 批评
fatal,adj. 致命的，攸关的
delightful,adj. 高兴的
tedious,adj. 单调沉闷的
clue,n. 线索
grief,n. 悲伤
synthetic,adj. 合成的，人造的
resistance,n. 抵御，抵抗
install,v. 安装
pledge,n. 保证，誓言
exile,n. 流放，放逐
render,v. 给予
trait,n. 性格
reframe,v. 再构造(图画、照片等)
donation,n. 捐赠
specify,v. 指定，具体说明
complement,v. 补充
lengthy,adj. 长的，漫长的
rational,adj. 神智清楚的
homemaker,n. 主妇
exception,n. 例外
trigger,v. 引发，引起
estimate,v. 估计
downsize,v. 裁员
gender,n. 性别
complaint,n. 抱怨
implement,v. 实施，执行
dominant,adj. 占优势的
scope,n. 范围
critic,n. 批评家，评论家
advocator,n. 主张者，倡导者
disorderly,adj. 杂乱的
transfer,v. 转换，调换 n. 转换，调换
anticipate,v. 预感
unintended,adj. 意想不到的
qualify,v. 使……有资格
emergence,n. 出现，发生
merit,n. 优点，成绩 v. 值得
forum,n. 论坛
neutral,adj. 中立的
therapy,n. 疗法 治疗
creativity,n. 创造力
durable,adj. 持久的，耐用的
remedy,n. 药物
inevitable,adj. 不可避免的
context,n. 背景，环境
prominent,adj. 杰出的
inherit,v. 继承
occasion,n. 场合
initiative,n. 主动权，自主权
insight,n. 洞察力，洞悉
misguided,adj. 被误导的
loyalty,n. 忠诚，忠实
setting,n. 背景，环境
initially,adv. 最初，起初
slightly,adv. 轻微地
objection,n. 反对
assign,v. 布置
racially,adv. 种族上地
exclude,v. 排除，不包括
puzzling,adj. 令人困惑的
evaluation,n. 评价，评估
irritate,v. 激怒
depressing,adj. 令人沮丧的
mutually,adv. 互相地
mission,n. 使命，任务
migration,n. 迁移，移民
incredible,adj. 不可思议的
essential,adj. 必须的
skyrocket,v. 突升，猛涨
easygoing,adj. 脾气随和的，温和的
enhance,v. 提高
retain,"v. 保留,留用"
integrity,n. 完整
inquiry,n. 询问
prompt,adj. 迅速的 v. 促使
attendance,n. 出席人数
retail,n. 零售 v. 零售
inspector,n. 检查员
endurance,n. 耐力
boost,n. 推动 v. 促使，促进
patiently,adv. 耐心地
decent,adj. 正派的，体面的
misguide,v. 误导
foundation,n. 地基
prevail,v. 流行，盛行
counsel,v. 忠告，建议
reinforce,v. 加强，强化
tuition,n. 学费
engagement,n. 婚约
household,n. 家庭，一家人
saint,n. 圣人
definition,n. 定义
mechanism,n. 机制，机能
contest,n. 比赛
domination,n. 主导
curiosity,n. 好奇心
induce,v. 引诱
sensible,adj. 明智的
domestic,adj. 国内的
locate,v. 位于，定位
tighten,v. 使变紧
foothold,n. 立足处（攀登时脚踩的地方）
discharge,v. 释放
advanced,adj. 高级的
needy,adj. 贫穷的
stale,adj. 乏味的，没有新意的
conform,v. 相一致，遵守
recharge,v. 再充电
annually,adv. 每年，一年一次
frown,v. 皱眉
originate,v. 开始
prospect,n. 前景
incentive,n. 动机，刺激
cultivate,v. 培养， 养成
reluctant,adj. 不愿意的，勉强的
miserable,adj. 痛苦的
persuasion,n. 劝说
radically,adv. 完全地，彻底地
distinct,adj. 明显的
bacteria,n. 细菌
corporate,adj. 团体的
undermine,v. 逐渐削弱
favor,"v. 偏好, 较喜欢"
fatigue,n. 疲劳，疲乏
endanger,v. 危及，危害，濒临危险
laborious,adj. 费力的
passion,n. 热情，激情
inflate,v. (使)膨胀
exaggerate,v. 夸张
illustrate,"v. 说明,阐明"
overflow,v. 溢出，淹没
fantasize,v. 想象，幻想
amusing,adj. 有趣的，好玩儿的
generate,v. 产生
backslide,v. 倒退，退步
particle,n. 微粒
reproduce,v. 复制
worsen,v. （使）变得更坏
feedback,n. 反馈
equivalent,adj. 相等的，相当的
motivate,v. 促动，激发，诱导
compel,v. 强迫
revise,v. 修订
dampen,v. 抑制
prosperity,n. 繁荣
humanity,n. 人类〔总称〕
pursue,v. 追求
innovate,v. 创新，革新
picky,adj. 挑剔的
explosion,n. 爆炸
sufficient,adj. 足够的
stereotype,n. 老套，固定模式
honesty,n. 诚实
divine,adj. 神圣的
guideline,n. 指导原则
dishwasher,n. 洗碗机
promising,adj. 有希望的，有前途的
fussy,adj. 爱挑剔的
dictate,v. 命令，规定 n. 命令，规定
prosper,v. 繁荣
deliberate,adj. 故意的
retreat,v. 退避，后退
insult,v. 侮辱
neglect,v. 疏忽
primarily,adv. 主要地，首先
incline,v. 倾向于
asset,n. 有价值的人(或物)资产
overtake,v. 超车
emphasize,v. 强调
genuine,adj. 真正的
lodge,v. 住宿，暂住
rigorous,adj. 严格的
surpass,v. 超过
aviation,n. 航空
distress,v. 使痛苦，悲痛
invariably,adv. 不变地，一直
invest,v. 投资
visible,adj. 看得见的
liability,n. 责任
resistant,adj. 抵抗的
nutritious,adj. 营养的
constantly,adv. 不断地，时常地
terribly,adv. 可怕地，非常
restore,v. 修复
refine,v. 改善
comply,v. 遵从
marvelous,adj. 引起惊异的
provoke,v. 激起，挑起
lobby,n. 大堂 v. 游说
profound,adj. 深厚的
startup,n. 启动，开办
geographic,adj. 地理的
endure,v. 忍耐
assembly,n. 装配
opponent,n. 对手
confront,v. 面对
attribute,v. 归因于
tempting,adj. 诱人的，吸引人的
feasible,adj. 可行的
diligent,adj. 勤奋的
deprive,v. 剥夺，夺去，使丧失
grid,n. 输电网
highlight,v. 突出 n. 突出的部分
justify,v. 证明……正当
proposal,n. 提议
advisory,n. 报告，警告
derive,v. 得到，导出
priority,n. 优先，优先权
symbolize,v. 象征
bankrupt,adj. 破产的，倒闭的
intake,n. 摄入
addiction,n. 上瘾
productive,adj. 富有成效的
retrain,v. 再教育
excessive,adj. 过度的
dishonest,adj. 不诚实的
glorious,adj. 辉煌的
pointless,adj. 无意义的
mutual,adj. 相互的
evolve,v. 使发展
disservice,n. 伤害，帮倒忙
ambitious,adj. 有雄心的，野心勃勃的
fuss,n. 大惊小怪
ultimately,adv. 最后，最终
regulate,v. 管理
virtually,adv. 几乎，差不多
accustom,v. 使习惯
retailer,n. 零售商
programmer,n. 程序设计员
admiration,n. 钦佩，称赞
courageous,adj. 有勇气的
respectful,adj. 有礼貌的，尊重的
makeup,n. 化妆品
namely,adv. 即，也就是
assemble,v. 集合
visibility,n. 能见度
distracted,adj. 分心的
insecure,adj. 不安全的
chap,n. 小伙子，小家伙，家伙
selective,"adj. 选择的,精选的"
inadequacy,n. 不足
intense,adj. 强烈的
facilitate,v. 使便利，促进
mislead,v. 误导
reassess,v. 重新评估
stimulate,v. 刺激
regularly,adv. 定期地，有规律地
fascinate,v. 强烈地吸引，迷住
durability,n. 持久
constitute,v. 组成
ignorant,adj. 无知的
archive,n. 档案馆，档案室
overload,n. 负担太重
mechanic,n. 机械师
detect,v. 觉察
forefinger,n. 食指
repave,v. 再铺，重新铺砌
downfall,n. （雨等的）大下特下
perception,n. 感知
facility,n. 设施
proportion,n. 比例，部分
detailed,adj. 细节的，详细的
guilt,n. 有罪，犯罪行为
infinite,adj. 无限的
hazard,n. 危险
undervalue,v. 低估
appealing,adj. 吸引人的
fitness,n. 健康
protest,v. 抗议
refuel,v. （给）加油，加燃料
tackle,v. 处理
dissatisfy,v. 不满意
offense,n. 犯罪
abruptly,adv. 突然地
weaken,v. 减少，减弱
sticky,adj. 粘的
excess,n. 过量，过度
recruit,v. 招募，吸收 n. 新兵，新成员
overstate,v. 夸张，夸大
restock,v. 重新进货，再储存
convict,v. 证明…有罪
deepen,v. 使加深，加剧
territory,n. 领土，领域
resolve,v. 解决
soluble,adj. 可溶的
amplify,v. 放大，扩大
bulk,n. 大部分
dragon,n. 龙
lately,adv. 最近，不久前
missing,adj. 失去的
arouse,v. 引起，唤起
modify,v. 更改，修改
realm,n. 领域
lever,n. 控制杆
midst,n. 中部，中间，当中
ribbon,n. 缎带，丝带
conquer,v. 征服
enthusiasm,n. 热情，热心，热忱
brood,n. 同窝幼鸟 v. 孵（蛋）
execute,v. 将…处死
conceal,v. 把…隐藏起来
messenger,n. 送信者，信使
naval,adj. 海军的，军舰的
governor,n. 州长
learning,n. 学问，知识
sting,v. 刺 n. 刺
manual,adj. 体力的 n. 手册
cabinet,n. 内阁
impressive,adj. 给人印象深刻的
stack,n. 堆，垛 v. 堆积
emphasis,n. 强调，重点，重要性
shortage,n. 不足，缺少，不足额
tunnel,n. 隧道，坑道，地道
hedge,n. 篱笆，树篱
bundle,n. 捆，包，束
stretch,v. 伸展 n. 伸展
preceding,adj. 在前的
patch,n. 补丁 v. 修补，缝补
ornament,n. 装饰物
hare,n. 野兔
brook,n. 小河，溪流
artistic,adj. 艺术的
sincere,adj. 真诚的
sympathize,v. 同情
meadow,n. 草地，牧草地
surrender,v. 交出
complicate,v. 使复杂
gardener,n. 园丁，花匠
conversion,n. 转变，转化
trumpet,n. 喇叭，小号
canoe,n. 独木舟，皮艇，划子
entertain,v. 使欢乐
congress,n. 大会
frequency,n. 屡次
confess,v. 供认，承认
industrial,adj. 工业的
explosive,n. 炸药 adj. 会爆炸的
elastic,n. 松紧带 adj. 有弹性的
paste,n. 糊
inhabit,v. 居住于，栖息于
gaseous,adj. 气体的，气态的
bold,adj. 大胆的
prosperous,adj. 繁荣的，昌盛的
turbine,n. 叶轮机，汽轮机
contempt,n. 轻蔑
dew,n. 露，露水
palm,n. 手掌，手心
crude,adj. 简陋的
frank,adj. 坦白的，直率的
moan,n. 呻吟声 v. 呻吟
barn,n. 谷仓
dramatic,adj. 戏剧的
rhythm,n. 韵律，格律
shield,n. 盾 v. 保护
aural,adj. 耳的，听觉的
measurable,adj. 可测量的
clasp,n. 扣子，钩子
cliff,n. 悬崖，峭壁
orphan,n. 孤儿
property,n. 财产，资产
fearful,adj. 害怕的，可怕的
suspicion,n. 怀疑，疑心，猜疑
orchestra,n. 管弦乐队
berry,n. 浆果（如草莓等）
hatred,n. 憎恶，憎恨，仇恨
poverty,n. 贫穷，贫困
banner,n. 横幅
Marxism,n. 马克思主义
drip,v. 滴下 n. 水滴
advisable,adj. 明智的
germ,n. 微生物，细菌
beloved,adj. 为…所爱的 n. 爱人
rarely,adv. 很少，难得
subsequent,adj. 随后的，后来的
jewish,adj. 犹太人的
bullet,n. 枪弹，子弹，弹丸
condense,v. 压缩，使缩短
exert,v. 运用
finding,n. 发现
steamer,n. 轮船，汽船
formation,n. 形成
inward,adj. 内心的 adv. 向内
plentiful,adj. 丰富的，富裕的
dissolve,v. 使溶解
farther,adv. 更远地 adj. 更远的
liner,n. 班船，班机
coil,n. （一）卷 v. 卷
compute,v. 计算，估计，估算
alloy,n. 合金
suspend,v. 吊，悬
workman,n. 工人，劳动者，工匠
leadership,n. 领导
jealous,adj. 妒忌的
rebel,v. 造反 n. 造反者
management,n. 管理
descend,v. 下来，下降
Fahrenheit,n. 华氏温度
lumber,n. 木材
encounter,v. 遭遇，遇到 n. 遭遇
compose,v. 创作
protective,adj. 保护的，防护的
overall,n. 工装裤 adj. 全面的
freely,adv. 自由地
dishonour,n. 不光彩
drift,v. 漂流 n. 趋势
mechanical,adj. 机械的
glide,v. 滑动 n. 滑行
drain,v. 排去 n. 耗竭
nonsense,n. 胡说，废话
apparatus,n. 器械，仪器
grace,n. 优美
preface,n. 序言，前言，引语
adjective,n. 形容词
horizontal,adj. 地平的
acceptable,adj. 可接受的，合意的
deadly,adj. 致命的
bloom,n. 花
railroad,n. 铁路
definite,adj. 明确的
skim,v. 掠过，擦过
flourish,v. 繁荣，茂盛，兴旺
precision,n. 精确，精密，精密度
gasp,v. 气喘，喘息
deceit,n. 欺骗，欺诈
desirable,adj. 值得相望的
furious,adj. 狂怒的
bruise,n. 青肿，伤痕
dose,n. 剂量，用量
auxiliary,adj. 辅助的
groan,v. 哼，呻吟 n. 呻吟
harden,v. 使变硬
fable,n. 寓言
trail,n. 小径 v. 跟踪
indirect,adj. 间接的
meantime,n. 其时，其间 adv. 当时
portion,n. 一部分
restraint,n. 抑制
verify,v. 证实，查证
conquest,n. 攻取，征服
bristle,n. 短而硬的毛
delegation,n. 代表团
objective,adj. 客观的
sulphur,n. 硫（磺），硫黄
appliance,n. 用具，器具，器械
inspection,n. 检阅
venture,n. 冒险 v. 敢于
input,n. 输入
roar,v. 吼叫 n. 吼
faithful,adj. 忠诚的
humble,adj. 谦逊的
democracy,n. 民主制
spoil,v. 损坏，糟蹋
pigeon,n. 鸽子
conversely,adv. 相反地
tray,n. 托盘，碟
diameter,n. 直径
glitter,v. 闪闪发光 n. 闪光
infant,n. 婴儿 adj. 婴儿的
convention,n. 习俗，惯例
greatly,adv. 大大地，非常
waken,v. 醒来
organic,adj. 有机体的
vigorous,adj. 朝气蓬勃的
spark,n. 火花，火星
stripe,n. 条纹，条子
infer,v. 推论，推断
instantly,adv. 立即，即刻
monthly,adj. 每月的 adv. 每月
dumb,adj. 哑的
rotten,adj. 腐烂的，发臭的
indication,n. 指示
submarine,adj. 水下的 n. 潜水艇
oriental,adj. 东方的
multiple,adj. 多的
strap,n. 带子 v. 捆扎
barrel,n. 桶
plunge,v. 使投入
philosophy,n. 哲学
thrive,v. 兴旺，繁荣，旺盛
fireman,n. 消防队员
awfully,adv. 令人畏惧的
concerning,prep. 关于
unlikely,adj. 未必的，未必可能的
liar,n. 说谎的人
indefinite,adj. 不明确的
dairy,n. 牛奶场 adj. 乳制品
restrain,v. 抑制，遏制
observer,n. 观察员，观测者
sometime,adv. 在某一时候
flush,v. （脸）发红
canvas,n. 粗帆布
economical,adj. 节约的
oppress,v. 压迫，压制
Latin,adj. 拉丁的 n. 拉丁语
dock,n. 船坞
devise,v. 设计，发明
absolutely,adv. 完全地
fulfil,v. 履行
limited,adj. 有限的
campus,n. 校园，学校场地
frequently,adv. 时常，常常
hostile,adj. 不友善的
extensive,adj. 广阔的
locomotive,n. 火车头，机车
fluid,n. 流体，液体
compile,v. 编辑，编制，搜集
bitterly,adv. 苦苦地
miracle,n. 奇迹，令人惊奇的人
clothe,v. 给…穿衣服
resume,v. 重新开始
obviously,adv. 明显地，显然地
breeze,n. 微风，和风
Englishman,n. 英国男子
numerous,adj. 为数众多的
foremost,adj. 最初的
childish,adj. 孩子的
residence,n. 居住
genius,n. 天才，天赋，天资
closely,adv. 紧密地
axis,n. 轴，轴线
succession,n. 连续
gaze,v. 凝视，盯，注视
presence,n. 出席，到场
captive,n. 俘虏，被监禁的人
colonel,n. 陆军上校
hateful,adj. 可恨的，可恶的
slit,n. 裂缝 v. 切开，撕开
despise,v. 鄙视，蔑视
volt,n. 伏特，伏
navigation,n. 航行
torch,n. 手电筒
bubble,n. 泡 v. 冒泡，沸腾
charming,adj. 迷人的，可爱的
uncover,v. 揭开…的盖子
interior,adj. 内的 n. 内部
historical,adj. 历史的，有关历史的
thoughtful,adj. 体贴的
discipline,n. 纪律 v. 训练
workshop,n. 车间，工场
listener,n. 听众之一
fertilizer,n. 肥料
forth,adv. 向前
gracious,adj. 有礼貌的
donkey,n. 驴
regarding,prep. 关于
commonly,adv. 普通地，一般地
filter,v. 过滤 n. 过滤器
confusion,n. 混乱
successive,adj. 连续的
conscious,adj. 意识到的
crust,n. 面包皮
outlet,n. 出口
subtract,v. 减，减去，去掉
immense,adj. 巨大的
outset,n. 开始，开端
disguise,v. 隐瞒，掩埋 n. 假装
brisk,adj. 活泼的
shriek,v. 尖声喊叫 n. 尖叫声
elaborate,adj. 复杂的
occurrence,n. 发生，出现
isolate,v. 使隔离，使孤立
supplement,n. 增补物，补充物 v. 增补，补充
inferior,adj. 下等的
efficiency,n. 效率
heating,n. 加热，供暖
comprise,v. 包含，包括
wholly,adv. 完全地，全部
shear,v. 剪
basically,adv. 基本上
naturally,adv. 自然地
despair,n. 绝望 v. 绝望
enforce,v. 实施，执行
definitely,adv. 一定地，明确地
brute,n. 禽兽，畜生
gramme,n. 克（重量单位）
displease,v. 使不愉快，使生气
depress,v. 使沮丧
certainty,n. 必然
secondary,adj. 第二的
magnet,n. 磁铁，磁石，磁体
hasten,v. 催促
helpless,adj. 无助的
mutter,v. 轻声低语
outskirt,n. 外边，郊区
peculiar,adj. 特有的
flock,n. 羊群，群
generator,n. 发电机
scatter,v. 撒
commander,n. 司令官，指挥员
limb,n. 肢，臂，翼
disposal,n. 丢掉，处理，销毁
repetition,n. 重复，反复
location,n. 位置，场所
cement,n. 水泥 v. 粘结
accessary,n. 同谋，从犯
dwelling,n. 住处，寓所
atomic,adj. 原子的
omit,v. 省略，省去
announcer,n. 播音员
formula,n. 公式，式
lieutenant,n. 陆军中尉
dependent,adj. 依靠的，依赖的
utmost,adj. 最大的 n. 极限
cooperate,v. 合作，协作
grieve,v. 悲痛
gymnasium,n. 体育馆，健身房
brim,n. 边，边缘
prescribe,v. 开处（方）
relativity,n. 相对性
internal,adj. 国内的
brandy,n. 白兰地酒
directly,adv. 直接地
unity,n. 单一
beggar,n. 乞丐，穷人
amongst,prep. 在…之中（among）
colony,n. 殖民地
reservoir,n. 水库
ridge,n. 岭，山脉
exceed,v. 超过，胜过
marine,adj. 海的
cabin,n. 小屋
senate,n. 参议院，上院
harness,v. 控制[利用]〔自然力等〕 n. 马具，挽具
organism,n. 生物体
radius,n. 半径
nuisance,n. 讨厌的人（东西）
accordance,n. 按照某事物
greenhouse,n. 温室，玻璃暖房
farewell,int. 再会 n. 告别
principal,adj. 主要的 n. 负责人
evaporate,v. 使蒸发
upright,adj. 垂直的
faculty,n. 系，科
liver,n. 肝
capacity,n. 容量
kneel,v. 跪，跪下，跪着
creep,v. 爬行
spill,v. 使溢出
somewhat,adv. 有点
liberal,adj. 心胸宽大的
tropical,adj. 热带的
molecule,n. 分子，克分子
motion,n. 运动
circular,adj. 圆的
landlord,n. 地主
microphone,n. 话筒，麦克风
gently,adv. 有礼貌地
flavour,n. 味，味道
tender,adj. 嫩的
mute,adj. 缄默的 n. 哑巴
dorm,n. 宿舍
discard,v. 丢弃，抛弃，遗弃
exclaim,v. 呼喊
compress,v. 压紧，压缩
brow,n. 额
scarcely,adv. 几乎不
marvellous,adj. 奇迹般的
footstep,n. 脚步
bough,n. 树枝
treaty,n. 条约
uneasy,adj. 心神不安的，忧虑的
solemn,adj. 严肃的，庄重的
dispose,v. 去掉，丢掉
brighten,v. 使发光
sulfur,n. 硫（磺），硫黄
beginner,n. 初学者，生手
slam,v. 使劲关
decay,v. 腐烂 n. 腐烂
prime,adj. 首要的 n. 青春
gunpowder,n. 黑色火药
completely,adv. 十分，完全地
electron,n. 电子
lime,n. 石灰
efficient,adj. 效率高的，有能力的
underneath,adv. 在下面，在底下
copper,n. 铜
delivery,n. 投递
landing,n. 上岸，登陆，着陆
Roman,n. 古罗马人 adj. 罗马的
cafe,n. 咖啡馆
generally,adv. 一般地
payment,n. 支付
flare,v. 闪耀
mode,n. 方式
defect,n. 缺点，缺陷，欠缺
infect,v. 传染
ultimate,adj. 最后的，最终的
linen,n. 亚麻布
moist,adj. 湿润的
gasoline,n. （美）汽油
cunning,adj. 狡猾的，狡诈的
deceive,v. 欺骗，蒙蔽，行骗
voltage,n. 电压
dialog,n. 对话，对白
worship,n. 礼拜 v. 崇拜
glimpse,v. 瞥见 n. 一瞥，一看
dialect,n. 方言，土语，地方话
romantic,adj. 浪漫的
plural,adj. 复数的 n. 复数
applicable,adj. 能应用的
unload,v. 卸（货）
withstand,v. 抵挡，反抗
bind,v. 捆绑
pillar,n. 柱，柱子
metric,adj. 公制的，米制的
gratitude,n. 感激，感谢，感恩
employee,n. 受雇者，雇员，雇工
nucleus,n. 核，（原子）核
oblige,v. 迫使
static,adj. 静的
portrait,n. 肖像，画像
partial,adj. 部分的
yearly,adj&adv. 每年的
cord,n. 细绳，粗线，索
invasion,n. 入侵，侵略
compound,n. 化合物
loosen,v. 解开
normally,adv. 通常
cargo,n. 船货，货物
plantation,n. 种植园
gross,adj. 总的
immigrant,n. 移民
humid,adj. 湿的，湿气重的
magnetic,adj. 磁的
glow,n. 白热光 v. 发白热光
tame,adj. 驯服的
equation,n. 方程（式）
luxury,n. 奢侈，奢华
poetry,n. 诗，诗歌，诗作
idle,adj. 空闲的
transmit,v. 传送，传达
brass,n. 黄铜
proceed,v. 进行
expansion,n. 扩大
honeymoon,n. 蜜月
propose,v. 提议
lawn,n. 草地，草坪，草场
instinct,n. 本能
await,v. 等候，期待
drought,n. 旱灾，干旱
miner,n. 矿工
pinch,v. 捏，拧，掐掉
transistor,n. 晶体管
knob,n. 门把，拉手
presently,adv. 一会儿
vitamin,n. 维生素，维他命
whilst,conj. 当…的时候
wreck,n. 沉船，失事船 v. 破坏
chill,v. 使变冷 n. 寒冷
weave,v. 织，编
heir,n. 后嗣，继承人
continual,adj. 不断的
unexpected,adj. 想不到的，意外的
exhibit,v. 陈列，展览
stroke,n. 中风
millimetre,n. 毫米
interfere,v. 干涉，干预
crow,n. 鸦，乌鸦 v. 啼
behavior,n. 行为，举止，态度
provided,conj. 以…为条件
vessel,n. 船，飞船
overnight,adv. 一夜
motive,n. 动机，目的
capture,v. 捕获，俘获
collective,adj. 集体的
restless,adj. 不安定的，焦虑的
tempt,v. 引诱，诱惑
corridor,n. 走廊，回廊，通路
duration,n. 持续，持久
mould,n. 模子，模型 v. 浇铸
logical,adj. 逻辑的
horsepower,n. 马力
disclose,v. 揭开，揭发
further,adv. 更远地 adj. 更远的
catalog,n. 目录，目录册
coward,n. 懦夫
trim,adj. 整齐的 v. 使整齐
vibrate,v. 使颤动
substance,n. 物质
procession,n. 队伍，行列
rifle,n. 步枪，来复枪
blossom,n. 花 v. 开花
heading,n. 标题，题词，题名
commerce,n. 商业，贸易
elsewhere,adv. 在别处，向别处
faulty,adj. 有缺点的
respective,adj. 各自的，各个的
ounce,n. 盎司，英两
devil,n. 魔鬼，恶魔
waggon,n. 四轮运货马车
rack,n. 搁物架
lace,n. 鞋带，系带
jolly,adj. 快活的
loop,n. 圈，环，环孔
moisture,n. 潮湿，湿气
investment,n. 投资，投资额
summarize,v. 概括，概述，总结
thereby,adv. 因此，从而，由此
usage,n. 使用，对待
cripple,n. 跛子
cigaret,n. 香烟，纸烟，卷烟
thickness,n. 厚（度）
wicked,adj. 坏的
suspicious,adj. 怀疑的
scrape,v. 刮 n. 刮
Bible,n. 基督教《圣经》
stability,n. 稳定
lower,adj. 较低的 v. 放下
saddle,n. 鞍子，马鞍
moderate,adj. 温和的
reaction,n. 反应
outlook,n. 观点，看法
reduction,n. 减少，减小，缩减
invisible,adj. 看不见的
noun,n. 名词
blend,v. 混和 n. 混和物
gulf,n. 海湾
repeatedly,adv. 重复地
manly,adj. 男子气概的，果断的
Mister,n. 先生
crawl,v. 爬，爬行
employment,n. 工作
dread,n. 畏惧 v. 惧怕
furnace,n. 炉子，熔炉
accord,v. 给予
petroleum,n. 石油
hollow,adj. 空的
earnest,adj. 认真的，诚恳的
veteran,n. 老兵
span,n. 持续时间
collapse,v. 倒坍
assure,v. 使确信
radar,n. 雷达，无线电探测器
gauge,v. 量，测量 n. 量器
rust,n. 锈 v. 生锈，氧化
automobile,n. 汽车，机动车
grind,v. 磨（碎）
excursion,n. 远足
haste,n. 急速，急忙
needless,adj. 不需要的
habitual,adj. 习惯性的，惯常的
erect,v. 建造
noticeable,adj. 显而易见的
orderly,adj. 整洁的
horizon,n. 地平线
similarly,adv. 类似地，相似地
protein,n. 蛋白质，朊
specimen,n. 样本，标本，样品
exterior,adj. 外部的
variable,adj. 易变的 n. 变量
revolt,n. 反抗 v. 反抗
width,n. 宽度
fertile,adj. 肥沃的
chamber,n. 〔人体内或某些机器中的〕室，腔
rotary,adj. 旋转的，转动的
dense,adj. 密集的
scout,n. 侦察员，侦察机
layout,n. 布局，安排，设计
torture,n. 拷问 v. 拷打
shiver,v. 颤抖，哆嗦 n. 冷颤
likewise,adv. 同样地
ratio,n. 比，比率
textile,n. 纺织品
employer,n. 雇佣者，雇主
preferable,adj. 更可取的，更好的
impatient,adj. 不耐烦的，急躁的
vapour,n. 汽，蒸气
civilize,v. 使文明
favourable,adj. 赞成的
exciting,adj. 令人兴奋的
comparison,n. 比较，对照
bosom,n. 胸，胸部
surgery,n. 外科，外科手术
fleet,n. 舰队
liter,n. 升（容量单位）
mechanics,n. 力学
crystal,n. 结晶体
effective,adj. 有效的
rouse,v. 唤醒，唤起
reflexion,n. 映象
Arabian,adj. 阿拉伯的
widen,v. 变宽
ampere,n. 安培
blast,n. 爆炸，冲击波 v. 炸
doubtless,adv. 无疑地
cloak,n. 斗篷
mistress,n. 女主
rotation,n. 旋转，转动
hardware,n. 硬件
naughty,adj. 顽皮的，淘气的
persist,v. 坚持，固执
vacuum,n. 真空
ditch,n. 沟，沟渠，渠道
accidental,adj. 偶然的
automation,n. 自动，自动化
angel,n. 天使
variation,n. 变化，变动
reflection,n. 映象
removal,n. 移动
costly,adj. 昂贵的
continuous,adj. 连续不断的，持续的
fabric,n. 织物，纺织品
freight,n. 货运
lick,v. 舔
thrust,v. 插，刺 n. 猛冲，猛刺
spur,n. 刺激物 v. 刺激
curse,n. 诅咒，咒骂
heroic,adj. 英雄的
resort,vi. 求助，凭借 n. 诉诸
utter,adj. 完全的，彻底的
penetrate,v. 穿过
boast,v. 自夸，吹嘘
breadth,n. 宽度，幅度
feeble,adj. 虚弱的
lighten,v. 照亮，使明亮
hasty,adj. 急速的
commission,n. 委员会
joyful,adj. 十分喜悦的，快乐的
convert,v. 使转变
submerge,v. 浸没
honourable,adj. 光荣的
spacecraft,n. 航天器，宇宙飞船
soak,v. 浸，泡
Marxist,adj. 马克思主义的
disorder,n. 骚乱
graceful,adj. 优美的，优雅的
optical,adj. 眼的
attentive,adj. 注意的
odour,n. 气味，味道
enclose,v. 附上
daring,adj. 大胆的，勇敢的
bronze,n. 青铜
disable,v. 使无能，使伤残
doubtful,adj. 难以预测的
famine,n. 饥荒
princess,n. 公主
fragment,n. 碎片，破片，碎块
provision,n. 供应
coordinate,v. 使协调，调节
horror,n. 恐怖
deduce,v. 演绎，推论，推断
acceptance,n. 接受，验收
recovery,n. 重获
depart,v. 离开，起程
crane,n. 起重机，摄影升降机
external,adj. 外部的，外面的
fraction,n. 小部分
brittle,adj. 脆的
parade,n. 游行 v. 游行
furnish,v. 装备，布置 （房间、建筑物）
liable,adj. 易于…的
Negro,n. 黑人
storey,n. （层）楼
lightly,adv. 轻轻地，轻松地
remarkable,adj. 异常的，非凡的
muscle,n. 肌肉，肌
sole,n. 脚底
imprison,v. 关押，监禁
loyal,adj. 忠诚的，忠心的
ghost,n. 鬼，灵魂
mortal,adj. 终有一死的
bull,n. 公牛
cucumber,n. 黄瓜
cordial,adj. 真诚的，诚恳的
sketch,n. 略图
intimate,adj. 亲密的
waterproof,adj. 不透水的，防水的
overtime,n. 加班
nasty,adj. 龌龊的
halt,v. 停止 n. 停住
occasional,adj. 偶然的
sequence,n. 次序
rotate,v. 旋转
plough,n. 犁 v. 犁，耕
largely,adv. 大部分
extent,n. 程度
moreover,adv. 再者，加之，此外
journal,n. 日报，杂志
liquor,n. 酒
limitation,n. 限制
stoop,v. 俯身 n. 曲背
parliament,n. 议会，国会
weld,v. 焊接，熔接 n. 焊接点
cannon,n. 大炮，火炮
confine,v. 禁闭
necessity,n. 必要性
mercury,n. 水银，汞
darling,n. 亲爱的人
injection,n. 注射
indignant,adj. 愤慨的，义愤的
cart,n. 二轮运货马车
herd,n. 兽群，牧群 v. 放牧
sportsman,n. 运动员
intensity,n. 强烈，剧烈
violet,n. 紫罗兰
slender,adj. 细长的
landlady,n. 女房东
blaze,n. 火 v. 燃烧
bolt,n. 插销 v. 闩门
nitrogen,n. 氮
murderer,n. 杀人犯，凶手
inhabitant,n. 居民，住户
lest,conj. 以免
fruitful,adj. 多产的
velocity,n. 速度
cricket,n. 板球
structural,adj. 结构的，构造的
precaution,n. 预防
coarse,adj. 粗的，粗糙的
agony,n. 极度痛苦
intensive,adj. 加强的
disgust,n. 厌恶，憎恶
utilize,v. 利用
temper,n. 韧度 vt. 调和， 使缓和
concede,vt. 承认， 承认…为真
sexism,n. 性别偏见， 性别歧视
editorial,adj. 编辑的，主笔的，编者的 n. 社论， 重要评论
dominate,vi. 拥有优势 vt. 在…中占首要地位
Christ,n. 基督， 救世主
halfway,adv. 半路地 adj. 中途的
bump,vi. 碰，撞 n. 碰撞， 猛撞
draught,n. 穿堂风，冷风 adj. 〔啤酒〕桶装的，散装的
surge,vi. 蜂拥而出 n. 大浪， 波涛
senator,n. 参议员
obligation,n. 义务， 责任
combat,n. 战争，斗争，格斗 vt. 与…斗争， 与…战斗
clause,n. 条款
charm,n. 迷人的特性，魅力 vt. 吸引， 迷住
deception,n. 欺骗
given,adj. 规定的，特定的 prep. 考虑到
solicitor,n. 律师， 法律顾问
doctoral,adj. 博士的
generic,adj. 【生物】 属的， 类的
whoever,pron. 谁
deputy,n. 副职， 副手
preventive,adj. 预防性的
alliance,n. 结盟， 联盟
wagon,n. 四轮马车， 大篷车
soda,n. 碳酸钠， 纯碱
compassion,n. 同情， 怜悯
dental,adj. 牙齿的， 牙科的
rally,v. 集合， 团结 n. 集会
profile,n. 侧面 vt. 为…描绘
pluralism,n. 多重性
bracket,n. 括号 vt. 把…归为同一类
conviction,n. 确信
reckon,vt. 认为， 估计
bloody,adv. [用于加强语气]非常，很 adj. [用于加强语气]非常的 vt. 血染
priest,n. 神父， 牧师
invincible,adj. 不能征服的， 无敌的
whereas,conj. 然而， 但是， 尽管
adoptive,adj. 收养关系的
machinery,n. 机器， 机械
inference,n. 推断结果， 结论
notify,vt. 通知， 告知， 报告
heave,vi. 起伏，隆起 vt. 举起，提起，拉起，拖 n. 举起
nourish,vt. 提供养分， 养育
refugee,n. 难民
comparable,adj. 可比较的
presumably,adv. 大概， 可能， 据推测
bearing,n. 举止， 风度
spokesman,n. 发言人
suburb,n. 郊区， 郊外， 近郊
shrug,n&v. 耸肩
owing,adj. 应付的， 未付的
guitar,n. 吉他， 六弦琴
cherish,vt. 珍爱
prolong,vt. 拉长， 延长
republican,adj. 共和政体的 n. 共和党人
coupon,n. 礼券， 优惠券， 配给券
anonymous,adj. 匿名的
fourfold,adv. 四倍， 四重 adj. 四倍的，四重的
publicity,n. 公众的注意， 名声
according,adj. 相等的， 一致的， 依…而定的
membership,n. 会员身份， 会籍
newsstand,n. 报摊， 杂志摊
landscape,n. 风景，景色 vt. 美化…的景观
fairy,n. 小精灵， 小仙子
providing,conj. 倘若
minimize,vt. 将…减少
lease,n. 租约，租契 vt. 出租
slap,vt. 掴，掌击，拍 n. 掴， 掌击， 拍
persuasive,adj. 劝诱的
breakdown,n. 垮， 衰竭
copyright,n. 版权
charter,adj. 包租的， 租用的 n. 宪章，共同纲领 vt. 包，租
succeeding,adj. 以后的， 随后的
viewpoint,n. 观点， 看法， 见解
script,n. 剧本， 广播稿
species,n. 种， 类
internship,n. 实习生身份
estate,n. 土地， 住宅区， 地产
rumour,n. 谣传， 谣言
elderly,adj. 较老的，年长的 n. 到了晚年的人， 老年人
radical,adv. 根本的，基本的 n. 激进分子
concession,n. 让步， 妥协
elective,adj. 选举的，有选举权的 n. 选修课程
accusation,n. 谴责
exclusive,adj. 奢华的，高级的 n. 独家新闻
housing,n. 房屋， 住宅
notion,n. 概念， 观念
empower,vt. 授权于
segment,n. 部分， 片段
statistic,n. 统计数值， 统计资料
mold,n. 霉，霉菌 vt. 用模子制作， 塑造
summit,n. 最高点， 峰顶
suicide,n&v. 自杀
saving,n. 节省， 节约
connexion,n. connection的英式拼法
protocol,n. 礼仪， 礼节
cruise,vi. 航游，巡航 n. 航游， 游弋
erroneous,adj. 错误的， 不正确的
cashier,n. 出纳
sheer,adv. 垂直地，陡峭地 vi. 急转向， 偏离 adj. 完全的，十足的
depression,n. 抑郁， 沮丧
gaol,vt. 监禁 n. 监狱
applause,n. 鼓掌， 掌声
enquire,v. 询问
integrate,v. 成为一体， 合并
survivor,n. 生还者
diagnose,vt. 诊断
popularize,vt. 普及
clash,vi. 发生冲突 n. 冲突
sanction,vt. 批准，认可 n. 批准， 认可
historic,adj. 历史上著名的， 具有重大历史意义的
fulfill,vt. 履行， 实现， 完成
striking,adj. 显著的， 突出的
youngster,n. 青年， 年轻人， 孩子
delegate,n. 代表， 代表团成员 vt. 委派…为代表
pants,n. 长裤， 便裤
consumer,n. 消费者， 用户， 消耗者
medication,n. 药物治疗
strategic,adj. 对全局有重要意义的， 关键的
readily,adv. 乐意地， 欣然地
respondent,n. 回答者
episode,n. 一个事件
evidently,adv. 明显地， 显然
victimize,vt. 使受害， 使牺牲
scandal,n. 丑事， 丑闻
attorney,n. 律师， 代理人
mainframe,n. 主机， 大型机
audio,adj. 听觉的， 声音的
offensive,adj. 冒犯的，无礼的 n. 进攻， 攻势
speculate,v. 推测， 推断
acquaint,vt. 使认识， 使了解
intervene,vi. 干涉， 调停， 干预
epidemic,adj. 流行性的 n. 流行病
forge,vt. 打制， 锻造
damn,interjection. 该死，见鬼〔表示很生气或失望〕 adv. 非常，很 adj. 该死的〔表示对某人或某事物生气〕
hesitant,adj. 犹豫的
timber,n. 木材， 原木
innovative,adj. 创新的， 革新的
indoor,adv. 在室内， 在户内 adj. 室内的
scarce,adj. 缺乏的， 不足的
excitement,n. 刺激， 激动， 兴奋
nightmare,n. 噩梦
sociology,n. 社会学
limp,adj. 软的 v. 〔因一腿受伤而〕跛行，一瘸一拐地走 n. 跛行
responsive,adj. 响应的
wildfire,n. 野火
compact,adj. 紧密的，紧凑的
defy,v. 违背，违抗
server,n. 服务器
rustle,v. 发出沙沙声
diversion,n. 转移
merge,v. 合并
priceless,adj. 无价的，难以用价格衡量的
honorary,adj. 荣誉的
chronic,adj. 长期的
imminent,adj. 即将来临的
obesity,n. 肥胖
irrational,adj. 不合理的，不理性的
inherent,adj. 固有的
exotic,adj. 异域的，外国的
outdated,adj. 过时的
outnumber,v. 超过
supervisor,n. 督导
fluctuate,v. 波动
markedly,adv. 显著地
bleak,adj. 荒凉的
foster,v. 促进
misfortune,n. 不幸
citation,n. 引文
ecological,adj. 生态学的
dilute,v. 稀释，冲淡
stray,n. 走失[流浪]的动物
imbalance,n. 不平衡
outlive,v. 比……活的时间长
outweigh,v. 超过
opposition,n. 反对
integral,adj. 必需的，不可缺少的
affiliate,v. 使隶属于
memorable,adj. 值得纪念的
decisive,adj. 决定性的
displace,v. 取代
violation,n. 违反
calorie,n. 卡路里
analytical,adj. 分析的
scarcity,n. 缺乏
misled,v. (mislead过去式)误导
recruiter,n. 招聘者
reunion,n. 团聚
premium,n. 〔尤指每年缴付的〕保险费
conformity,n. 一致
inaction,n. 不作为
irony,n. 讽刺
monopolize,v. 垄断
workload,n. 工作量
regime,n. 制度，管理体制
bizarre,adj. 古怪的
upgrade,v. 升级
abnormally,adv. 不正常地
legalize,v. 合法化
certify,v. 保证，证明
insurer,n. 保险公司
obscurity,n. 默默无闻
dolphin,n. 海豚
severity,n. 严重性
robbery,n. 抢劫
inanimate,adj. 无生命的
baffle,v. 使迷惑，困惑
chronicle,v. 记录
milestone,n. 里程碑
unstable,adj. 不稳定的
municipal,adj. 市政府的
robust,adj. 强健的
reserved,adj. 保留意见的
collide,v. 撞击，碰撞
prevalence,n. 流行，普遍
injustice,n. 不公正
irrelevant,adj. 无关的
designate,v. 指定，委派
expertise,n. 专业知识
ventilate,v. 使通风
turbulent,adj. 动荡的，骚乱的
expel,v. 开除，驱逐
outperform,v. 胜过
modernize,v. 现代化
vegetarian,n. 素食主义者
portray,v. 描述
infectious,adj. 感染的，传染的
transcend,v. 超越
kidnap,v. 绑架
stabilize,v. 使稳固，使安定
migrate,v. 移民
isolation,n. 隔绝，隔离
perpetual,adj. 永久的
enviable,adj. 值得羡慕的
monopoly,n. 垄断
contestant,n. 参赛者
glamorous,adj. 有魅力的，迷人的
prolonged,adj. 长时间的
compelling,adj. 引人注目的
immensely,adv. 非常，极大地
permeate,v. 渗透
skeptical,adj. 怀疑的
vocational,adj. 职业的
variance,n. 不同
landmark,n. 地标
linger,v. 逗留，徘徊
luxurious,adj. 奢侈的，豪华的
testify,v. 作证
drummer,n. 鼓手
revive,v. 复兴
vulnerable,"adj. 脆弱的, 易受影响的"
suppress,v. 镇压，压制
diminish,v. 减少
reconcile,v. 使一致
navigate,v. 航行，驾驶
console,v. 安慰
discern,v. 识别
judicial,adj. 司法的
impair,v. 损害
motel,n. 汽车旅馆
conserve,v. 保留，保护
payroll,n. 工资总额
unified,adj. 统一的
intertwine,v. 交织，纠缠
hazardous,adj. 危险的
constrain,v. 限制
soothe,v. 安慰，减轻
entail,v. 使需要，使必须
fixture,n. 固定装置
scent,n. 香味
subsidy,n. 补助
smuggle,v. 走私
inhale,v. 吸入
cumulative,adj. 积累的
lofty,adj. 高耸的
clarity,n. 清晰，清楚
interact,v. 互动
confer,v. 授予
justified,adj. 正当的
eccentric,adj. 古怪的
resolute,adj. 坚定的
indicative,adj. 指示的
perish,v. 死亡
rigor,n. 严格，严谨
deficient,adj. 不足的，缺乏的
adventurer,n. 冒险者
quicken,v. 加快
divert,v. 使转向
contention,n. 争论
hijack,v. 劫持
dweller,n. 居住者
buck,v. 反对 n. 美元
undecided,adj. 不确定的
texture,n. 质地
manuscript,n. 手稿
duplicate,n. 副本，复制品
ecosystem,n. 生态系统
regain,v. 重新获得
spectacle,n. 景象
malicious,adj. 恶毒的
prevailing,adj. 流行的
mobility,n. 流动性
ascend,v. 上升
fake,n. 假货
outsource,v. 外包
addict,n. 吸毒上瘾者
slash,v. 猛削，劈，砍
cognitive,adj. 认知的
extinguish,v. 熄灭
simulate,v. 模拟，模仿
spacious,adj. 宽敞的
counselor,n. 咨询顾问
assimilate,v. 同化
cropland,n. 农田
relieved,adj. 轻松的，缓解的
orient,v. 使确定方向
utterly,adv. 完全地，彻底地
accrue,v. 积累
nominate,v. 提名
imperial,adj. 帝国的
disconnect,v. 断开
assert,v. 主张，断言
breezy,adj. 轻松愉快的
presidency,n. 总统任期
quota,n. 配额
arrogant,adj. 傲慢无礼的
elevate,v. 提升
reflective,adj. 反映的，反射的
acutely,adv. 强烈地
hostility,n. 敌意
transition,n. 过渡
pasture,n. 牧场
dividend,n. 分红，红利
minimal,adj. 最低的，最小限度的
derail,v. 脱轨
ingenuity,n. 创造力
bribe,v. 贿赂
badge,"n. 标记, 徽章"
descendant,n. 子孙后代
amend,v. 修订
tangled,adj. 纠缠的
adverse,adj. 不利的
humanistic,adj. 人文的
formidable,adj. 可怕的
overturn,v. 推翻
shrank,v. 收缩(shrink过去式)
adversely,adv. 不利地
testimony,n. 证词
privileged,adj. 有特权的
bias,n. 偏见
lawsuit,n. 诉讼
eloquent,adj. 口才好的，雄辩的
eradicate,v. 根除
redefine,v. 重新定义
intensely,adv. 强烈地
deviate,v. 偏离
indulge,v. 放纵
squalor,n. 肮脏
casualty,n. 伤亡人数
subtle,adj. 微妙的
prestige,n. 名声，声望
intriguing,adj. 有趣的
hurl,v. 猛投
conclusive,adj. 得出结论的
dispatch,v. 发送，派遣
redundant,adj. 失业的，被解雇的
deficit,n. 赤字
untreated,adj. 未经处理的
distort,v. 歪曲
wishful,adj. 一厢情愿的
assault,n. 攻击
footnote,n. 注脚
manifest,v. 表明
fiscal,adj. 财政的
mortality,n. 死亡率
mournful,adj. 悲哀的
literacy,n. 识字， 有文化
apathy,n. 冷漠
debris,n. 残骸，碎片
coastal,adj. 海滨的
embody,v. 体现
backup,n. 后补，援助
notably,adv. 显著地，尤其
readjust,v. 重新调整，再调整
threshold,n. 门槛
uneven,adj. 不均衡的
donor,n. 捐赠者
jeopardize,v. 危害，危及
shrewd,adj. 精明的
illuminate,v. 阐释，阐明
blueprint,n. 蓝图，设计图
ponder,v. 仔细考虑
paradise,n. 天堂
ethnic,adj. 种族的
pave,v. 铺路
signify,v. 表明，象征
mining,n. 采矿业
dynamics,n. 动力学
ritual,n. 仪式
criteria,n. 标准
untiring,adj. 不知疲倦的
rewarding,adj. 有意义的
descent,"n. 血统, 后裔"
carpentry,n. 木工活
decode,v. 解码
intrinsic,adj. 本质的，固有的
deem,v. 认为
suburban,adj. 郊区的
ideology,n. 意识形态
layman,n. 门外汉
seasick,adj. 晕船的
magnify,v. 放大
expedition,n. 探险，远征
ongoing,adj. 持续的，不间断的
uninformed,adj. 无知的，未受过教育的
overlap,v. 重叠
diligence,n. 勤奋
fertility,n. 多产，肥沃
elite,n. 精英
recyclable,adj. 可回收利用的
visualize,v. 想象
exertion,n. 运用
slack,adj. 疲软的，萧条的
aptly,adv. 适当地
promotion,n. 促销
paralyze,v. 瘫痪，麻痹
refrain,v. 抑制，避免
flavor,n. 口味
agonize,v. 使痛苦
renewable,adj. 可再生的
hypothesis,n. 假设，假说
unbiased,adj. 公正的
immersive,adj. 沉浸的，身临其境的
domain,n. 领域
throne,n. 王位
abolition,n. 废除
corruption,n. 腐败
intolerant,adj. 无法容忍的
rebellion,n. 叛逆
imperative,"adj. 必须的,必要的"
geology,n. 地质学
noted,adj. 著名的
extinction,n. 灭绝
reckless,adj. 鲁莽的
optimism,n. 乐观
memorandum,n. 备忘录
impart,v. 传授，教授
maturity,n. 成熟
validity,n. 有效性
shady,adj. 阴凉的
worldly,adj. 世间的，尘世的
legislator,n. 立法者
odds,n. 可能性
shepherd,v. 引导，带领
bemoan,v. 抱怨
incur,v. 引起，导致
literal,adj. 字面的
disarm,v. 解除，消除
validation,n. 证实
unethical,adj. 不道德的
fluently,adv. 流利地
prioritize,v. 优先
bipartisan,adj. 两党的
reluctance,n. 勉强，不情愿
intuitive,adj. 直觉的
pragmatic,adj. 务实的，讲求实际的
alleviate,v. 减轻，缓解
underlying,adj. 潜在的，基础的
invasive,adj. 入侵的
eligible,adj. 适合的
aggravate,v. 加重，加剧
frankly,adv. 坦率地
thrilling,adj. 令人兴奋的
rhetorical,adj. 修辞的
momentum,n. 动力，势头
miniature,adj. 微型的
hack,v. 黑客攻击
brutal,adj. 残酷的
genetic,adj. 基因的
recurrence,n. 再次发生
memo,n. 备忘录
frantic,adj. 疯狂的
allegedly,adv. 据说
manipulate,v. 操纵
coverage,n. 报道
neutrality,n. 中立
underscore,v. 强调
sanitation,n. 卫生环境，卫生设备
defensive,adj. 防守的，防御的
deduction,n. 扣款
monetary,adj. 货币的
precedent,n. 先例
activate,v. 激活
pessimist,n. 悲观主义者
toxic,adj. 有毒的
ruling,n. 裁定
reap,v. 收割，收获
groundless,adj. 无理由的，无根据的
commodity,n. 商品
surgical,adj. 手术的
pursuit,n. 追求
lobbyist,n. 游说者
handgun,n. 手枪
detached,adj. 冷静的，超然的
fearlessly,adv. 无畏地，大胆地
randomly,adv. 随机地
stimulus,n. 刺激
sneak,v. 溜走
turbulence,n. 气流
hike,v. 作长途徒步旅行
resultant,adj. 作为结果而发生的
consequent,adj. 作为结果的
composer,n. 作曲家
grunt,v. 作呼噜声
abide,v. 忍受
outermost,adj. 最外面的，最远的
optimum,adj. 最优的，最适宜的
suffice,v. 足够
conceit,n. 自负，自高自大
endow,v. 资助
datum,n. 资料
bourgeois,adj. 中产阶级的
woodpecker,n. 啄木鸟
decorative,adj. 装饰的
ornamental,adj. 装饰的
shipment,n. 装载的货物
array,v. （美观地）排列 n. 陈列
torque,n. 转（力）矩，扭（力）矩
clutch,v. 抓住，掌握，攫
watchful,adj. 注意的，警惕的
inject,v. 注射
stalk,n. 主茎，叶柄
preside,v. 主持
eject,v. 逐出，排斥
jewellery,n. 珠宝，珠宝饰物
axial,adj. 轴的
ambient,adj. 周围的，包围着的
periodic,adj. 周期的
peripheral,adj. 外围的的
perimeter,n. 周（边）
hearty,adj. 热情友好的
neutron,n. 中子
proton,n. 质子，氕核
fabricate,v. 捏造
rebuke,v. 指责，非难，斥责
denote,v. 指示，意味着
instructor,n. 指导者，教员
colonial,adj. 殖民地的，殖民的
vocation,n. 职业，行业
notable,adj. 值得注意的
weaver,n. 织布工，编织者
brace,n. 支柱 v. 拉紧，撑牢
correctly,adv. 正确地，恰当地
conqueror,n. 征服者，胜利者
gust,n. 阵风，一阵狂风
sincerity,n. 真诚，诚意
literally,adv. 照字义，逐字地
summon,v. 召唤
marsh,n. 沼泽地，湿地
hindrance,n. 障碍，妨碍
hose,n. 软管
tensile,adj. 张力的
warfare,n. 战争，战争状态
cling,v. 粘住
viscous,adj. 粘滞的，粘性的
coherent,adj. （文章、观点等）连贯的，有条理的，一致的
adhere,v. 粘附
wink,v. 眨眼
mint,n. 造币厂
hymn,n. 赞美诗，圣歌
glorify,v. 赞美
fore,adv. 在（或向）船头
therein,adv. 在那里
ashore,adv. 在岸上，上岸
roam,v. 在…漫步，漫游
disastrous,adj. 灾难性的
lunar,adj. 月亮的
dome,n. 圆屋顶，拱顶
cylinder,n. 圆筒
prototype,n. 原型
vowel,n. 元音
marshal,n. 元帅
prophet,n. 预言家，先知
prophecy,n. 预言
preset,v. 预先装置
beforehand,adv. 预先
prevention,n. 预防，阻止，妨碍
tulip,n. 郁金香
intonation,n. 语调，声调
cosmic,adj. 宇宙的
cosmos,n. 宇宙
senseless,adj. 愚蠢的，无意义的
torpedo,n. 鱼雷，水雷
shadowy,adj. 有影的
finite,adj. 有限的
courteous,adj. 有礼貌的，谦恭的
bead,n. 有孔小珠
yacht,n. 游艇，快艇
uranium,n. 铀
postal,adj. 邮政的，邮局的
cutter,n. 用于切割的器械
emigrate,v. 永久移居国外
eternal,adj. 永久的
stiffness,n. 硬度
ignite,v. 引燃，着火
derivation,n. 引出
banker,n. 银行家
obscure,adj. 无名的
inasmuch,adv. 因为，由于
formerly,adv. 以前，从前
veil,v. 以面纱遮掩
forsake,v. 遗弃，抛弃
colonist,n. 移民
wardrobe,n. 衣柜，衣橱，藏衣室
Islam,n. 伊斯兰教，回教
evenly,adv. 一致地
compatible,adj. 兼容的
stitch,n. 一针，缝线 v. 缝
cluster,n. 串，束，簇 v. 群聚
metallurgy,n. 冶金学，冶金术
Jesus,n. 耶稣
fort,n. 要塞，堡垒
postulate,v. 假定，假设
cradle,n. 摇篮
waver,v. 犹豫不决
oxide,n. 氧化物
oxidize,v. 氧化，使生锈
anode,n. 阳极，正极，板极
proverb,n. 谚语，格言，箴言
banquet,n. 宴会，盛会，酒席
sharply,adv. 严厉地，苛刻地
retard,v. 阻碍
pickle,n. 腌制食品，泡菜
opium,n. 鸦片
squash,v. 压碎 n. 果汁饮料
patrol,n. 巡逻，巡查
quest,v. 寻找，追求
radiant,adj. 容光焕发的
gorgeous,adj. 极其漂亮的，极其吸引人的
melody,n. 旋律，曲调
overhang,v. 悬于…之上，悬垂
propaganda,n. 宣传
narration,n. 叙述
warrant,n. （法院授权警方采取行动的）令状
requisite,adj. 需要的，必要的 n. 必需品
embroidery,n. 绣花，刺绣
eloquence,n. 雄辩
scarlet,n. 猩红色 adj. 猩红的
novelty,n. 新颖
zinc,n. 锌 v. 在…上镀锌
crab,n. 蟹 v. 捕蟹
subscript,adj. 写在下方的 n. 下标
jean,n. 斜纹布
gradient,n. 斜坡
vicious,adj. 邪恶的
wedge,n. 楔 v. 楔入
decimal,adj. 小数的，十进制的
footpath,n. 小路，人行道
puppy,n. 小狗
closet,n. 小房间
pamphlet,n. 小册子
token,n. 辅币
ivory,n. 象牙（质）
southwards,adv. 向南方
hail,v. 向…欢呼，招呼
yearn,v. 渴望，向往
spice,n. 香料，调味品
pilgrim,n. 香客，朝圣者
incense,n. 香，熏香
uniformly,adv. 相同地
analogy,n. 相似，类似
reciprocal,adj. 相互的
coincide,v. 相巧合
inversely,adv. 相反地
linear,adj. 线的
distinctly,adv. 显然，清楚地
gossip,n. 闲谈
ramble,v. 闲逛，漫步
precede,v. 先于…，领先
taper,n. 细小的蜡烛
petty,adj. 细小的
filament,n. 细丝
spectrum,n. 系列，范围
quench,v. 熄灭，扑灭
absorption,n. 吸收
physically,adv. 身体上
luncheon,n. 午宴，午餐，便宴
infinitely,adv. 无限地，无边地
unlimited,adj. 无限的
fearless,adj. 无畏的，大胆的
inorganic,adj. 无生物的
ruthless,adj. 无情的，冷酷的
incapable,adj. 无能力的
faultless,adj. 无过失的
nought,n. 无，零
filth,n. 污秽，污物
snail,n. 蜗牛
compliment,n. 致意，问候 v. 赞美，祝贺
illiterate,adj. 文盲的 n. 文盲
stationery,n. 信笺，信纸
softness,n. 温和，柔和
graze,v. 喂草
locality,n. 位置，地点，发生地
situated,adj. 位于…的
unpaid,adj. 未付的
stern,n. 艉，船尾
latitude,n. 纬度
Venus,n. 维纳斯
idealism,n. 唯心主义
mast,n. 桅杆
enclosure,n. 围场，围栏
plead,v. 为…辩护，抗辩
calculus,n. 微积分
gleam,n. 微光 v. 发微光
negligible,adj. 微不足道的
majesty,n. 雄伟，威严，庄严
peril,n. 危机
fro,adv. 往，去，回，向后
mesh,n. 网眼，筛孔，网络
trifle,v. 玩忽
completion,n. 完成，结束，完满
crooked,adj. 弯的，歪的
hull,n. 外壳，豆荚
tile,n. 瓷砖
watt,n. 瓦（特）
elliptical,adj. 椭圆的
haul,v. 拖曳
devour,v. 吞食
propulsion,n. 推进，推进力
propel,v. 推进，推动
overthrow,v. 推翻 n. 推翻，瓦解
impulse,n. 冲动
shove,v. 推，（使劲）推
solidarity,n. 团结
regiment,n. 团，军团
bandit,n. 土匪，盗匪，歹徒
bald,adj. 秃头的
projector,n. 投影仪
misery,n. 痛苦，悲惨，不幸
torment,n. 痛苦 v. 折磨
thrash,v. 痛打，鞭打，打
likeness,n. 同样
customary,adj. 通常的
ordinarily,adv. 通常，大概
blacksmith,n. 铁匠，锻工
ferrous,adj. 铁的
adjoin,v. 贴近，毗连
modulate,v. 调整，调节（声音）
mischief,n. 调皮，捣蛋，胡闹
sweetness,n. 甜蜜，芬芳
purify,v. 提纯，精炼（金属）
outlaw,n. 逃犯，歹徒
wade,v. 趟（河），跋涉
probe,n. 探针 v. 用探针探查
charcoal,n. 炭，木炭
greed,n. 贪心，贪婪
moss,n. 苔藓，地衣
pedal,n. （自行车的）踏脚，踏板，脚蹬
thereof,adv. 它的，其
trivial,adj. 琐碎的
deform,v. 损坏…的形状
fringe,n. 穗，毛边
scrap,n. 碎片 v. 废弃
shorthand,n. 速记，速记法
loosely,adv. 松松地，松散地
hiss,n. 嘶嘶声 v. 嘶嘶作声
velvet,adj. 丝绒制的
treasurer,n. 司库，财务主管
exposition,n. 说明，解释
preach,v. 说教，布道
momentary,adj. 瞬息间的，片刻的
couch,n. 睡椅，长沙发椅
slumber,n. 睡眠
buffalo,n. 水牛
hydraulic,adj. 水力的
watery,adj. 充满水的
rinse,v. 冲洗
numerical,adj. 数字的，数值的
harp,n. 竖琴
proficient,adj. 熟练的，精通的
dependant,n. 受赡养者
miser,n. 守财奴，吝啬鬼
trolley,n. 手推车
handbook,n. 手册，便览，指南
adoption,n. 收养
oath,n. 誓言，誓约，宣誓
wholesome,adj. 对健康有益的
moderately,adv. 适度地，适中
fitting,adj. 适当的 n. 配件
snob,n. 势利小人
snobbish,adj. 势利的，谄上欺下的
automate,v. 使自动化
lengthen,v. 使延长，变长
freshen,v. 使显得新鲜
moor,v. 使停泊
lubricate,v. 使润滑，加润滑油
soften,v. 使软化，变温和
sorrowful,adj. 使人伤心的
subdue,v. 使屈服，征服
paralyse,v. 使麻痹，使瘫痪
deafen,v. 使聋
insulate,v. 使绝缘，使绝热
alternate,v. 使交替 adj. 交替的
degrade,v. 使降低
mingle,vt. 使混合，混合起来
tangle,v. 使缠结，使纠缠
sweeten,v. 使变甜，变甜
thicken,v. 使变厚（或粗、密）
vector,n. 矢量
pantry,n. 食品柜，餐具室
execution,n. 实行，执行
quartz,n. 石英
graphite,n. 石墨，石墨电极
whitewash,n. 石灰水 v. 粉饰
limestone,n. 石灰石
humidity,n. 湿气
handout,n. 施舍物，救济品
verse,n. 诗，韵文
disgrace,n. 失宠，耻辱，丢脸
residual,adj. 剩余的
remainder,n. 剩余（物）
excel,v. 胜过，杰出
producer,n. 生产者
hoist,v. 升起，扯起来
kidney,n. 肾，腰子
censor,v. 审查，检查
shrine,n. 神殿，神龛，圣祠
trench,n. 深沟
conceive,v. 设想，以为
serpent,n. 蛇（尤指大蛇或毒蛇）
maiden,n. 少女，未婚女子
scorch,v. 烧焦
tradesman,n. 商人，店主
trader,n. 商人
dealer,n. 商人
ware,n. 物品
sift,v. 筛，过滤
gravel,n. 砂跞
sardine,n. 沙丁鱼
uproar,n. 骚动，扰乱
prose,n. 散文
stroll,n. 散步，溜达，闲逛
triangular,adj. 三角的
tolerant,adj. 容忍的
hostage,n. 人质
thermal,adj. 热的
tropic,n. 回归线
combustion,n. 燃烧
whisker,n. 髯，连鬓胡子
positively,adv. 确定的，断然
quantify,v. 确定…的数量
deficiency,n. 缺乏
extract,v. 取出 n. 摘录
crank,n. 曲柄 v. 用曲柄转动
dissipate,v. 驱散
spherical,adj. 球形的，球面的
Jupiter,n. 木星
plea,n. 请愿，请求，恳求
petition,n. 请愿 v. 向…请愿
mosque,n. 清真寺
rash,adj. 轻率的
agreeable,adj. 惬意的
hardy,adj. 强壮的，耐劳的
constraint,n. 限制，束缚，约束
mighty,adj. 强大的
denounce,v. 谴责，声讨
pious,adj. 虔诚的
modesty,n. 谦逊
kilowatt,n. 千瓦（特）
pertinent,adj. 恰当的
utensil,n. 器皿，用具
follower,n. 信徒，追随者
siren,n. 汽笛，警报器
motorway,n. 汽车道，快车路
hitherto,adv. 迄今，到目前为止
barometer,n. 气压计，睛雨表
pant,v. 气喘
jack,n. 起重器
enlighten,v. 启发，开导
implore,v. 乞求，恳求，哀求
knight,n. 骑士，武士
marvel,n. 奇迹 v. 惊奇
periodical,n. 期刊，杂志
bushel,n. 蒲式耳（容量单位）
raisin,n. 葡萄干
fracture,n. 破裂 v. 破裂
persecute,v. 迫害，残害
flask,n. 瓶
tack,n. 平头钉 v. 钉住
terrace,n. 平台，阳台，露台
tranquil,adj. 平静的
barren,adj. 贫瘠的
bleach,v. 漂白，变白
flake,n. 片，薄片
deflection,n. 偏斜，歪斜
adjacent,adj. 毗连的
cape,n. 披肩，斗篷
foam,n. 泡沫塑料
bypass,n. 旁通管 v. 绕过
stagger,v. 蹒跚，使摇晃
faction,n. 派别，宗派，小集团
hover,v. 徘徊
drainage,n. 排水
reptile,n. 爬行动物
overhear,v. 偶然听到
ohm,n. 欧姆
feminine,adj. 女性的
goddess,n. 女神
radiator,n. 暖气片
strive,v. 努力，奋斗，力求
distortion,n. 歪曲
shorten,v. 弄短，缩小，减少
Saturn,n. 土星
milky,adj. 牛奶的
wrench,v. 拧，扭伤 n. 拧
wring,v. 拧，挤，扭，榨
nickel,n. 镍
capability,n. 能力，才能
tickle,v. 挠，胳肢
pumpkin,n. 南瓜
baron,n. 男爵
sodium,n. 钠
intent,adj. 目不转睛的，热切的
oyster,n. 牡蛎
magician,n. 魔法师
module,n. 模块
destiny,n. 命运，天数
doom,n. 厄运，毁灭 v. 注定
destine,v. 命定，注定
decidedly,adv. 明确地，坚决地
brightness,n. 明亮，辉煌，聪明
promptly,adv. 敏捷地，迅速地
deposition,n. 免职，罢免
enchant,v. 迷住
perplex,v. 迷惑，困惑，难住
bewilder,v. 迷惑，把…弄糊涂
jerk,v. 猛地一拉，急拉
pore,n. 毛孔，气孔，细孔
vine,n. 蔓，藤，藤本植物
expire,v. 满期，到期
wharf,n. 码头，停泊所
propeller,n. 螺旋桨，推进器
spiral,adj. 螺旋（形）的，盘旋的
thesis,n. 论文
reed,n. 芦笛，牧笛
leakage,n. 漏，泄漏
stairway,n. 楼梯
bridle,n. 马笼头 v. 束缚
willow,n. 柳树，柳木
streamline,n. 流线
rascal,n. 流氓，恶棍，无赖
prevalent,adj. 流行的
flux,n. 流
gramophone,n. 留声机
consul,n. 领事
grove,n. 林子，小树林，园林
vicinity,n. 邻近
fission,n. 裂开
prey,n. 猎物 v. 捕获
martyr,n. 烈士，殉难者
grin,v. 咧着嘴笑
blush,v. 脸红，害臊 n. 脸红
allied,adj. 联合的
ripple,n. 涟漪，细浪，波纹
mitten,n. 连指手套
attachment,n. 爱慕
junction,n. 连接点，汇合处
chestnut,n. 栗子
stereo,n. 立体声 adj. 立体声的
historian,n. 历史学家
intellect,n. 理智，智力，才智
ideally,adv. 理想地
slang,n. 俚语
courtesy,n. 礼貌，谦恭
twilight,n. 黄昏
grim,adj. 严厉的
prism,n. 棱镜
analogue,n. 类似物
similarity,n. 类似，相似
flank,n. 肋，肋腹
comprehend,v. 了解，理解，领会
wasteful,adj. 浪费的
idleness,n. 懒惰
rapture,n. 狂喜，欢天喜地
fury,n. 狂怒，暴怒
rapidity,n. 快，迅速
bitterness,n. 苦味，辛酸，苦难
wither,v. 枯萎
fastener,n. 扣件，钮扣，揿钮
stammer,v. 口吃地说 n. 口吃
peacock,n. 孔雀
pneumatic,adj. 空气的
aerial,adj. 空气的
spatial,adj. 空间的，占据空间的
void,adj. 无效的
gnaw,v. 啃，咬断，啮
longing,n. 渴望 adj. 显示渴望的
adjustable,adj. 可调整的，可校准的
frightful,adj. 可怕的
dreadful,adj. 可怕的
monstrous,adj. 极大的
likelihood,n. 可能（性）
shameful,adj. 可耻的
whereby,adv. 靠什么
fell,v. 砍倒（树等）
inaugurate,v. 使就职
commence,v. 开始
reclaim,v. 开垦，开拓
unlock,v. 开…的锁
sheriff,n. 郡长
monarch,n. 君主，最高统治者
sovereign,n. 君主 adj. 统治的
bugle,n. 军号，喇叭
extinct,adj. 绝种的
winding,n. 蜿蜒曲折的路径 adj. 蜿蜒曲折的
curly,adj. 卷曲的
reel,v. 卷，绕
polymer,n. 聚合物，多聚物
repel,v. 使厌恶
gigantic,adj. 巨大的
uphold,v. 维护
exemplify,v. 举例证明（解释）
reside,v. 居住，驻扎
dwell,v. 居住
induction,n. 就职
symposium,n. 座谈会
rectify,v. 纠正
vein,n. 静脉，血管
contend,v. 竞争
finely,adv. 精细地
refinery,n. 精炼厂，提炼厂
dismay,n. 惊慌，沮丧，灰心
empirical,adj. 经验主义的
longitude,n. 经线，经度
economics,n. 经济学
inlet,n. 水湾
perfection,n. 尽善尽美
prudent,adj. 谨慎的
tightly,adv. 紧地，牢固地
metallic,adj. 金属的
tuna,n. 金枪鱼
henceforth,adv. 今后，从今以后
untie,v. 解开，松开
thrifty,adj. 节俭的
yeast,n. 酵母
doctrine,n. 教义，主义
reef,n. 礁，礁石，暗礁
parachute,n. 降落伞
discourse,n. 讲话，演说，讲道
ginger,n. 姜，生姜
splash,v. 溅泼 n. 溅泼声
clip,v. 剪
firmness,n. 坚固，坚定，稳固
sturdy,adj. 牢固的
insistent,adj. 坚持的
persevere,v. 坚持，不屈不挠
shrill,adj. 尖声的 v. 尖声地叫
sham,n. 假冒 v. 假装
presume,v. 假定，假设，揣测
beetle,n. 甲虫
clamp,v. 夹住，夹紧 n. 夹子
homely,adj. 家常的
fowl,n. 家禽
poultry,n. 家禽
heater,n. 加热器
heighten,v. 加高，提高
stillness,n. 寂静，无声
lodging,n. 寄宿，住宿
successor,n. 继承人，继任者
quarterly,adj&adv. 季度的（地）
marginal,adj. 边缘的
bazaar,n. 集市，廉价商店
gathering,n. 集会，聚会，聚集
polarity,n. （人、意见或观念的）截然相反，截然对立
timely,adj. 及时的
drastic,adj. 激烈的
elemental,adj. 基本的
muscular,adj. 肌肉发达的，强健的
witty,adj. 机智的
tact,n. 机敏，圆滑，得体
ingenious,adj. 精巧制成的
stall,n. 货摊，书摊
fellowship,n. 伙伴关系
piston,n. 活塞
vigour,n. 活力，精力
mixer,n. 搅拌器
wield,v. 挥（剑）
wasp,n. 黄蜂
royalty,n. 皇家，王族，皇族
desolate,adj. 荒芜的
illusion,n. 幻想
fossil,n. 化石
glider,n. 滑翔机
pulley,n. 滑轮，滑车，皮带轮
granite,adj. 花岗岩，花岗石
correlate,n. 互相关联的事物
ruby,n. 红宝石
traverse,v. 横越
transverse,adj. 横的
harmonious,adj. 和谐的，协调的
monk,n. 和尚，僧侣，修道士
hinge,n. 合页，折叶，铰链
composite,adj. 合成的 n. 合成物
synthesis,n. 综合，综合物
hurrah,int. 好哇，万岁，乌拉
aerospace,n. 航空航天工业
seaport,n. 海港，港口，港市
pirate,n. 海盗
orchard,n. 果园
boiler,n. 锅炉
salmon,n. 鲑，大马哈鱼
silicon,n. 硅（旧名矽）
regularity,n. 规则性
amplitude,n. 振幅
radial,adj. 放射状的
shrub,n. 灌木，灌木丛
inertia,n. 惯性
coffin,n. 棺材，灵柩
obstinate,adj. 固执的
pluck,v. 鼓起（勇气），振作
agitation,n. 鼓动，煸动
skeleton,n. 骨骼，骷髅
thigh,n. 股，大腿
hound,n. 猎犬
gutter,n. 沟，边沟
tribute,n. 献礼
vault,n. 拱顶
impartial,adj. 公正的，无偏见的
duke,n. 公爵
earnings,n. 工资，收入
workpiece,n. 工（作）件
energize,v. 供给…能量
vaccinate,v. 给…接种疫苗
insulator,n. 隔离者
lattice,n. 格子结构
dove,n. 鸽子，斑鸠
plateau,n. 高原
elevation,n. 高度，海拔
olive,n. 橄榄
sentiment,n. 感情
sensation,n. 感觉，知觉
conception,n. 概念，观念，想法
generalize,v. 概括出
complexity,n. 复杂（性）
corrosion,n. 腐蚀，侵蚀
erosion,n. 腐蚀，侵蚀
subsidiary,adj. 辅助的，补充的
obedient,adj. 服从的，顺从的
obedience,n. 服从，顺从
veto,n. 否决，否决权
denial,n. 否定
dedicate,v. 奉献
flatter,v. 奉承，阿谀，谄媚
seam,n. 缝口
windmill,n. 风车
plump,adj. 丰满的
abundance,n. 丰富，充裕
shatter,v. 粉碎，破碎
molecular,adj. 分子的
offset,v. 抵销
detach,v. 分开
partition,n. 分开，分割
interface,n. 分界面
diverge,v. 分岔
gangster,n. 匪徒，歹徒，暴徒
imitation,n. 仿制品，伪制物
hamper,v. 妨碍，阻碍，牵制
handicap,v. 妨碍，使不利
blunder,v. 犯大错 n. 大错
reactor,n. 反应堆
propagate,v. 传播，普及
toss,v. 翻来覆去
decree,n. 法令，政令
flannel,n. 法兰绒
valve,n. 阀，阀门
invoice,n. 发票，发货清单
detector,n. 发觉者，探测器
luminous,adj. 发光的
dynamo,n. 发电机
rattle,v. 发出格格声
bait,n. 饵
offspring,n. 儿女，子孙，后代
malice,n. 恶意
yoke,n. 轭，牛轭
versatile,adj. 多方面的
stew,v. 炖 n. 炖菜
halve,v. 对分
symmetry,n. 对称（性），匀称
resent,v. 对…不满，怨恨
alignment,n. 排成直线
jealousy,n. 妒忌，嫉妒，猜忌
cuckoo,n. 杜鹃，布谷鸟
gamble,n. 赌博 v. 冒…的险
solo,n. 独唱，独奏
fighter,n. 战斗机
cavity,n. 洞，穴，空腔
jelly,n. 冻，果冻
mobilize,v. 动员，动员起来
grease,n. 动物脂，脂肪
kinetic,adj. 动力（学）的
theorem,n. 定理
capacitor,n. 电容器
electrode,n. 电极
telex,n. 电传，用户电报
kindle,v. 点燃，着火
magistrate,n. 地方法官
mortgage,n. 抵押贷款 v. 抵押
murmur,n. 低沉连续的声音
burner,n. 煤气头
triumphant,adj. 得胜的
clatter,n. 得得声，卡嗒声
morality,n. 道德，美德，品行
yolk,n. 蛋黄，卵黄
cartridge,n. 弹药筒
detain,v. 扣押，拘留
gorilla,n. 大猩猩
magnitude,n. 重大
massacre,n. 大屠杀，残杀
stride,v. 大踏步走 n. 大步
mansion,n. 大厦，大楼
multitude,n. 大批，大群
barley,n. 大麦
infinity,n. 无穷大
butt,n. 大酒桶，桶
widely,adv. 大大地
lighter,n. 打火机，引燃器
snore,v. 打鼾，打呼噜
thresh,v. 打谷，脱粒
latent,adj. 存在但看不见的
frail,adj. 脆弱的
crisp,adj. 脆的
catalyst,n. 催化剂
vulgar,adj. 粗俗的，庸俗的
prick,v. 刺（穿） n. 刺痛
thereafter,adv. 此后，以后
magnetism,n. 磁
porcelain,n. 瓷 adj. 瓷的，瓷制的
glossary,n. 词汇表
poke,v. 戳，刺
lipstick,n. 唇膏，口红
puff,v. 喘气
shipwreck,n. 船舶失事
romance,n. 传奇
herald,n. 传令官
missionary,n. 传教士
sensor,n. 传感器，灵敏元件
leaflet,n. 传单
antenna,n. 触角
virgin,n. 处女 adj. 处女的
notorious,adj. 臭名昭著的
extraction,n. 抽出
strife,n. 冲突，竞争
equator,n. 赤道，天球赤道
proceeding,n. 程序，行动，事项
commend,v. 称赞，表扬
muse,v. 沉思，默想，冥想
meditate,v. 沉思
hush,n. 沉默 int. 嘘！
immerse,v. 沉浸
repeal,v. 撤销
lathe,n. 车床 v. 用车床加工
mock,v. 嘲弄，挖苦
reign,n. （某君主的）统治时期
supersonic,adj. 超声的，超声速的
ultrasonic,adj. 超声的 n. 超声波
nickname,n. 绰号，诨号
haunt,v. （鬼魂）经常出没
shovel,n. 铲，铁铲 v. 铲
toad,n. 蟾蜍，癞蛤蟆
diesel,n. 柴油发动机，内燃机
errand,n. 差使，差事
ascertain,vt. 查明，确定，弄清
tactics,n. 战术，兵法
grassy,adj. 草多的
groove,n. 槽
napkin,n. 餐巾（纸）
spectator,n. 参观者，观众
parameter,n. 参（变）数
sermon,n. 布道，讲道
immortal,adj. 不朽的
wretched,adj. 不幸的
incomplete,adj. 不完全的，未完成的
stuffy,adj. 不透气的，闷热的
opaque,adj. 不透明的
watertight,adj. 不漏水的，防水的
inevitably,adv. 不可避免地
inaccurate,adj. 不精密的，不准确的
disregard,v. 不管，不顾 n. 忽视
impurity,n. 杂质
mammal,n. 哺乳动物
barge,n. 驳船
villa,n. 别墅
norm,n. 标准，规范
alteration,n. 变更，改变
verge,n. 边缘，边界
hearth,n. 壁炉地面
patron,n. 庇护人
sullen,adj. 绷着脸不高兴的
essence,n. 本质，本体
deviation,n. 背离，偏离
tragic,adj. 悲惨的
tyranny,n. 暴政，专制
wrath,n. 暴怒，狂怒，愤慨
tyrant,n. 暴君
panther,n. 豹，黑豹
leopard,n. 豹
grumble,v. 抱怨，发牢骚
vengeance,n. 报复，报仇，复仇
fortress,n. 堡垒，要塞
assurance,n. 保证
fuse,n. 保险丝
safeguard,n. 保护措施
saturation,n. 饱和（状态）
inclusive,adj. 包括的
siege,n. 包围，围攻，围困
hemisphere,n. 半球
shutter,n. 百叶窗
lily,n. 百合，百合花
blond,n. 白肤金发碧眼的人
idiot,n. 白痴
tabulate,v. 把…制成表
bestow,v. 把…赠与
subdivide,v. 把…再分
straighten,v. 把…弄直
flatten,v. 把…弄平
ascribe,v. 把…归于
haughty,adj. 傲慢的，轻蔑的
foul,adj. 肮脏的
patriot,n. 爱国者，爱国主义者
patriotic,adj. 爱国的
dwarf,n. 矮子，侏儒
alas,int. 唉，哎呀
pathetic,adj. 哀婉动人的
scripture,n. 《圣经》
pendulum,n. （钟等的）摆
outbreak,n. （战争、愤怒等）爆发
lining,n. （衣服里的）衬里
climax,n. 顶点
epoch,n. （新）时代
shrimp,n. （小）虾，河虾，褐虾
cane,n. （藤等）茎
immigrate,v. （使）移居入境
disperse,v. （使）分散
elapse,v. （时间）过去，消逝
hoarse,adj. （声音）嘶哑的
clearing,n. （森林中的）空旷地
eclipse,n. （日，月）食
unanimous,adj. （全体）一致的
quiver,v. （轻微地）颤动
perch,n. （禽鸟的）栖木
pier,n. 码头
frock,n. （女）连衣裙
flutter,v. （鸟）振翼
clown,n. （马戏的）小丑，丑角
pope,n. （罗马天主教的）教皇
axle,n. （轮）轴，车轴，心棒
chord,n. 和弦
pyjamas,n. （宽大的）睡衣裤
kernel,n. （果实的）核
growl,v. （狗等）嗥叫
shaft,n. （工具的）柄，杆状物
buzz,v. （蜂等）嗡嗡叫
dean,n. （大学）院长，系主任
versus,prep. （比赛等中）对
ranch,n. （北美洲的）大牧场
grope,v. （暗中）摸索，探索
pedlar,n. （挨户兜售的）小贩
squat,v. （使）蹲下
fling,v. （用力）扔，抛
scrub,v. 擦洗，擦净 n. 擦洗
tread,v. 踩，踏，践踏
slander,n. 诽谤，诋毁 v. 诽谤，诋毁
escort,v. 护卫，护送 n. 护卫者，护送车辆
menace,n. 威胁 v. （进行）威胁
tramp,v. 以沉重的脚步走（过） n. 跋涉
trample,v. 践踏，蹂躏 n. 践踏，蹂躏
jingle,v. （使）丁当响
fret,v. （使）烦恼
deflect,v. （使）偏斜
tilt,v. （使）倾斜
revolve,v. （使）旋转
default,n. 不履行义务 v. 不履行义务
repay,v. 偿还
scoff,v. 嘲笑，嘲弄
hoe,v. 锄地
retort,v. 反击
broaden,v. 放宽，变阔
decompose,v. 腐败
supervise,v. 监督，监视
beware,v. 谨防，当心
entreat,v. 恳求
terminate,v. 停止，终止
solidify,v. 凝固
dazzle,v. 使目眩
transplant,v. 移植（器官、皮肤等）
xerox,v. 用静电复印
peck,v. 啄，啄起
trot,v. （马）小跑 n. （马）小跑
ridicule,v. 嘲弄，挖苦 n. 嘲弄，挖苦
chatter,v. 喋喋不休 n. 喋喋不休
sneer,v. 冷笑 n. 冷笑
plunder,v. 掠夺，劫掠 n. 掠夺，抢劫
endeavor,v. 努力，尽力 n. 努力，尝试
scramble,v. 爬行，攀登 n. 爬行，攀登
flap,v. 拍打 n. 拍打，拍动
slaughter,v. 屠杀 n. 屠杀
clockwise,adv. 顺时针方向转地 adj. 顺时针方向转的
headlong,adv. 头向前地 adj. 头向前的
melancholy,n. 忧郁的 adj. 忧郁，悲伤
bulletin,n. 告示，公告，公报
rupture,v. 破裂 n. 破裂，裂开
afflict,vt. 使苦恼， 折磨
reproach,n&vt. 责备， 批评
authorize,vt. 授权， 批准
rehearsal,n. 排练， 排演
narrative,n. 叙述文， 故事
triple,adj. 三部分的，三方的 v. 增至三倍
rejoice,vi. 感到高兴， 充满喜悦
blur,v. 变模糊 n. 模糊，模糊的东西
plausible,adj. 似有道理的， 似乎正确的， 貌似可信的
staircase,n. 楼梯
flip,adj. 〈口〉无理的， 轻率的， 轻浮的 vt. 快速翻动，转动 n. 捻掷，轻抛
barricade,n. 路障，栅栏，障碍 vt. 设路障于， 挡住
posture,vi. 摆出姿势， 装模作样 n. 姿势，姿态
facet,n. 一个方面
huddle,vi. 聚集在一起，挤作一团 vt. 使聚集在一起 n. 挤在一起的人
avert,vt. 防止， 避免
envisage,vt. 想象， 设想
atlas,n. 地图集
concise,adj. 简明的， 简要的
timid,adj. 羞怯的， 胆小的
ensue,vi. 接着发生， 接踵而来， 因而产生
ceramic,adj. 陶器的 n. 陶瓷器
queer,adj. 奇怪的， 异常的
booklet,n. 小册子
syndrome,n. 综合病症， 综合症状
pastry,n. 油酥面团， 酥皮糕点
entity,n. 实体， 独立存在体， 实际存在物
tempo,n. 速度
paperback,n. 平装本， 简装本
levy,vt. 征收 n. 征税， 税款
intimidate,vt. 恐吓， 威胁
bust,vi. 爆裂，坏掉 vt. 打破，打碎 n. 胸像， 半身像
skull,n. 颅骨， 脑壳
hysterical,adj. 情绪异常激动的， 歇斯底里般的
ammunition,n. 弹药， 军火
pact,n. 契约， 协定， 条约
notation,n. 记号， 标记法
pollutant,n. 污染物质
scrutiny,n. 详细检查， 仔细观察
tariff,n. 关税， 税率
graphic,adj. 生动的， 形象的
retention,n. 保留， 保持
creation,n. 创造， 创建
dodge,vi. 闪身躲开 vt. 回避，逃避 n. 托辞， 伎俩
inhibit,vt. 阻止， 妨碍， 抑制
clan,n. 宗族， 家族
evoke,vt. 唤起， 引起， 使人想起
vitality,n. 活力
radiate,v. 发出， 辐射
pastime,n. 消遣， 娱乐
prosecute,vi. 起诉， 告发 vt. 对…提起公诉，告发，检举
batch,n. 一批， 一组， 一群
verbal,adj. 口头的
proximity,n. 接近， 邻近
lash,v. 将系牢 n. 鞭打
predestine,vt. 预先确定
ozone,n. 臭氧
cocktail,n. 鸡尾酒
calcium,n. 钙
disposable,adj. 可任意使用的 n. 一次性物品， 不回收物品
recipient,n. 接受者， 接收者
gland,n. 腺
premise,n. 房屋和地基， 经营场址
tenant,n. 房客， 佃户
batter,v. 连续猛击 n. 面糊
heritage,n. 遗产
regenerate,vi. 新生， 再生， 起革新作用 vt. 使新生，重建，改革，革新
terrific,adj. 极妙的
pretext,n. 借口， 托辞
tumble,vi. 跌倒，摔下，滚下 n. 跌倒， 摔倒
unify,vt. 使联合， 统一
dole,n. 救济，救济金 vt. 发放， 发给
invaluable,adj. 非常宝贵的， 极为贵重的， 无价的
orthodox,adj. 传统的
porch,n. 门廊
corps,n. 队， 部队
commute,vi. 乘公交车上下班，经常乘车往返于两地 vt. 减
outcry,n. 大声疾呼， 呐喊
distill,vt. 蒸馏， 用蒸馏法提取
impulsive,adj. 冲动的
paralysis,n. 麻痹， 瘫痪， 中风
chapel,n. 小教堂， 祈祷室
census,n. 人口普查， 统计
corpse,n. 死尸， 尸体
willful,adj. 故意的， 特意的
depict,vt. 描绘， 描述
comet,n. 彗星
bully,n. 恃强欺弱者 vt. 威吓， 欺负
medieval,adj. 中世纪的
pistol,n. 手枪
penguin,n. 企鹅
exemplary,adj. 可作楷模的， 典范的
layoff,n. 解雇
glamor,n. 魅力， 诱惑力
armor,n. 盔甲， 装甲
utopian,adj. 乌托邦的
diplomat,n. 外交官， 外交家
sparkle,vi. 发光，闪耀，闪烁 n. 闪光， 闪耀， 闪烁
staple,adj. 主要的 n. 订书钉，U形钉 vt. 用订书钉订
rivalry,n. 竞争， 竞赛
relish,vt. 享受，从…中获得乐趣 n. 享受， 滋味， 乐趣
brew,vi. 冲泡 vt. 酿造 n. 冲泡的饮料
legitimate,adj. 合情合理的 vt. 使合法
appease,vt. 平息， 抚慰
sieve,n. 筛子，漏勺 vt. 筛， 滤
recur,vi. 再发生， 重现
coalition,n. 结合体， 同盟
allege,vt. 断言， 宣称， 硬说
segregate,vt. 使隔离， 使分开
withhold,vt. 拒绝， 不给
discreet,adj. 谨慎的， 慎重的， 审慎的
aisle,n. 过道， 通道
convene,vi. 开会，集合 vt. 召集
definitive,adj. 最可靠的， 权威性的
streak,vi. 飞跑，疾驶 n. 条纹，条痕 vt. 在…上加条纹
transit,n. 运输， 载运
cocaine,n. 可卡因， 古柯碱
racket,n. 喧嚷， 吵闹
immune,adj. 免疫的， 有免疫力的， 不受影响的
profess,vt. 表示， 承认
credible,adj. 可信的， 可靠的
outfit,n. 全套服装
reassure,vt. 使放心
setback,n. 挫折， 倒退， 失败
symbolic,adj. 符号的
processing,n. 处理
sober,adj. 未醉的，有节制的 v. 醒酒， 清醒
nominal,adj. 名义上的， 有名无实的
galaxy,n. 星系
weary,vi. 厌烦， 不耐烦 adj. 疲劳的，疲倦的
swamp,n. 沼泽 vt. 淹没， 浸没
peninsula,n. 半岛
stab,n&v. 刺， 戳
crumble,vi. 崩溃， 瓦解 vt. 弄碎
salvation,n. 拯救， 解救
arena,n. 表演场地， 竞技场
loom,vi. 阴森地逼近， 隐现 n. 织布机
stationary,adj. 固定的， 静止不动的
invert,vt. 使倒转， 使倒置， 使颠倒
discrete,adj. 分离的， 不相关联的
squad,n. 班， 小队， 小组
disrupt,vt. 使中断
sergeant,n. 中士， 警官
delusion,n. 欺骗
auction,n&vt. 拍卖
refuge,n. 庇护所， 避难处
corrode,v. 腐蚀， 侵蚀
spine,n. 脊柱， 脊椎
parasite,n. 寄生生物
refund,n. 退款 vt. 退还
remnant,n. 残留部分
degenerate,vi. 衰退，堕落，蜕化 adj. 衰退的，堕落的 n. 堕落者
nurture,n&vt. 养育， 培育， 滋养
paternity,n. 父权， 父子关系
defendant,n. 被告
rejection,n. 拒绝
slogan,n. 标语， 口号
tract,n. 传单， 小册子
chunk,n. 厚片， 大块
aggregate,adj. 总计的， 合计的 n. 总数，合计 vt. 总计达， 合计
serial,adj. 连续的， 顺序排列的 n. 连续剧，连载故事
comic,adj. 喜剧的，滑稽的 n. 连环漫画
spouse,n. 配偶
isle,n. 小岛， 岛
scorn,n. 轻蔑，鄙视 vt. 轻蔑， 鄙视
terrain,n. 地形， 地势
sprinkle,v. 撒，洒 n. 少量， 少数
subculture,n. 亚文化
maneuver,vi. 设法变动位置 n. 谨慎而熟练的动作 vt. 设法使变动位置
dual,adj. 双的， 两重的
stump,vi. 脚步沉重地走 n. 树桩 vt. 把…难住，使为难
federation,n. 联合会
weird,adj. 古怪的， 离奇的
overt,adj. 公开的， 不隐蔽的
refute,vt. 驳斥， 驳倒
stun,vt. 使震惊， 使目瞪口呆
autonomy,n. 自治， 自治权
dubious,adj. 怀疑的， 犹豫不决的， 无把握的
intuition,n. 直觉
artillery,n. 火炮， 大炮
exquisite,adj. 精美的， 精致的
cardinal,adj. 最重要的 n. 红衣主教
fusion,n. 联合， 合并
cynical,adj. 愤世嫉俗的， 怀疑的
scoop,v. 舀出 n. 勺子
culminate,vi. 告终
strand,n. 股，缕 vt. 使搁浅
expectancy,n. 预料
exempt,adj. 被免除的， 被豁免的 vt. 免除，豁免
aesthetic,adj. 美学的， 审美的
toll,v. 敲 n. 过路费，过桥费
converge,vi. 会合， 互相靠拢
saleable,adj. 适合销售的
overpass,n. 天桥， 立交桥
rating,n. 等级， 品级， 评定结果
assertive,adj. 断定的
articulate,adj. 善于表达的， 发音清晰的 vt. 明确有力地表达
tribe,n. 部落
repetitive,adj. 重复的， 反复性的
slot,n. 狭缝，狭槽 vt. 把…放入狭长开口中
blunt,adj. 钝的 vt. 使迟钝
prune,vt. 修剪， 修整
nil,n. 无， 零
migrant,n. 移居者， 移民
repertoire,n. 全部节目
pearl,n. 珍珠
pregnancy,n. 怀孕
visceral,adj. 内脏的， 腑脏的
odor,n. 气味
beverage,n. 饮料
insane,adj. 极蠢的， 荒唐的
cemetery,n. 墓地， 公墓
bowel,n. 肠
pudding,n. 布丁
slum,n. 贫民窟
defiance,n. 违抗
rein,n. 缰绳 vt. 勒缰使停步
blink,vi. 眨眼睛 n. 眨眼睛
trademark,n. 商标， 牌号
analogous,adj. 类似的， 相似的
complexion,n. 肤色， 面色
continuity,n. 连续， 持续
obscene,adj. 淫秽的， 下流的
embed,vt. 把…嵌入， 扎牢
slick,adj. 圆滑的， 口齿伶俐的
implicit,adj. 不言明的， 含蓄的
intensify,v. 增强， 加剧
purity,n. 纯净， 纯洁， 纯正
femininity,n. 女性气质
reliance,n. 依靠， 依赖
giggle,n. 咯咯笑， 傻笑
foil,n. 箔，金属薄片 vt. 挫败， 使受挫折
intrigue,vi. 耍阴谋，施诡计 vt. 激起…的好奇心，迷住 n. 阴谋， 诡计， 密谋
esthetic,adj. 美学的， 审美的
breach,n. 破坏，违反 vt. 攻破， 在…造成缺口
alienate,vt. 使疏远， 使不友好， 离间
brink,n. 边缘， 边沿
retrospect,n. 回顾
hierarchy,n. 等级制度
artery,n. 动脉
transient,adj. 短暂的， 转瞬即逝的
sponge,v. 用湿海绵擦， 揩 n. 海绵
metabolic,adj. 代谢作用的， 新陈代谢的
planetary,n. 行星的
naive,adj. 幼稚的
vent,n. 通风口，排放口 vt. 表达， 发泄
deduct,v. 减去， 扣除
plaster,n. 灰浆，灰泥 vt. 在…上抹灰泥， 厚厚地涂抹
aspiration,n. 强烈的愿望
vocal,adj. 喜欢畅所欲言的，直言不讳的 n. 声乐节目
dutiful,adj. 恭敬顺从的
deport,vt. 把…驱逐出境
fragrance,n. 芳香， 香味
intricate,adj. 错综复杂的， 复杂精细的
verdict,n. 裁定
mediate,vi. 调解，斡旋 vt. 经调解解决
lure,vt. 吸引，引诱，诱惑 n. 吸引力， 诱惑物
whirl,vi. 旋转，急转 n. 旋转， 回旋
recede,vi. 退， 退去， 渐渐远去
slump,vi. 大幅度下降，暴跌 n. 萧条期， 低潮
clearance,n. 净空， 余隙
guardian,n. 监护人
thorn,n. 刺， 荆棘
outrage,n. 义愤，愤慨 vt. 激起…的义愤， 激怒
solitary,adj. 单独的， 独自的
diffuse,v. 扩散， 弥漫 adj. 冗长的， 漫无边际的
champagne,n. 香槟酒
proclaim,vt. 宣告， 宣布， 声明
retrieve,vi. 重新得到， 取回， 收回
embark,vi. 上船
inflict,vt. 把…强加给
stumble,vi. 绊脚， 绊倒
specialty,n. 特产， 名产， 特色菜
decency,n. 得体
falsehood,n. 谬误， 虚假
hustle,v. 催促，赶紧做 n. 忙碌， 奔忙
commentary,n. 实况报道， 解说词
gloom,n. 昏暗， 阴暗
dismantle,vt. 拆开， 拆卸
prescient,adj. 预知的， 预见的
revelation,n. 被提示的真相， 新发现
elicit,vt. 诱出， 探出
relegate,vt. 使降位， 使降级
longevity,n. 长寿， 寿命
tuck,vt. 把边塞到下面 n. 褶， 裥
expend,vt. 花费， 消费
inventory,n. 详细目录， 存货清单
turnover,n. 营业额， 成交量
preclude,vt. 排除
premature,adj. 比预期时间早的
electrify,vt. 使充电， 使电气化
militant,adj. 激进的 n. 激进分子， 斗士
intricacy,n. 错综复杂
intact,adj. 完整无缺的
juvenile,adj. 少年的，少年特有的 n. 未成年人， 少年
dart,vi. 猛冲，飞奔 vt. 投射 n. 飞镖， 飞镖游戏
saturate,vt. 使湿透， 浸透
contrive,vt. 谋划， 策划
edible,adj. 可以吃的， 可食用的
prone,adj. 易于…的， 很有可能…的
cork,n. 软木，软木塞 vt. 用瓶塞塞住
impetus,n. 推动， 促进， 刺激
briefcase,n. 公文包， 公事包
insulation,n. 绝缘
interim,adj. 暂时的，临时的 n. 间歇， 过渡期间
fraud,n. 欺诈， 诈骗
reaffirm,vt. 重申
destined,adj. 命中注定的， 预定的
repression,n. 压抑， 压制， 镇压
vegetation,n. 植物， 草木
quart,n. 夸脱
appraisal,n. 估计， 估量
meditation,n. 默想，冥想
doctorate,n. 博士学位
puppet,n. 木偶
millimeter,n. (millimetre)毫米
escalate,v. 使…加剧
marital,"adj. 婚姻的,夫妻之间的"
daytime,"n. 白天,日间"
sane,"adj. 心智健全的,神志清醒的"
monotonous,"adj. 单调的,无变化的"
inverse,"adj. 相反的,倒转的,反转的 n. 相反之物"
recollect,"v. 回忆,想起,记起,忆起,记得"
advent,n. (重要事件等的)到来，来临
acrobat,n. 特技演员，杂技演员
malignant,adj. 恶性的，致命的
metaphor,n. 隐喻，暗喻
abdomen,n. 腹，下腹
spicy,adj. 加很多香料的
evade,v. 逃避，回避
speciality,n. (specialty) 特色食品; 特产
agitate,v. 煽动，鼓动
cohesive,adj. 团结的，有凝聚力的
conspiracy,n. 阴谋，密谋，共谋
appal,v. 使惊骇，使恐怖
legacy,n. 遗产，遗赠
tactic,"n. (s)策略,战术"
obsolete,"adj. 已废弃的,过时的"
paradigm,n. 典范
vanity,"n. 虚荣心,浮华"
aspire,v. (to，after)渴望，追求，有志于
metropolis,n. 大都市
apologise,"v. (to,for)道歉，认错"
celebrity,n. 名人，名流
caress,v. 爱抚，抚摸 n. 爱抚，抚摸
panorama,n. 全景
evacuate,v. 撤离，疏散
capitalism,n. 资本主义
remains,n. 残余
linguistic,adj. 语言的
holder,n. 持有人
abound,v. 富于
acclaim,v. 称赞 n. 欢呼，喝彩
realise,v. 认识到，明白
fume,v. 冒烟 n. 烟
doze,v. 打瞌睡 n. 瞌睡
laptop,n. 膝上型轻便电脑，笔记本电脑
eminent,adj. 杰出的
augment,v. 增加 n. 增加
lottery,n. 彩票
heroin,n. [药][毒物] 海洛因，吗啡
thrift,n. 节俭
ballot,n. 投票 v. 投票
administer,v. 管理
underlie,v. 成为……的基础
rake,v. 搜索 n. 耙子
amiable,adj. 和蔼可亲的，亲切的 n. (Amiable)人名
humiliate,v. 羞辱
pharmacy,n. 药房
treason,n. [法] 叛国罪
renovate,v. 更新
zeal,n. 热情
robe,n. 长袍，礼服 v. 穿长袍
futile,adj. 无用的
lateral,adj. 侧面的，横向的 n. 侧部 vt. 横向传球
rumor,n. 谣言 v. 谣传
gallop,n. 疾驰 v. 飞驰
strenuous,adj. 紧张的
torrent,n. 奔流
plight,n. 困境 v. 保证
madame,n. （法语）夫人
blackmail,n. 勒索，敲诈 v. 勒索，敲诈
waterfall,n. 瀑布
honorable,adj. 光荣的
clergy,n. 神职人员
whatsoever,pron. 无论什么
sprout,v. 发芽 n. 芽
audit,v. 审计 n. 审计
auditorium,n. 礼堂，会堂
credential,n. 证书
highland,n. 高地 adj. 高原的
intrude,v. 把…强加
shilling,n. 先令
feat,n. 功绩，壮举 adj. 合适的
doorway,n. 门口
pneumonia,n. 肺炎
goodby,int. 再见（等于goodbye） n. (Goodby)人名
harbor,v. 庇护 n. 海港
affluent,adj. 富裕的 n. 支流
cyberspace,n. 网络空间
anguish,n. 痛苦 v. 使极度痛苦
erase,v. 抹去
stool,n. 凳子 v. 长新枝
analytic,adj. 分析的
obsession,n. 痴迷
statute,n. [法] 法规
outskirts,n. 市郊，郊区
sarcastic,adj. 挖苦的
pail,n. 桶，提桶
amplifier,n. [电子] 放大器，扩大器
witch,n. 巫婆，女巫 v. 迷惑
pickup,n. 收集，整理
benign,adj. 良性的 n. (Benign)人名
sociable,adj. 社交的 n. 联谊会
infrared,n. 红外线 adj. 红外线的
whisky,n. 威士忌酒 adj. 威士忌酒的
hypocrisy,n. 虚伪
snowstorm,n. 暴风雪
sophomore,n. 大学二年级生 adj. 二年级的
swarm,v. 挤满 n. 蜂群
lapse,n. (一时的) 走神，判断错误
wreath,n. 花冠 v. 环绕（等于wreathe）
satire,n. 讽刺
locker,n. 柜，箱
feudal,adj. 封建制度的
twinkle,v. 闪烁 n. 闪烁
jargon,n. 行话，术语
psychiatry,n. 精神病学
peanut,n. 花生
fiber,n. 纤维
traitor,n. 叛徒
harassment,n. 骚扰
mosaic,adj. 摩西的 n. 马赛克
excerpt,n. 摘录，引用 v. 引用，摘录
ebb,n. 衰退 v. 衰退
despatch,v. 派遣 n. 派遣
peep,n. 偷看 v. 窥视
humor,n. 幽默，诙谐 v. 迎合，迁就
browse,v. 浏览 n. 浏览
plumber,n. 水管工
obstruct,v. 妨碍
chancellor,n. 总理（德、奥等的）
eyebrow,n. 眉毛 v. 为…描眉
tumour,n. [肿瘤] 瘤
swan,n. 天鹅 v. 游荡，闲荡
scenario,n. 情境 “
lyric,adj. 抒情的 n. 抒情诗
plaintiff,n. 原告
analog,n. 类似物
diabetes,n. 糖尿病
gasolene,n. 汽油
fascinated,adj. 兴奋的， 着迷的
scattered,adj. 离散的， 分散的
fertiliser,n. 肥料
bail,n. 保释 vt. 保释 <
defer,v. 推迟， 延期
portfolio,n. 公文包
habitat,n. 栖息地
utilise,vt. 利用
biased,adj. 有偏见的
stagnant,adj. 因停滞或不流动而发臭的
toil,v. 艰难地进行， 费力地做 n. 艰辛， 辛苦
allegiance,n. 拥护
gage,n. 标准尺寸， 规格
physiology,n. 生理学
licence,n. 许可证， 执照 vt. 准许， 认可
overhaul,n. 彻底检修 vt. 彻底检修
genre,n. 体载， 类型
criticise,v. 批评， 评论
fatigued,adj. 疲乏的
rehearse,v. 排练
dependence,n. 依靠， 依赖
turmoil,n. 混乱， 骚动
censorship,n. 审查制度 <
daunt,vt. 使气馁， 使畏缩
blog,n. 博客， 日志
salient,adj. 显著的， 突出的A
emphasise,vt. 强调， 着重
hormone,n. 激素， 荷尔蒙
franchise,n. 特许权 vt. 特许
judgment,n. 审判， 判决
ethic,n. 道德准则， 行为准则， 伦理标准
genetics,n. 遗传学
redeem,vt. 赎回
pebble,n. 卵石
summarise,v. 概括， 总结
dynamical,adj. 动力的， 电动的
embryo,n. 胚， 胚胎 <
endorse,vt. 赞同， 认可
debut,n. 初次登台 vt. 面世， 首次推出
nostalgic,adj. 怀旧的
appall,vt. 使惊骇， 使恐怖
sympathise,vi. 同情， 体谅
generalise,v. 归纳， 概括
culprit,n. 罪犯
specialise,vi. 专攻
deplore,vt. 悲悼， 哀叹
archeology,n. 考古学
invariable,adj. 始终如一的， 不变的
endeavour,vi. 努力， 尽力 n. 努力， 尽力
instalment,n. 分期付款， 分期交付
civilise,vt. 使文明， 教化
vapor,n. 蒸汽
statical,adj. 静态的
fabulous,adj. 寓言式的
repeated,adj. 重复的， 再三的 <
mobilise,vt. 动员
taboo,n. 禁忌， 忌讳
whiskey,n. 威士忌酒
glamour,n. 魅力， 诱惑力
centimeter,n. 厘米
trolly,n. 手推车， 小车
faithfully,adv. 忠诚地， 如实地
contagious,adj. 传染性的， 会蔓延的
passerby,n. 过路人， 行人 A <
guild,n. 协会， 行会
freelance,adj. 自由职业的
manoeuvre,v. 演习
vaccine,n. 疫苗
highjack,vt. 劫持
hygiene,n. 卫生
glacier,n. 冰河， 冰川
cannot,conj. 不能
longer,ad&a. 比较久(的)
researcher,"n. 研究者,调查者"
iceberg,"n. 冰山,冷若冰霜的人"
predator,"n. 掠夺者,食肉动物"
quickly,adv. 快速地
glacial,"adj. 冰川(期)的,非常冷的"
rapidly,adv. 迅速地
artisan,"n. 工匠,技工"
meteorite,"n. 陨石, 流星"
volcanic,"adj. 火山的,猛烈的"
slowly,"adv. 慢慢地,迟缓地"
cultural,"adj. 文化的,教养的"
whig,n. 辉格党
cretaceous,n&a. 白垩纪(的)
helium,n. 氦
Dutch,n. 荷兰人 adj. 荷兰的
democrat,"n. 民主主义者,美国民主党人"
aquifer,"n. 含水土层,蓄水层"
crater,n. 弹坑
pheromone,n. <生化>信息素
geologist,n. 地质学者
stratum,"n. 地层,阶层"
fungus,"n. 真菌,真菌类植物"
fuller,n. 漂洗工
geological,adj. 地质学的
nutrient,n. 营养品 adj. 营养的
Cambrian,n. 威尔斯人
climatic,adj. 气候上的
lichen,"n. 青苔,苔藓"
bur,n. 刺果
California,"n. 加利福尼亚,加州"
stud,"v. 镶嵌,点缀"
geometric,adj. 几何(学)的
Rome,n. 罗马
factual,"adj. 事实的,实际的"
warmer,"n. 使热的人,温热装置"
Washington,n. 华盛顿
ecologist,n. 生态学者
timberline,n. 树带界线
Maya,"n. 玛雅人,玛雅语"
acorn,"n. 橡树果,橡子"
Florida,n. 佛罗里达(美国州名)
obsidian,n. [矿]黑曜石
migratory,"adj. 迁移的,流浪的"
nestling,"n. 尚未离巢的小鸟,婴孩"
sculptor,n. 雕刻家
alder,n. [植]桤木
pullman,"n. 卧车,普式火车"
rocky,"adj. 岩石的,稳固的"
ogallala,n. 奥加拉拉(美国地名)
cetacean,n. 鲸类动物
plankton,n. 浮游生物
nile,n. 尼罗河
asteroid,n. 小行星
pottery,n. 陶器
chimpanzee,n. 黑猩猩
projection,n. 发射
geologic,adj. 地质的
snowfall,"n. 降雪,降雪量"
seawater,n. 海水
Chicago,n. 芝加哥
Boston,n. 波士顿
Alaska,n. 阿拉斯加州(美国州名)
millennium,"n. 太平盛世,一千年"
antarctica,n. 南极洲
arid,"adj. 干旱的,贫瘠的"
erode,"v. 侵蚀,腐蚀"
glaciation,"n. 冻结成冰,冰河作用"
stencil,"n. 模版,蜡纸 v. 用蜡纸印刷"
gull,n. 海鸥 v. 欺骗
herbivore,n. 草食动物
tornado,n. 龙卷风
temperate,"adj. 温和的,适度的,有节制的"
isotope,n. 同位素
parlor,"n. 客厅,会客室"
suddenly,adv. 突然地
motif,"n. 主题,主旨"
challenger,n. 挑战者
beaver,n. 海狸(毛皮)
encode,v. 把编码
pueblo,n. 印第安人村庄
sumerian,n. 闪族人[语]
gazelle,"n. 瞪羚,小羚羊"
Columbia,n. 哥伦比亚
seasonal,"adj. 季节的,周期性的"
regional,"adj. 整个地区的,地域性地"
sandstone,n. 沙岩
Sweden,n. 瑞典
originally,"adv. 最初,原先"
salinity,"n. 盐分,盐度"
livestock,n. 家畜
algae,n. 水藻
lowland,n. 低地
vertebrate,n. 脊椎动物
wildebeest,n. 羚羊(其中一种)
pellet,n. 小球
mesozoic,n&a. 中生代(的)
Denmark,n. 丹麦
gar,"n. 雀鳝属鱼, 雀鳝"
functional,adj. 功能的
colonize,"v. 拓殖,殖民"
flipper,n. 鳍状肢
droplet,n. 小滴
apprentice,n. 学徒 v. 当学徒
hind,"adj. 后边的,后面的"
fern,n. 蕨类植物
aurora,"n. 黎明的女神,极光"
canopy,"n. 天篷,遮篷"
potash,"n. 碳酸钾,苛性钾"
exhibitor,"n. 展出者,显示者"
shale,"n. 页岩,泥板岩"
maker,n. 制造者
hyper,"adj. 亢奋的,高度紧张的"
warren,"n. 养兔场,大杂院"
investor,n. 投资者
rite,"n. 仪式,典礼"
Hawaii,n. 夏威夷
islander,n. 岛上居民
proxy,n. 代理人
neolithic,adj. 新石器时代的
spore,n. 孢子
Texas,n. 德克萨斯州(美国州名)
runoff,"n. 径流量,流出"
watercolor,"n. 水彩颜料,水彩画(法)"
mantle,"n. 斗蓬 v. 披风,覆盖"
crossbill,n. 交喙鸟
hominid,n. 原始人类
kittiwake,n. 三趾鸥
sanctuary,n. 避难所
theatrical,adj. 戏剧性的
laborer,n. 劳动者
symbiotic,adj. 共生的
Tennessee,n. 田纳西州
eruption,"n. 爆发,火山灰"
engraving,"n. 雕刻术,雕版"
nouveau,"adj. 新近到达的,最近产生的"
glaze,v. 变呆滞 v. 上釉 n. 釉(料)
martian,n&a. 火星人(的)
mercantile,"adj. 贸易的,商业的"
fossilize,"v. 成化石,陈腐"
potter,"n. 陶工,制陶工人"
excavate,"v. 挖掘,开凿"
biologist,n. 生物学家
aboriginal,"adj. 土著的,原来的"
engrave,"v. 雕刻,使铭记"
graham,adj. 全麦(面粉)的
turnpike,n. 收费公路
expressive,"adj. 表达的,意味深长的"
secrete,"v. 隐藏,隐匿"
Erie,n. 伊利(人)
Yucatan,n. 尤卡坦半岛
alkali,n. 碱 adj. 碱性的
Harvard,n. 哈佛大学(美国)
Himalaya,n. 喜马拉雅山
lewis,"n. [机] 吊楔,起重爪"
oceanic,adj. 海洋的
publisher,"n. 出版者,发行人"
outflow,n. 流出(物)
Ohio,n. 俄亥俄州(美国州名)
infantile,adj. 幼稚的，幼儿的
amnesia,n. 健忘症
freshwater,n. 淡水
crustal,adj. 地壳的
seafloor,n. 海底
partially,adv. 部分地
artwork,"n. 艺术品,美术品"
kiln,"n. 窑,炉"
indium,n. [化]铟
imprint,v. 留下烙印
iridium,n. [化]铱
strongly,adv. 强烈地
footprint,n. 足迹
collector,"n. 收藏家, 征收者"
enzyme,n. [生化]酶
silt,n. 淤泥 v. (使)淤塞
surveyor,"n. 测量员, 检查员"
larva,n. 幼虫
rainwater,n. 雨水
realism,n. 现实主义
lava,"n. 熔岩, 火山岩"
deco,n. 装饰派艺术
ruminant,"n&a. 反刍动物(的), 沉思的"
stoneware,n. 瓷器
barb,n. 鱼钩 v. 装倒钩于
forage,n. 草料
nitinol,n. [冶]镍钛诺(镍和钛的非磁性合金)
precisely,adv. 正好
plover,n. 千鸟
shelve,v. 搁置
warbler,n. 鸣鸟
twig,n. 嫩枝
workweek,n. 一星期工作时间
clement,adj. 仁慈的，温和的
mammoth,"n. 猛犸,长毛象 adj. 庞大的"
tellurium,n. 碲
hopewell,n. 霍普韦尔
fauna,n. 动物群
indicator,n. 指示器
steamboat,n. 汽船
disclaimer,"n. 放弃, 弃权"
carbonate,n. 碳酸盐
Missouri,n. 密苏里州(美国州名)
westward,"n. 西方a&ad西方的, 向西"
seep,v. 渗出
naturalist,n. 自然主义者
sloth,n. 懒惰
perceptual,"adj. 感性的,知觉的"
falcon,n. 猎鹰
orchid,n. 兰花
semiarid,adj. 半干旱的
sibling,n. 兄弟姐妹
kestrel,n. (一种)鹰
animation,"n. 兴奋,活跃"
sahara,n. 撒哈拉沙漠
wavelength,n. 波长
molt,"vi&n. 脱毛,换毛"
columbian,"adj. 美国的, 美洲的,哥伦布的"
calcite,n. 方解石
southward,adj. 向南 a向南的
proponent,n. 支持者，拥护者
niche,"n. 壁龛,合适的职务(环境、位置等)"
primate,n. 灵长类(动物)
tribal,"adj. 部落的,种族的"
snowflake,n. 雪花
pterosaur,n. 翼龙
realist,n. 现实主义者
populate,"v. 构成人口, 居住于"
porous,adj. 多孔渗水的
equatorial,adj. (近)赤道的
tiredness,"n. 疲劳,疲倦"
iodine,"n. 碘, 碘酒"
songbird,"n. 鸣禽,鸣鸟"
interplay,n. 相互影响
topi,"n. 遮阳帽,[动]转角牛羚"
ceremonial,n. 仪式 adj. 正式的
icebox,n. 冷藏库
roost,n. 栖息鸟巢
nestle,"v. 依偎,（舒适地）安顿"
carver,n. 雕刻匠
kohoutek,n. [天]科胡特克彗星
gill,"n. 鳃,及耳[液量单位]"
meaningful,adj. 意味深长的
agrarian,"adj. 有关土地的, 耕地的"
canoes,n. 独木舟
starling,n. 欧掠鸟
additive,adj. 附加的 n. 添加剂
steadily,"adv. 稳定地,坚定地"
exchanger,"n. 交换器, 换热器"
strictly,adv. 严格地
lighthouse,n. 灯塔
farmland,n. 农田
relic,"n. 遗物, 废墟"
gallium,n. 镓
eggshell,"n. 蛋壳, 易碎的东西"
invader,n. 侵略者
pigment,"n. 天然色素,颜料"
biome,n. (生态)生物群系
Hispanic,adj. 西班牙的
reformer,"n. 改革家, 改革运动者"
convex,adj. 凸出的
magma,"n. 岩浆, 糊剂"
inclusion,n. 包含
cadmium,n. [化]镉
dominance,"n. 支配,优势"
cone,n. 圆锥体
dispersal,"n. 散布,传播,分散"
Indiana,n. 印地安那州
tectonic,"adj. 构造的, 建筑的"
firn,"n. 粒雪, 积雪"
adulthood,n. 成人期
nomadism,"n. 游牧,流浪"
selenium,n. [化]硒
Bantu,"n. 班图人, 班图语"
geothermal,adj. 地热的
eddy,"n. 旋转,漩涡"
metabolism,n. 新陈代谢
repress,v. 抑制，镇压
Harlem,n. (纽约的）黑人住宅区
orleans,n. 奥尔良[法国]
peepshow,n. 西洋镜
anemone,"n. [植]银莲花, [动]海葵"
handedness,n. 用右手或左手的习惯
billfish,"n. 长嘴鱼,尖嘴鱼"
plow,"v. 耕, 犁"
figurine,n. 小雕像
polygon,"n. [数]多角形,多边形"
depletion,n. 损耗
ammonia,"n. [化]氨, 氨水"
beringia,n. 白令海和楚可奇海海域
asphalt,n. 沥青
evergreen,n. 常绿树 adj. 常绿的
lizard,n. [动]蜥蜴
parental,adj. 父母的
advertiser,"n. 登广告者,广告客户"
persian,n. 波斯人[语]
neonate,n. 初生婴儿
wartime,n. 战时
Euphrates,n. 幼发拉底河
gypsum,"n. 石膏,"
meltwater,n. 冰雪融化成的水
trillion,num. 万亿
frontality,n. 正面描绘
Tasmania,"n. 塔斯马尼亚岛, 塔斯马尼亚州(澳大利亚州名)"
burgess,n. (英国)市民，镇民
manganese,n. n〈化〉锰
igneous,"adj. (指岩石)火成的, 火的"
Zealand,n. 西兰岛(丹麦最大的岛)
lomas,n. 洛马斯(阿根廷东部的一城镇)
fertilize,v. 使肥沃
raft,"n. 木排(筏),救生圈 v用筏子渡河"
interlock,v. 互锁
Illinois,n. 伊利诺斯州(美国州名)
alpine,"adj. 高山的, 阿尔卑斯山的"
monumental,"adj. 纪念碑的,不朽的"
compaction,"n. 压紧,紧束之状态"
adaptive,"adj. 适合的, 适应的"
perfectly,adv. 理想地
Seattle,n. 西雅图
kerosene,n. 煤油
cenozoic,"n. 新生代,新生代之岩层 a新生界的"
wilderness,n. 荒野
woodcut,n. 木刻
delta,n. 三角州
putrefy,"v. (使)化脓, (使)腐烂"
deplete,"v. 耗尽, 使衰竭"
toddler,n. 初学走路的孩子
Amsterdam,n. 阿姆斯特丹(荷兰首都)
abigail,n. (贵妇人的贴身)使女
argon,n. [化]氩
robin,n. 知更鸟
Marseille,n. 马赛(法国港口城市)
diver,n. 潜水者
worksheet,n. 工作记录表
seabed,"n. 海底, 海床"
angiosperm,n. 被子植物
circadian,"adj. 昼夜节律的,生理节奏的"
seaway,n. 海上航道
oversea,"adj. 外国的, 海外的"
moth,"n. 蛾, 蛀虫"
zoologist,n. 动物学家
Caledonian,"n&a. 古苏格兰人(的), 苏格兰人（的）"
wetland,"n. 潮湿的土壤, 沼泽地"
coma,n. 昏迷
cooler,n. 冷却器
chondrite,n. 球粒状陨石
digestive,adj. 消化的
allende,"n. 阿连德(在墨西哥, 西经 100o01' 北纬 25o20')"
hinterland,"n. 内地, 穷乡僻壤"
mechanize,v. 机械化
finch,n. 雀类
Oregon,n. 俄勒冈州(美国州名)
steppe,n. 特指西伯利亚一带没有树木的大草原
mandan,"n. 曼丹人, 曼丹语"
chiefly,"adv. 首要,主要地"
unskilled,"adj. 不熟练的,拙劣的"
termite,n. 白蚁
inability,"n. 无能, 无力"
reindeer,n. 驯鹿
slush,n. 烂泥 v溅湿
voyager,"n. 航行者, 航海者"
phonograph,"n. 留声机, 电唱机"
Eurasia,n. 欧亚大陆
cobalt,n. [化]钴
wale,n. 条痕
concur,v. 同时发生
uncommon,"adj. 不凡的, 难得的"
chemically,"adv. 用化学, 以化学方法"
fluke,n. 侥幸，偶然的机会
Norway,n. 挪威(北欧国家)
bombard,v. 炮轰
backbone,n. 脊梁骨
potassium,n. 钾
cascade,n. 小瀑布
silicate,n. 硅酸盐
journeyman,n. 熟练工人
chondrule,n. 陨石球粒
bacterial,adj. 细菌的
homo,"n. 人, 同性恋者"
incubation,"n. 孵化, 熟虑"
waterway,"n. 水路, 排水沟"
excavation,"n. 挖掘, 发掘"
mutualism,"n. 互助论,互利共生"
capillary,n&a. 毛细管
behavioral,adj. 行为的
tentacle,n. (动物)触角
stagecoach,n. 公共马车
locally,"adv. 在本地, 地方性地, 局部地"
figurative,adj. 比喻的，借喻的
overcast,"v. 遮盖,变暗 n. 覆盖, 阴天"
remarkably,adv. 非凡地
cheep,n. 吱吱的叫声 v吱吱地叫
flora,n. [罗神]花神
pollinator,n. 授花粉器
putt,"v. 短打,把球轻轻打进洞"
reshape,"v. 改造, 再成形"
methane,"n. 甲烷,沼气"
forerunner,n. 先驱(者)
alertness,"n. 警戒, 机敏"
predatory,"adj. 掠夺的,捕食生物的"
moraine,n. 冰碛
sandy,"adj. 沙的, 沙质"
jurassic,adj. 侏罗纪的
cavendish,"n. (一种压成饼状的)板烟, 烟草饼"
exogenous,"adj. 外生的,外界产生的"
ooze,n. 软泥 v渗出
severely,"adv. 严格地, 激烈地"
endogenous,"adj. 内生的, 内成的"
horseshoe,n. 马蹄铁
envision,v. 想象
upside,"n. 上边,上部"
adept,"adj. 熟练的, 老练的 n老手, 擅长者"
capsize,v. (特指船)倾覆
financier,"n. 财政家, 金融家"
rodent,n. 啮齿类动物
seafarer,"n. 船员, 航海家"
repudiate,v. 批判
faunal,adj. 动物区系的
nighttime,n. 夜间
simulation,"n. 仿真, 假装"
designer,n. 设计者
karst,n. 石灰岩地区常见的地形
gibraltar,n. 直布罗陀(海峡)
refill,"v. 再装满,再充填"
caravan,"n. 旅行队,商队, 大篷车"
inequality,"n. 不平等, 不平均"
mound,n. 土墩，沙土堆
sect,"n. 宗派, 教派"
vaudeville,n. 歌舞杂耍
carnivore,n. 食肉动物
theorize,"v. 建立理论, 理论化"
tundra,"n. 苔原, 冻土地带"
localize,"v. 集中,局部化"
dependable,"adj. 可靠的, 可信赖的"
anomaly,"n. 不规则, 异常的人或物"
abundantly,"adv. 大量地, 丰富地"
cuneiform,"a&n. 楔形的,楔形文字(的)"
gamma,"n. 100万分之1克, 微克"
nebula,n. 星云
parasitic,"adj. 寄生的, 由寄生虫引起的"
richness,n. 富饶
sulfate,n. 硫酸盐
steamship,"n. 汽船, 轮船"
voter,n. 投票者
meager,n. 兆
unchanging,adj. 不变的
Georgia,n. (美)乔治亚州
prolific,adj. 多产的
antiquity,n. 古代
adobe,n. 泥砖，土坯
thoroughly,"adv. 十分地, 彻底地"
stunt,n. 特技
cannonball,n. 炮弹
subsurface,"adj. 地下的, 表面下的n地表下岩石"
mackerel,n. 鲭
midwest,n. 中西部
mutoscope,n. (早期的)电影放映机
cottonwood,n. [植]三叶杨
theorist,n. 理论家
resilience,n. 弹性，弹力
neon,n. [化]氖
bladder,"n. 膀胱, 气泡"
cheaply,adv. 廉价地
corona,n. 冠壮物
silica,n. [化]硅石
otter,"n. 水獭, 水獭皮"
grassland,"n. 牧草地, 草原"
purely,adv. 仅仅
deciduous,"adj. 每年落叶的, 非永久性的"
broadside,n. (船)舷侧
tethys,"n. 古地中海,  特提斯海"
decipher,v. 译解
broadway,a. 百老汇大街(的)
raven,n. 大乌鸦
commuter,"n. 通勤者, 每日往返上班者"
movable,adj. 活动的，变动的
tidal,"adj. 潮汐的, 定时涨落的"
eusocial,adj. (昆虫)完全社会性的
oliver,n. 脚踏铁槌
reheat,v. 再热
sedentary,"adj. 久坐的,固定不动的"
outwork,n. 外包活
eohippus,n. <古生>始祖马
mythical,"adj. 神话的, 虚构的"
handcraft,"n. 手工, 手艺"
porosity,n. 多孔性
understory,n. 林下叶层
shaman,"n. 萨满教的道士, 僧人或巫师"
stylize,"v. 使风格化, 仿效的风格"
pipeline,"n. 管道, 传递途径"
dandelion,n. 蒲公英
internally,"adv. 内部地, 国内地"
poorly,adj. 不舒服的  ad贫穷地
popularly,"adv. 大众地, 通俗地"
devoid,"adj. 全无的, 缺乏的"
Guinea,n. 几内亚
landform,"n. 地形, 地貌"
pinpoint,"v. 确定,精确地定位 adj. 十分精确的"
rancher,"n. 大牧场主, 大牧场工人"
maturation,"n. 化脓, 成熟"
loft,n. 阁楼
flagellum,n. [动]鞭毛
chlorosis,"n. 萎黄病, 变色病"
piecework,n. 计件工作
Polynesian,"n. 波利尼西亚人, 波利尼西亚语"
garrison,"n. 守备队, 驻地"
crevice,n. 裂缝
scavenger,"n. 清道夫,食腐动物"
antibiotic,n. 抗生素
legume,"n. 豆类, 豆荚"
cohesion,"n. 结合, 凝聚"
stave,n. 桶材
fungal,adj. 真菌的
synthesize,"v. 综合, 合成"
chisel,n. 凿子 v砍凿
bloodhound,n. 一种大侦探犬
informal,adj. 不正式的
tannin,n. [化]丹宁酸
woody,"adj. 多树木的,木质的"
prehistory,"n. 史前时代, 史前学"
centralize,"v. 集聚, 集中"
stony,"adj. 多石的, 无情的"
cajun,n. 移居美国路易斯安纳州的法人后裔
gratify,v. 使满足
ledge,"n. 岩架,岩石突出部"
maritime,"adj. 海上的, 海事的"
vastly,adv. 巨大地
shellfish,"n. 贝, 甲壳类动物"
adorn,v. 装饰
Pakistan,n. 巴基斯坦(南亚国家)
rainforest,n. 雨林
endocrine,n. 内分泌
hemlock,"n. 铁杉,毒芹"
reasonably,adv. 有理地
parasitism,"n. 寄生状态, 寄生病"
boredom,n. 厌倦
feminist,n. 男女平等主义者
warrior,n. 勇士，武士
Baltic,"n. a波罗的海的, 波罗的语的"
hereditary,"adj. 世袭的,遗传的"
strut,n. 高视阔步 v. 昂首阔步地走
prowl,v. 巡游
stylistic,"adj. 风格上的,文体上"
eka,n. 准(第一)
softwood,n. 软木材
arsenic,"n. [化]砷, 砒霜"
slate,"n. 板岩,石板"
reptilian,n. 爬行类动物
honeybee,n. 蜜蜂
satiric,"adj. 讽刺的,挖苦的"
spruce,n. 云杉
diffusion,n. 传播，散布
stiffen,v. 弄硬
fetus,n. 胎儿
feeder,n. 饲养员
reminder,n. 提醒物
foodstuff,"n. 食品, 粮食"
informant,"n. 通知者, 告密者"
cedar,n. 雪松
slab,n. 厚板，平板
coexist,v. 共存
moose,n. [动] 驼鹿
frontal,n. 前沿
hexagonal,"adj. 六角形的,六边的"
sizable,adj. 相当大的
krypton,n. [化] 氪
xenon,"n. 氙(惰性气体的一种,元素符号Xe)"
penicillin,n. [微]青霉素（一种抗菌素，音译名为盘尼西林）
homestead,n. 家宅，宅基
imitative,"adj. 仿制的,模仿的"
incubate,v. 孵卵
hectare,n. 公顷（等于1万平方米）
creator,"n. 创建者, 创作者"
peruvian,n&a. 秘鲁人(的)
osprey,"n. 白色的羽毛, 鱼鹰"
darken,v. (使)变暗
disorient,"v. 使失去方向感, 使迷惑"
acidic,"adj. 酸的,酸性的"
watercraft,n. 船只
buildup,"n. 集结, 增长"
varnish,n. 清漆 v. 涂清漆，使光亮
symbiosis,"n. [生]共生(现象),合作关系"
pastoral,adj. 田园生活的，宁静的
detractor,n. 诽谤者
timescale,"n. 时标, 时间量程"
sailfish,n. 旗鱼
marlin,n. 枪鱼
swordfish,n. 旗鱼
renewal,"n. 更新, 恢复"
Eurasian,"adj. 欧亚的, 欧亚人的"
buoyant,"adj. 有浮力的, 轻快的"
kinship,n. 血族关系
replenish,v. 补充
tutelage,n. 监护
freudian,"n. n&a,佛洛伊德学说(的)"
blubber,"n. 鲸脂,哭号v哭号"
basalt,n. 玄武岩
predation,n. 掠食
boule,n. 人造宝石，议会
Berlin,n. 柏林[德国]
trance,n&v. 恍惚
vigorously,adv. 精力旺盛地
brightly,adv. 明亮地
underlies,"v. 位于之下, 成为的基础"
reset,v. 重新安排
permanence,"n. 永久, 持久"
tine,"n. (尖)齿, 叉"
briefly,adv. 简短地
Norwegian,"adj. 挪威的 n挪威人, 挪威语"
joiner,n. 工匠
patronage,n. 赞助
carman,"n. 车夫,司机"
incise,"v. 切入, 切割"
crumple,v. (使)皱，扭曲
saline,adj. 含盐的
newborn,n. 婴儿
chapbook,n. 畅销故事书
Manhattan,n. 曼哈顿岛(美国纽约一区)
devastate,v. 毁坏
Holland,n. 荷兰
arcade,n. 拱廊
taxes,"n. 赋税,  税收"
unaided,"adj. 未受协助的, 独立的"
concave,adj. 凹的 n凹(面)
legendary,adj. 闻名的
camouflage,v&n. 伪装
waterpower,n. 水力(水力发电)
pollen,n. 花粉
brea,n. 布雷亚(美国加州地名)
exocrine,adj. [医]外分泌的
overlie,v. 躺在上面
detectable,"adj. 可发现的,可察觉的"
toolmaker,n. 精密工具制造者
populous,adj. 人口稠密的
wallpaper,n. 墙纸
igloo,n. 圆顶建筑
formalize,"v. 使正式, 形式化"
geographer,n. 地理学者
meteoric,"adj. 流星的,大气的"
Michigan,n. 密歇根州(美国州名)
carol,"n. 颂歌, 欢乐的歌"
fieldstone,"n. 散石,大卵石"
lumiere,n. 彩色照相术
mule,"n. 骡子,十分固执的人"
krill,n. [动]磷虾(单复同)
coastline,n. 海岸线
unevenly,"adv. 不平坦地, 不均衡地"
drapery,n. 布业，布匹
nick,n. 小伤口，刻痕
Ute,"n. 犹特人(美洲印第安人的一种), 犹特语"
afield,"adv. 远离着(家乡), 去远处"
relocate,v. 重新部署
enormously,"adv. 极度,大量"
saltwater,"adj. 盐水的, 海产的"
glen,"n. 峡谷, 溪谷"
pangaea,"n. 泛古陆,  泛大陆"
lys,n. [化]赖氨酸
Sac,"n. 〈生〉囊,液囊"
mainstay,n. 支柱
brilliance,n. 光辉，辉煌
Oklahoma,n. 俄克拉荷马州
rhinoceros,n. [动]犀牛
externally,"adv. 外部地, 外面地"
plumb,"v. （用铅垂）测量,探测"
trout,n. 鲑鱼
permian,n&a. [地]二叠纪(的)
farce,n. 闹剧
aborigine,n. 土著居民
attest,v. 证明
privately,adv. 秘密，一个人
lawlike,adj. 似法律的
oppositely,"adv. 相反地, 相对地"
anecdotal,"adj. 轶事的,趣闻的"
biographer,n. 传记作者
Anglo,"n. 盎格鲁, 英裔美国人"
revival,"n. 复兴, 复活"
Hampshire,n. 汉普郡(英国南部之一郡)
signaler,n. 信号员
penchant,n. 喜好(倾向)
sinkhole,n. 污水池
neptune,n. [天]海王星
cyanide,n. [化]氰化物
flax,n. 亚麻
timer,"n. 计时员, 定时器"
supplant,v. 排挤，取代
revitalize,v. 新生
fictional,"adj. 虚构的,小说的"
protrude,v. 突出
warp,"v. 弯曲,歪曲"
Nevada,n. 内华达州(美国西部内陆州)
baboon,n. [动]狒狒
overgraze,vt. 使过度放牧
blowhole,"n. 喷水孔, 通风孔"
imagist,n&a. 意像派者(的)
receptor,n. 接受器
magenta,n&a. 红紫色(的)
valse,v. 轻轻地走 n. 华尔兹
discoverer,n. 发现者
conifer,"n. [植]松类, 针叶树"
botanist,n. 植物学家
narrator,n. 讲述者
critically,"adv. 批评性地, 危急地"
Inca,n. 印加人(古代秘鲁土著人)
variously,"adv. 不同地, 各种各样地"
incursion,n. 侵犯，入侵
subside,"v. 下沉,平静"
socially,adv. 社交上
tenement,n. 公寓
fatty,adj. 脂肪的
rend,v. 撕裂，猛拉
maser,n. 微波激射器
spinal,adj. 脊椎骨 n. 脊髓麻醉
resin,n. 树脂 vt涂树脂于
carving,n. 雕刻(品)
distrust,n&vt. 不信任，怀疑
smother,v. 窒息
cavern,n. 洞穴，大山洞
minuscule,n&a. 草写小字(的)
envelop,"v. 包封, 遮盖"
dormant,adj. 冬眠的
succulent,adj. 多汁的
micron,"n. 微米,百万分之一米"
spout,v. 喷出
sensory,"adj. 知觉的, 感觉的"
fodder,"n. 饲料, 草料"
photoflash,n. （照相）闪光灯
cramp,n. 痉挛 v. 限制，束缚
reversal,"n. 翻转, 倒转, 反转"
virtuosity,n. 艺术鉴别力
leafy,adj. 叶状的
perishable,adj. 容易腐烂的
retract,"v. 缩回, 撤销"
Israel,n. [地名] 以色列
retrieval,n. 取回，补偿
domelike,adj. 穹顶状的
savannah,n. (南美)大草原
navigator,n. 航海家
elliot,n. 埃利奥特(男子名)
perry,n. 梨子酒
arthropod,n&a. 节肢动物(的)
airflow,n. 气流
spearhead,v. 充当先锋
unjust,adj. 不公平的
detract,v. 转移
swirl,n&v. 旋转，漩涡
bluefin,n. 金枪鱼
potent,"adj. 强有力的,有效的"
providence,n. 深谋远虑，远见
catharsis,n. 宣泄，净化
chloride,n. [化]氯化物
archaic,"adj. 古代的, 陈旧的"
aristocrat,n. 贵族
lade,"v. 装载,装货"
Soviet,n&a. 苏维埃(的)
magnesium,n. [化]镁
engulf,v. 吞没
frigid,adj. 寒冷的
grandiose,"adj. 宏伟的,堂皇的"
despondent,"adj. 失望的, 沮丧的"
cellular,adj. 细胞组成的，多孔的
symbolism,n. 象征主义
unreliable,adj. 不可靠的
hardness,n. 硬度
alp,n. 高山
affinity,"n. 密切关系,类同"
diagonal,n&a. 对角线(的)
disprove,"v. 反驳,证明为误"
freshly,adv. 新近，刚才
woodworker,n. 木工
Babylonian,"n. 巴比伦人(的), 巴比伦语（的）"
volatile,"adj. 动荡不定的,反复无常的"
densely,adv. 浓密地
inscribe,v. 题写
intercity,adj. 城市间的
erratic,adj. 古怪的，飘忽不定的
overly,"adv. 过度地, 极度地"
uplift,v. 提高
officially,"adv. 职务上, 正式"
typify,v. 代表
peregrine,"n. 游隼 a外来的,移住的"
optimal,adj. 最理想的
tapestry,n. 挂毯
influx,n. 流入
sculptural,adj. 雕刻的
landmass,n. 大陆
glassmaker,n. 玻璃工人
nss,n. 卫星导航系统(供氮系统)
unclear,adj. 不清楚的
ubiquitous,adj. 到处存在的
demise,"n. 死亡,让位"
barter,v. 交易
nomadic,"adj. 游牧的, 流浪的"
seashore,"n. 海岸, 海滨"
nonhuman,adj. 非人类的
fairground,"n. 游乐场, 集市"
naturalism,n. 自然主义
stance,n. 站姿，立场
biotic,"adj. 有关生命的,生物的"
granular,"adj. 由小粒而成的,粒状的"
thaw,"n. 融化,解冻"
quarry,n. 采石场 v. 挖出
ethology,"n. 动物行动学, 人种学"
amendment,"n. 改善, 改正"
forager,n. 强征(粮食)者
impend,v. 迫近，逼近
glasslike,adj. 玻璃状的
topsoil,n. 表层土
buffer,n. 缓冲器
outsider,"n. 外行, 局外人"
aragonite,"n. [矿]霰石, 文石"
unaltered,adj. 未被改变的
holding,n. 保持，固定
treeless,adj. 没有树木的
seller,n. 售货者
noticeably,adv. 显著地，显然
caste,n. 印度的世袭阶级
gosling,n. 小鹅，年轻无知的人
formally,"adv. 正式地, 形式上"
antecedent,adj. 先行的 n. 祖先
disloyalty,n. 不忠实
nystatin,n. [微]制霉菌素
prodigious,"adj. 巨大的, 惊人的"
mural,adj. 墙壁的  n壁画
gatherer,"n. 收集者, 收集器"
shoemaking,n. 制鞋
sprawl,v. 伸开
petal,n. 花瓣
germanium,n. 锗
sparse,"adj. 稀少的, 稀疏的"
statuary,n. 雕象
hypha,n. [植]菌丝
farsighted,"adj. 有先见之明的, 远视的"
fatten,v. 养肥
expanse,n. 广阔
pram,n. 婴儿车
Sanskrit,a. 梵语(的)
orbital,adj. 轨道的
bison,n. (美洲)野牛
hyksos,n. 希克索斯王朝(古埃及王朝之一)
arduous,"adj. 费力的, 辛勤的"
boulder,n. 大石头
bathhouse,"n. 公共浴室, 澡堂,"
ionize,"v. 使离子化 ,电离"
Hollywood,n. 好莱坞
duct,"n. 管道, 导管 vt. 用导管输送"
reelection,"n. 再选, 改选"
midair,n. 半空中
crocodile,"n. 鳄鱼, 鳄鱼皮"
calve,"v. 生小牛, (使)冰山崩解"
usefulness,"n. 有用, 有效性"
olfactory,adj. 嗅觉的
cranial,adj. 头盖(形)的
updraft,n. 上升气流
flagpole,n. 旗杆
invoke,v. 恳求
upcoming,adj. 即将来临的
broadly,"adv. 宽广地, 广泛"
twain,"n. 两, 双, 二"
pathogen,"n. [微生物]病菌, 病原体"
auditory,"adj. 耳的, 听觉的"
avant,"adj. 先锋的,激进的"
tertiary,"adj. 第三的, 第三位的"
Inuit,"n. 因纽特人,  因纽特语"
alga,"n. 藻类,海藻"
feldspar,n. [矿]长石
needlework,"n. 刺绣, 缝纫"
imposition,n. 强迫接受
caribou,n. 北美产驯鹿(=Rangifer)
lifelong,adj. 终生的
motionless,"adj. 不动的, 静止的"
onset,n. 开始
connective,"adj. 连合的, 连接的"
capitalist,adj. 资本主义的 n资本家
cenotes,n. 天然井
mesquite,n. 豆科灌木
actively,"adv. 活跃地, 积极地"
seedling,n. 幼苗
constrict,v. 压缩
Virginian,n. 弗吉尼亚州的人
dryness,n. 干燥
locale,"n. 现场, 场所"
rodeo,"n. 马术竞技表演会, 将牛、马驱集在一起"
mussel,"n. [动]贻贝, 蚌类"
cyan,"n. 蓝绿色, 青色"
clam,n. 蛤
usher,v. 引，领，陪同
mismatch,"n&v. 配错, 不相匹配"
extol,v. 赞美
prizefight,n. 职业拳击赛
inactivity,"n. 不活动, 迟钝"
spawn,v. 产卵 n. 卵
lobe,n. 耳垂，(肺，肝等的)叶
plummet,n. 铅锤 vi垂直落下
firearm,"n. 火器,枪炮"
communal,adj. 公共的，集体的
linguist,n. 语言学家
cortex,"n. 外皮, （大脑）皮层"
chilly,adj. 寒冷的
artifact,n. 人造物品
curator,n. 管理者
tally,n. 记分  vi符合
originator,"n. 创始人, 发起人"
pacifier,n. 调停者，和解人
Indus,n. 印度河（印度西北部的河流）
pul,n. 普尔(阿富汗辅币单位)
humanness,"n. 为人,人性"
pinniped,adj. 鳍足类的
incidental,adj. 偶然的
intruder,n. 入侵者
ornate,"adj. 华丽的, 装饰的"
rhetoric,"n. 雄辩言辞,修辞学"
clump,n. (树，草)丛 v. 使成一丛
immaturity,n. 不成熟
overcrowd,v. 过度拥挤
brine,n. 盐水
jade,n. 玉，翡翠
lapis,n. [化]天青石(常用于化学中的矿物命名)
lazuli,n. 天青石
sewage,"n. 污水, 污物"
imagery,"n. 意象, 肖像"
refreeze,"vt. 再结冰, 重新冻结"
hydrologic,adj. 水文的
dietary,adj. 饮食的 n. 规定的食物
hydropower,n. 水力发出的电力
granule,n. 小粒，微粒
dealing,"n. 行为, 交易"
circumvent,"v. 绕行,设法避开"
achondrite,n. 不含球粒陨石
navigable,"adj. 可航行的,可操纵的"
greener,n. 生手
foliage,"n. 树叶,植物"
maximize,"v. 取最大值, 最佳化"
bushman,n. 丛林居民
marshy,"adj. 沼泽般的,湿软的"
porcupine,n. [动]豪猪
percussion,"n. 碰撞, 打击乐器"
crisscross,"v. 交叉, 来回移动 n. 十字形"
rift,n. 裂口 v. 裂开
myriad,adj. 无数的 n无数
clavichord,n. 翼琴(钢琴的前身)
trilobite,n. [古生]三叶虫
converter,n. 转炉
sierra,"n. [地]齿状山脊, [鱼]马鲛"
octopus,n. 章鱼
temporal,"adj. 现世的, 暂时的"
minimalist,n. 最低限要求者
magical,"adj. 魔术的, 神奇的"
storefront,"n. 店头, 店面"
makeshift,adj. 临时的 n. 临时替代物
cactus,n. [植]仙人掌
improvise,v. 即兴创作
showman,"n. 戏剧制作人, 玩杂耍的"
Alaskan,n. 阿拉斯加人 a阿拉斯加的
perpetuate,"v. 使永存, 使不朽"
afterlife,"n. 来世, 后来的岁月"
bask,v. 晒太阳
shoemaker,n. 鞋匠
prairies,n. 大草原
handicraft,n. 手工艺(品)
airstream,n. 气流
flashbulb,n. [摄]闪光灯泡
bovine,adj. (似)牛的，迟钝的
icicle,n. 冰柱
unbroken,adj. 不间断的
funnel,"n. 漏斗,烟囱"
fastidious,"adj. 过分讲究的, 挑剔的"
overshadow,"v. 遮蔽, 使失色"
quincy,n. 昆西(美国伊利诺斯州西部一城市)
rumen,n. 瘤胃(反刍动物的第一胃)
broadleaf,"n. 阔叶烟草,阔叶树"
bluish,adj. 带蓝色的
Parisian,n&a. 巴黎(人)(的)
postwar,adj. 战后的
brant,n. 黑雁
scurry,v. 疾行
Vancouver,n. 温哥华（城市名)
megawatt,n. 兆瓦特
arboreal,adj. 树木的
slop,"v. 溢出, 溅溢"
limner,n. 素描者
swimmer,n. 游泳者
eagerly,"adv. 热心地,急切地"
husbandry,n. 管理
vascular,"adj. 血管的,  脉管的"
glassy,adj. 象玻璃的
sulfuric,"adj. [化] 硫磺的,含硫的"
clearer,adj. 更清楚的
matrix,n. 矩阵
epitome,n. 摘要
subspecies,n. [生]亚种
dropstone,n. 滴石
portrayal,"n. 描画, 描写"
hexagon,"n. 六角形, 六边形"
poetic,adj. 诗歌的
ascent,"n. 上升,提高"
Talbot,n. [动]塔尔博特提猎狗
query,"n&v. 质问,疑问"
amass,v. 积累，积聚
causal,adj. 原因的
sinuous,adj. 蜿蜒的
floral,"adj. 花的,像花的"
herbaceous,adj. 草本植物的
primordial,"adj. 原始的,最初的"
oversee,v. 监督，监管
deity,"n. 神, 神性"
phosphorus,n. 磷
unearned,adj. 不劳而获的
burrow,n. 洞穴 v. 挖地洞
infrequent,"adj. 不频发的,不常见的"
yarn,n. 纱线 v. 讲故事
plasma,n. 血浆
ford,n. 浅滩 v徒涉
mortise,n. 榫眼  v用榫接合
microbial,"adj. 微生物的,  由细菌引起的"
ironwork,n. 铁制品
unearth,v. 掘出
situate,v. 位于，坐落在
mallet,n. 槌棒
guncotton,n. [军]强棉药
fathom,n. 长度单位(6英尺)
pantomime,n. 哑剧
alligator,n. 产于美洲的鳄鱼
continuum,n. 连续统一体
indirectly,adv. 间接地
shoreline,n. 海岸线
sedge,n. [植]莎草
lament,n. 悲伤v哀悼
ancestral,adj. 祖先的
estuary,"n. 河口, 江口"
seismic,adj. [地]地震的
withdrawal,"n. 收回, 撤退"
ember,"n. 灰烬, 余烬"
sorghum,n. [植]高粱属的植物
primal,adj. 最初的
regulatory,"adj. 管理的, 控制的"
isotopic,"adj. 同位素的,合痕的"
macdonald,n. 麦当劳快餐店
locomotion,"n. 运动, 移动"
livable,adj. 适于居住的
dime,n. <美> 一角硬币
outlying,adj. 远离中心的，偏僻的
disruption,n. 分裂
grower,n. 种植者，栽培者
mundane,"adj. 平凡的, 世俗的"
raindrop,"n. 雨滴, 雨点"
sunflower,n. [植]向日葵
instigate,v. 鼓动
gateway,n. 入口
rigorously,adv. 严格地
onrushing,adj. 猛冲的
tricycle,n. 三轮车
orogeny,n. [地] 山岳之形成
befit,v. 适合
compost,n. 混合肥料
residency,"n. 居住, 住所"
brewster,n. 酿造者
lithograph,"n. 石版画, 平版印刷"
yew,"n. 紫杉, 紫杉木"
wholesale,n. 批发 adj. 大规模的
adrift,"a&ad. 漂流的,漫无目的"
mystical,adj. 神秘的
coerce,v. 强制
stark,adj. 荒凉的 adv. 完全
revere,"v. 尊敬,敬畏"
uniquely,"adv. adv独特地, 唯一地"
birch,"n. 桦树, 白桦"
prospector,"n. 探勘者, 采矿者"
rote,n. 死记硬背
battleship,n. 战舰
skepticism,n. 怀疑论
economist,n. 经济学者
delineate,v. 描绘
rugged,"adj. 高低不平的, 崎岖的"
referent,n. 指示物
Gypsy,"n&a. 吉普赛人(的),吉普赛语（的）"
outwash,n. [地质]冰水沉积
knap,v. 敲击
basaltic,adj. 玄武岩的
carbonic,adj. (含)碳的
intersect,"v. 贯穿, 交叉"
Yale,n. 耶鲁
redwood,n. [植]红杉
sterile,"adj. 贫脊的,不结果的"
preschool,adj. 未满学龄的n幼儿园
smelt,v. 熔解，熔炼
streambed,n. 河床
luckily,adv. 幸运地
drake,"n. 公鸭, 蜉蝣类"
shrinkage,n. 收缩
detachment,"n. 冷漠, 脱离"
gully,"n. 小峡谷, 排水沟"
innovator,"n. 改革者, 革新者"
homemaking,n. 家政
intestine,"adj. 内部的,国内的"
tavern,"n. 酒馆, 客栈"
tenfold,adj. 十倍的 ad成十倍
shin,n. 胫骨
mandarin,"n. 官话,普通话"
guilde,"n. 行会, 协会"
Iroquois,n. 易洛魁族人
quietly,"adv. 平静地,寂静地"
ectotherm,"n. [动] 冷血动物,变温动物"
vas,"n. 血管, 脉管"
aqueduct,"n. 沟渠,导水管"
ravage,n&v. 毁坏
befriend,"v. 待人如友,帮助"
adaptable,"adj. 能适应的,适应性强的"
Portugal,n. 葡萄牙(欧洲西南部国家)
safely,"adv. 安全地, 确实地"
invisibly,"adv. 看不见地, 看不出地"
rye,n. 裸麦
unpopular,"adj. 不流行的, 不受欢迎的"
holocene,n&a. [地]全新世(的)
titanium,n. [化]钛
tang,v. 有浓味 n特殊气味
antagonism,"n. 对抗(状态), 对抗性"
dramatize,v. 编写剧本
leisurely,adj. 从容地，慢慢地
Ontario,n. 安大略湖[北美洲]
delft,n. 代夫特(荷兰城市)陶器
reddish,adj. 微红的
chariot,n. 战车
Arab,n&a. 阿拉伯人(的)
platelet,n. [解] 血小板
accrete,"v. 共生, 附着, 增加"
bubbly,adj. 多泡的
metalwork,n. 金属制品
bulldozer,n. 推土机
alchemist,n. 炼金术士
reelect,"v. 重选, 改选"
tapeworm,n. [动]绦虫
languish,"v. 憔悴, 凋萎"
mythology,n. 神话
lateness,"n. 迟, 晚"
newcomer,n. 新来的人
gravitas,n. 庄严(举止)
prerecord,v. 事先录音
dispense,"v. 分发, 分配"
inedible,adj. 不能吃的，不宜食用的
swiftly,"adv. 很快地, 即刻"
risky,adj. 危险的
gibbon,n. 长臂猿
raccoon,n. <美>[动]浣熊
arousal,"n. 觉醒, 激励"
avalanche,n. 雪崩
ibex,n. 野生山羊
cessation,n. 停止
iridescent,adj. 闪光的，现晕光的
eocene,n&a. 始新世(的)
snowdrift,n. 雪堆
accordion,n. 手风琴
manure,n. 肥料
clover,n. [植]三叶草
violently,"adv. 猛烈地, 激烈地"
masonry,"n. 石工术, 石匠职业"
mediocre,adj. 平庸的
tributary,a&n. 支流(的)，进贡(的)
choosy,adj. 好挑剔的
crudely,"adv. 粗糙地, 粗鲁地"
epistle,n. 书信
endotherms,"n. 温血动物, 恒温动物"
berg,n. 冰山
corpus,"n. 资料, 文集"
illusory,adj. 虚幻的
sparsely,adv. 稀疏地
methyl,"n. 甲基, 木精"
worshipper,n. 礼拜者
receptacle,n. 容器
chemurgy,"n. [化]农业化工,实用化学"
imitator,n. 模仿者
edifice,"n. 大厦, 大建筑物"
wary,adj. 机警的
surmise,v. 猜测
disdain,n. 轻蔑 v蔑视
anti,n. 反对者 a反对的
predispose,"v. (使)易罹患, (使)预先偏向于"
aviator,n. 飞行员
subtlety,"n. 微妙, 精明"
streetcar,n. 路面电车
oscillate,v. 振荡
underfoot,"adv. 在脚下面, 踩着地"
developer,n. 开发者
gourd,n. 葫芦
landowner,n. 土地所有者
pane,n. 窗格玻璃
undisputed,adj. 无可置辩的
celsius,adj. 摄氏的
redbud,n. 紫荆属植物
bullrush,n. 芦苇
speculator,n. 投机者
nodule,n. 节结
dormancy,n. 休眠
supposedly,"adv. 推测地, 大概"
basketry,n. 篓编织品
eukaryotic,adj. 真核状态的
emulsion,n. 乳状液
rebound,n. /v回弹
handmade,adj. 手工的
implicitly,"adv. 含蓄地,  暗中地"
fanciful,"adj. 想像的, 奇怪的"
deprecate,"v. 抨击, 反对"
infusion,n. 灌输
rhythmical,"adj. 节奏的, 合拍的"
coconut,n. 椰子
infancy,n. 幼年
credence,n. 信任
encase,"v. 装入, 包住"
maroon,n. 栗色 a栗色的
legally,"adv. 法律上, 合法地"
immunity,n. 免疫性
periphery,n. 外围
condenser,"n. 冷凝器, 电容器"
bilingual,adj. 能说两种语言的
innermost,"adj. 最里面的, 内心的"
jellyfish,n. 水母
afar,adv. 遥远地
epic,"n. 史诗, 伟大事迹"
inactive,"adj. 不活动的, 怠惰的"
alkaloid,n. [化]生物碱
televise,"v. 广播, 播映"
labellum,n. （兰花的） 唇瓣
fishery,"n. 渔业, 水产业"
necrosis,n. 坏死
stag,n. 牡鹿vi不带女伴参加晚会
encroach,"v. 侵占,侵犯"
syllable,n. 音节
sequoia,n. [植] 美洲杉
tempera,n. 蛋彩画
dogwood,n. 山茱萸
plank,n. 厚木板(条)
plutonic,adj. 火成岩的
neutralize,v. 压制
condor,"n. [动]秃鹰, 秃鹫"
attainment,n. 达到
estuarine,"adj. 入海的, 在入海口形成的"
waterfront,"n. 水边地码头区, 滨水地区"
believable,adj. 可信的
regularize,"v. 使有规则, 使有秩序"
skeletal,"adj. 骨骼的, 梗概的"
serpentine,adj. 蜿蜒的
contour,n. 轮廓
kiwi,n. [鸟]几维(一种新西兰产的无翼鸟)
unsuitable,"adj. 不适宜的, 不合适的"
hydroponic,adj. 溶液培养的
currier,n. 制革匠
Semitic,n. /a闪族人(语) (的)
diffuses,"v. 扩散,弥漫"
synonymous,adj. 同义的
backdrop,"n. 背景幕, 背景"
refractory,"adj. 难控制的,耐火的"
soilless,adj. 不用泥土(培植)的
nebular,adj. [天]星云的
someday,adv. 有朝一日
journalism,n. 新闻业
nectar,"n. [希神] 神酒, 任何美味的饮料, 花蜜"
USA,abbr. 美国(美利坚合众国)
adornment,"n. 装饰, 装饰品"
lesley,n. 莱斯利（女子名）
ppm,abbr. 百万分率，百万分之…（parts per million）
assortment,"n. 分类,混合物"
astound,"v. 使惊骇, 使大吃一惊"
germinate,"v. 发芽,使生长"
nitric,"adj. [化]氮的, 含氮的"
viscosity,"n. 粘质, 粘性"
dating,n. 约会 v. 约会
theropod,adj. 兽性的，野兽般的
supporter,"n. 支持者, 赡养者"
precarious,"adj. 危险的,不确定的"
wispy,"adj. 纤细的, 脆弱的"
vacancy,"n. 空白, 空缺"
auger,n. 螺丝钻 vt. 用钻子钻洞于
longtime,adj. (已持续)长时间的 adv. 长久地
validate,"v. [律]使有效, 使生效"
sulfide,n. <美>[化]硫化物
ether,"n. 天空醚, 大气"
tenon,"n. [木工]榫 vt. 接榫, 造榫"
whittle,"v. 切, 削 n. 屠刀"
supersede,"v. 代替, 取代"
dehydrate,v. (使)脱水
amino,adj. 氨基的 n. [化学] 氨基
celestial,adj. 天上的 n. 神仙
regolith,"n. [地质]风化层, 土被"
marrow,"n. 精华, 活力"
ptarmigan,n. 松鸡类
percolate,"n. 滤过之液体,滤液 v. 过滤"
mudflats,n. 泥滩
mineralize,"v. 使矿物化,采集矿物"
calcareous,"adj. 钙质的,石灰质的"
bedcover,n. 被面
vaguely,"adv. 含糊地, 暧昧地"
pinhead,"n. 针头, 小东西"
immersion,"n. 沉浸,专心"
scuba,n. 水中呼吸器
sunlit,"adj. 被日光照射了的, 阳光照射的"
orchestral,"adj. 管弦乐的,管弦乐队的"
landslide,"n. [地]山崩, 滑坡"
counteract,"v. 抵消, 中和, 阻碍"
stature,"n. 身高,(精神、道德等的)高度"
relaxation,"n. 松弛, 放宽"
spurge,n. [植]大戟
calotype,n. 光力照像法
molasses,n. <美>糖蜜
needlefish,n. [动] 颌针鱼(一种长嘴便鳞之海鱼)
fireball,"n. 火球, 大流星"
meteor,"n. 流星, 大气现象"
etch,v. 蚀刻
hale,adj. 强壮的 v. 硬拖
ingoing,"adj. 进入的 n. 进入,迁就"
artistry,n. 艺术之性质
magnetize,"v. 使磁化, 吸引"
recess,"n. (墙壁等的)凹进处 v. 使凹进,休假"
bonito,n. 鲣
hatchling,n. 人工孵化的鱼苗或小鸟
elongate,"v. 拉长, (使)伸长 adj. 伸长的"
linoleum,"n. 油布, 油毯"
franklin,"n. 小地主, 乡绅"
morally,adv. 道德上
utterance,"n. 意见, 说话, 发表"
treasury,"n. 财政部, 国库"
heartbeat,n. 心跳
scat,v. 迅速走开 n. 爵士音乐中无意义的音节的演唱
unexplored,adj. [地质] 未勘查过的
upland,"n. 丘陵地, 高地 adj. 高地的,山地的"
wingspan,n. [空]翼展
flicker,"n&v. 闪烁,摇曳"
anvil,n. [解]砧骨
excellence,"n. 优秀, 卓越"
loggerhead,"n. 傻子,铁球棒"
pertain,"v. 适合, 属于"
dike,n. 堤防 v. 筑堤提防
rooftop,n. 屋顶 adj. 屋顶上的
caput,"n. 头, 首"
animate,v. 鼓舞 adj. 生气勃勃的
acreage,"n. 英亩数, 面积"
reabsorb,"v. 再吸附,重吸收"
squarely,"adv. 方形地, 直角地"
Henderson,n. 亨德森（姓氏）
rawhide,n. 生牛皮 vt. 用生牛皮鞭抽打 adj. 生牛皮的
dale,"n. 宽谷, 溪谷"
fletcher,"n. <古>造箭者,弗莱彻"
flute,"n. 长笛 v. 吹长笛,刻槽"
pedagogy,"n. 教学, 教授"
exuberant,"adj. 繁茂的,生气勃勃的"
reaper,"n. 收割者, 收割机"
anxiously,"adv. 忧虑地, 不安地"
bellow,"v. 怒吼, 咆哮"
unreal,"adj. 不真实的, 虚幻的"
receptive,"adj. 善于接受的,能容纳的"
unplanned,"adj. 意外的,在计划外的"
nomad,"n. 游牧部落的人,流浪者 adj. 游牧的"
Mongolia,n. 蒙古
sexually,"adv. 性别地,两性之间地"
lifeway,"n. 生活方式, 生活"
facade,n. 正面
torrid,"adj. 晒热的,热情的"
neuron,"n. [解]神经细胞,神经元"
eukaryote,n. 〈生〉真核细胞
commensal,"adj. 共餐的 n. 共食伙伴, 共生物"
roadbed,n. 路基
encompass,"v. 包围,环绕"
metabolize,v. 产生代谢变化
diversify,"v. 使多样化, 作多样性的投资"
neurospora,n. [微]脉孢菌
paucity,n. 极小量
burin,"n. 冰凿,雕刻刀"
walrus,"n. [动]海象, 海象胡须"
incubator,"n. 培养的器具, 孵卵器"
poorhouse,n. 救济院
excitation,"n. 刺激,兴奋, 激动"
amniotic,adj. [昆] 羊膜的
porpoise,"n. [动]海豚, 小鲸"
spew,"v. 喷涌,呕吐"
emanate,"v. 散发,发出"
noxious,adj. 有害的
shun,"v. 避开,避免"
erectus,adj. [拉丁语]直立的
sleepiness,"n. 想睡,瞌睡"
oneness,"n. 单一,  统一"
excrete,"v. 排泄, 分泌"
infection,"n. 传染病, 影响,"
piling,"n. 打桩, 打桩工程"
analyst,"n. 分析家, 分解者"
regulator,"n. 调整者,调整器"
toolmaking,"n. 工具(或刀具)制造,机床维修"
morphology,"n. [生物]形态学, [语法]词法"
hiccup,n. 打嗝 v. 打嗝
platypus,n. [动]鸭嘴兽
halite,n. [化]岩盐
subsist,"v. 生存, 存在, 供养"
conestoga,n. 一种大篷马车
nowcasting,n. 预告
readership,"n. 读者的身分, 读者人数"
squander,v. 浪费 n. 浪费
birdlike,"adj. 敏捷轻快的,似鸟的"
somerset,n. 翻筋斗 vi. 翻筋斗
textural,"adj. 组织的,结构的"
derrick,"n. 起重机, (钻井)井口上的铁架塔"
phoenix,"n. 凤凰,完人"
impersonal,"adj. 客观的,没有人情味的"
secular,"adj. 长期的,世俗的"
onward,"adj. 向前的 adv. 向前,在前面"
pluto,"n. 冥王星, 阴间之神"
chicopee,n. 奇科皮（美国马萨诸塞州西南部城市）
patchy,"adj. 补丁的, 不调和的"
clinical,"adj. 临床的,诊所的"
verbalize,"v. 用语言描述,累赘"
cellulose,"n. 纤维素,（植物的）细胞膜质"
Patricia,n. 帕特丽夏（女子名）
yam,"n. 山药, 洋芋"
sharper,"n. 磨具,(赌博中的)骗子"
allocation,"n. 分配,安置"
vantage,"n. 优势,有利情况"
flowerbed,"n. 花床,花圃"
debatable,"adj. 成问题的,未决定的"
objectify,"v. 使客观化,具体化"
vacate,"v. 腾出, 空出,离(职),退(位)"
subtropic,"adj. 亚热带的,副热带的"
scenic,"adj. 舞台的, 景色优美的 n. 风景照片"
tusk,n. 长牙 v. 以牙刺戳
meaty,"adj. 肉的,多肉的"
resilient,n. 帕特森（美国一座城市）
subtitle,n. 说明对白的字幕 v. 给…加字幕
rigidity,"n. 刻板,严格"
riverbank,"n. 河堤, 河岸"
landslip,"n. [地]山崩,塌方"
ephemeral,"adj. 朝生暮死的, 短暂的"
aquatic,"adj. 水的,水生的 n. 水生动物"
vibration,"n. 振动,颤动"
snout,"n. 猪嘴,鼻子"
suggestive,"adj. 提示的,暗示的"
rougher,"n. 粗切机,粗选槽"
peat,"n. 泥煤, 泥炭块"
mystique,"n. 神秘性,奥秘"
lengthwise,adj. 纵长的 adv. 纵长地
Victorian,adj. 维多利亚女王时代的
Chile,n. 智利
hander,"n. 支持器,夹头"
alpha,n. 希腊字母的第一个字母
sleeper,"n. 睡眠,枕木"
colonizer,"n. 殖民者,殖民地开拓者, 移民"
welland,n. 韦兰（加拿大东南部港口城市）
unmatched,"adj. 无与伦比的,不相配的"
nutritive,adj. 营养的 n. 营养物
inception,"n. 起初, 获得学位"
morris,n. 莫理斯舞(英国传统民间舞蹈)
nonfiction,n. 非小说的散文文学
flexibly,"adv. 易曲地, 柔软地"
sandal,"n. 凉鞋, 檀香"
grotto,"n. 洞穴,人工洞室"
prostrate,"adj. 降伏的,俯卧的 v. 使屈服"
protector,n. 保护者
bode,v. 预示
hump,"n. 驼峰,峰丘 v. (使)隆起"
Peru,n. 秘鲁
diva,n. 歌剧中的首席女主角
nonstop,"adj. 不断的,直达的 adv. 不休息地"
bifocal,adj. 双焦点的
cougar,n. [动]美洲狮(尤指Felis concolor)
smear,"v. 涂污,弄脏 n. 油迹, 涂片"
ocher,"n. 黄土, 赭土"
obliterate,"v. 涂去, 删除, 使湮没"
greenish,adj. 呈绿色的
succinct,"adj. 简洁的, 紧身的"
midway,"n. 中途,半路 adj. 中途的 adv. 在中途"
unsung,"adj. 未唱的,未赞颂的"
fungicide,n. 杀真菌剂
figural,"adj. 借喻的,比喻的"
overtax,"v. 课税过重, 使负担过度"
custodial,"adj. 保管的,保管人的 n. [宗]圣物保管容器"
cole,"n. 油菜, 小菜"
annihilate,"v. 消灭,湮灭"
sectional,"adj. 可组合的,部分的"
divergence,n. 分歧
forbes,n. 福布斯（美国著名财经杂志）
grama,n. 美国西部产的一种牧草
rhyolite,n. [地]流纹岩
comparably,"adv. 同等地,可比较地"
gesso,"n. (雕刻、绘画用的)石膏, 石膏粉"
deference,"n. 顺从, 尊重"
cumbersome,"adj. 笨重的,累赘的"
weft,"n. [纺]织物,信号旗"
dire,"adj. 可怕的,极端的"
pendant,"n. 垂饰, 下垂物"
generalist,"n. 多面手,通才"
kennel,"n. 狗窝 v. 置于狗窝,关进狗窝"
postmaster,n. 邮局局长
rigidly,"adv. 坚硬地, 严格地"
renounce,"v. 宣布放弃,断绝关系"
urbanism,"n. 都市生活,都市化"
harshly,"adv. 严厉地, 苛刻地"
chitin,"n. 壳质, 角素"
Jules,n. 朱尔斯（男子名）
triassic,adj. [地]三叠纪的 n. 三叠纪
adjunct,"n. 附件, 助手 adj. 附属的"
glasswork,n. 玻璃制品 v. 制成玻璃状的
sate,v. 使心满意足
flier,"n. 飞行者,快车,宣传单"
deplorable,"adj. 可叹的,凄惨的"
loneliness,"n. 孤独, 寂寞"
puncture,n. 小孔 v. 刺破
glandular,"adj. 腺的,腺状的"
glycoside,"n. [化]配醣, 配糖类"
preform,v. 预先形成 n. 粗加工的成品
unusable,"adj. 不能用的,与众不同的"
inducible,"adj. 可诱导的,可导致的"
sepal,n. 萼片
snippet,"n. 小片, 片断"
cardiac,"n. 强心剂 adj. 心脏的, (胃的)贲门的"
glial,adj. 神经胶质的
autonomic,"adj. 自治的, 自律的"
coyote,"n. 一种产于北美大草原的小狼, 山狗"
endowment,"n. 捐赠,天资,捐款"
puddle,"n. 水坑, 泥潭 v. 搅浊,搅泥泞"
proboscis,"n. 鼻子,[昆] 喙"
crimson,adj. 深红色的 v. 变深红色 n. 深红色
exhaustion,"n. 耗尽枯竭,疲惫,竭尽"
polyphony,"n. 复调音乐, 多音"
cornet,"n. 圆锥形纸袋, 短号"
maize,"n. 玉米, 黄色 adj. 玉米色的"
chivalry,"n. 骑士精神, 骑士制度"
unadorned,"adj. 朴素的,未装饰的"
paraphrase,v. 解释 n. 释义
unselfish,"adj. 无私的,慷慨的"
disco,n. 迪斯科舞厅
nonself,n. (有机体的)异物
ragtime,n. 拉格泰姆音乐 adj. 使人发笑的
quasar,"n. 恒星状球体, 类星体"
concertina,n. 类似风琴的六角形的乐器
quill,"n. 羽茎,大翎毛 vt. 刺穿"
bolster,n. 垫子 v. 支持
exhale,"v. 呼气,发出"
angstrom,n. [物理]埃(长度单位)
microscopy,"n. 显微镜检查,显微镜使用"
narcotic,"n. 麻醉药,镇静剂 adj. 麻醉的"
narcosis,"n. 昏迷状态, 麻醉"
embolism,"n. 加闰日, 栓塞"
abrasion,n. 磨损
virgo,"n. 室女宫,室女(星)座"
freighter,"n. 货船,承运人"
thinly,"adv. 稀疏地,瘦"
Andromeda,"n. 埃塞俄比亚的公主, 仙女座"
yardstick,"n. <美> 码尺, 准绳"
exalt,v. 晋升
monoxide,n. 一氧化物
ingot,"n. [冶]锭铁, 工业纯铁"
grievance,"n. 委屈, 冤情, 不平"
notch,"n. 槽口,刻痕 v. 刻凹痕"
shorebird,"n. 岸禽类鸟,沙禽"
mandible,"n. 下颚, 下颚骨"
attire,n. 服装 v. 打扮
unravel,"v. 拆开,拆开"
Katherine,n. 凯瑟琳（女子名）
deft,"adj. 敏捷熟练的, 灵巧的"
baedeker,"n. 旅行指南, 入门手册"
entomb,"v. 埋葬, 成为的坟墓"
burgher,"n. 公民, 市民"
puffin,n. [鸟]角嘴海雀
insoluble,"adj. 不能溶解的, 不能解决的"
unemployed,"adj. 失业的, 未被利用的"
immobility,"n. 牢固,不动"
filmmaker,n. 电影摄制者
understate,"v. 打着折扣说,有意轻描淡写"
narrate,"v. 叙述,作解说"
consort,"v. 结交,符合 n. 配偶"
gannet,n. 塘鹅
underwing,"n. 后翅, 后翅色彩瑰丽的蛾"
exorbitant,"adj. （要价等）过高的,（性格等）过分的"
herring,"n. 青鱼, 鲱"
earner,n. 赚钱的人
angular,"adj. [生物] 有角的,生硬的,笨拙的"
wren,n. [动] 鹪鹩
kinglet,"n. <贬>懦弱的国王,小国君主"
uniformity,"n. 一致,均匀"
priestess,"n. 女祭司, (基督教会以外的)神职人员"
enjoyment,"n. 享乐, 快乐"
forester,"n. 林务官, 森林人"
spoilage,n. 损坏
solder,n. 焊料 v. 焊接
harshness,"n. 粗糙的事物, 严肃, 刺耳"
collagen,n. 胶原质
sumptuous,"adj. 奢侈的,华丽的"
stringent,"adj. 严厉的,迫切的"
resentment,"n. 怨恨,愤恨"
purposely,"adv. 故意地,蓄意地"
grapple,"v. 格斗,抓住 n. 格斗"
armory,"n. 兵工厂,军械库"
courtship,"n. 求爱, 求爱时期"
sleek,"adj. 圆滑的,使…光滑"
corselet,"n. 盔甲,胸衣"
keel,"n. 龙骨(船的脊骨),平底船 v. 装以龙骨,倾覆"
secrecy,"n. 秘密,保密"
lira,n. 里拉（意大利货币单位）
livelihood,"n. 生计,谋生"
impediment,"n. 妨碍,口吃, 障碍物"
silhouette,"n. 侧面影象,轮廓 v. 使…照出影子来"
marketable,"adj. 市场的,可销售的"
mudstone,n. [地]泥岩
carcass,n. (屠宰后)畜体
meteoritic,"adj. 陨星的,陨石的"
offshoot,"n. 分支, 支流"
inborn,"adj. 天生的,生来的"
lifelike,"adj. 栩栩如生的,逼真的"
bipedal,"adj. 两足动物的,两足的"
antiquate,"adj. 旧式的,过时的"
chondritic,adj. 球粒状陨石的
replicate,v. 复制 adj. 复制的
weldon,n. 韦尔登（男子名）
stonework,"n. 石雕工艺, 做石工的场所"
unanswered,"adj. 未答复的,无反应的"
mantel,n. 壁炉架
reappear,v. 再出现
carton,"n. 硬纸盒, 纸板箱"
elegance,"n. 高雅,典雅"
duchenne,n. 杜氏营养不良症
reopen,"v. 重开,再开始"
immutable,"adj. 不变的,不可变的"
waterfowl,"n. 水鸟, 水禽"
permeable,"adj. 有浸透性的, 能透过的"
fanwise,adj. 呈扇形展开的
riverbed,n. 河床
expertly,adv. 熟练地
stipulate,"v. 规定, 保证"
sandbar,n. 沙洲
contingent,"adj. 可能发生的, 附随的 n. 偶然的事情"
congenial,"adj. 意气相投的,性格相似的"
faucet,"n. 龙头, (连接管子的)插口"
imperfect,"adj. 有缺点的,未完成的 n. 未完成体"
homeotherm,n. <主美>恒温动物
drape,n. 窗帘 v. 使褶皱
pictorial,adj. 图示的 n. 画报
bland,"adj. 温和的,乏味的 v. 变得乏味"
unschooled,"adj. 天生的,未受学校教育的"
burgeon,n. 嫩芽 v. 萌芽
ashcan,"n. 垃圾桶, 深水炸弹"
flyspeck,"n. 污点,小斑 v. 弄脏"
rennin,n. 高血压蛋白原酶
hormonal,"adj. 荷尔蒙的,激素的"
mandate,"n. (书面)命令,训令 v. 委任统治"
mammalian,n. 哺乳动物 adj. 哺乳动物的
unfairly,"adv. 不公平地,不正当地"
burdensome,"adj. 繁重的,难以承担的"
gymnastic,"adj. 体操的,体育的 n. 训练课程"
peacetime,n. 和平时期 adj. 和平时期的
nobility,"n. 高贵,贵族"
ponderous,"adj. 笨重的,沉闷的"
thresher,"n. 打谷者, 打谷机, [鱼]长尾鲨"
enactment,"n. 设定,制定"
seafood,"n. 海产食品, 海味"
besiege,"v. 围困,围攻"
unaware,"adj. 不知道的, 没觉察到的"
semimolten,adj. 半熔的
incinerate,"v. 把烧成灰,烧弃"
canyon,"n. <美>峡谷, 溪谷"
falconer,"n. 以鹰狩猎者,养鹰者"
lien,"n. 留置权,抵押品所产生的利息"
starfish,n. 海星
dismember,"v. 肢解,割断手足"
phylum,"n. (生物分类学上的)门, 语群"
spinet,"n. 古时的小型竖琴, 小型立式钢琴"
supremacy,"n. 地位最高的人,至高,霸权"
passageway,"n. 过道,出入口"
Gothic,"n. 哥特式 adj. 哥特式的,野蛮的"
bluff,"n. 断崖,诈骗 adj. 绝壁的 v. 诈骗"
tonal,adj. 音调的
saguaro,n. 仙人掌之一种
taproot,"n. [植]主根, 直根"
firing,"n. 开火, 生火 v. 开火,烧制"
heed,"n. 注意,留意 v. 注意,留意"
adequacy,"n. 适当, 足够"
minstrel,n. 吟游诗人(或歌手)
ling,"n. 鳕鱼, 石南之一种"
phosphate,n. 磷酸盐
apiece,"adv. 每个, 每人, 各"
walker,"n. 徒步者, 参加竞走者"
taut,"adj. (绳子)拉紧的,紧张的 vt. 使纠缠"
stretcher,"n. 担架, 延伸器"
hoof,n. 蹄 v踢
discolor,"v. 使脱色, (使)变色,(使)退色"
foreleg,n. 前肢(指四肢或多肢动物的)前脚
buckskin,"n. 鹿皮裤, 鹿皮"
fortify,"v. 增强(体力,结构等) v. 筑防御工事"
suspender,"n. 吊裤带, 悬挂物, 吊杆, 袜吊"
buckle,"n. 带扣 v扣住, 变弯曲"
chafe,"v. (将皮肤等)擦热, 使恼火"
tourniquet,"n. 止血带, 压脉器"
bandanna,n. 大手帕
vestigial,"adj. 退化的,发育不全的"
harem,"n. （伊斯兰教教徒之）闺房, 为一个雄性动物所控制的许多雌性动物"
everest,n. 珠穆朗玛峰(世界最高峰)
Monroe,n. 门罗(m)
jawbone,"n. 颚骨, 下颚骨, 信用 v赊买"
Iraq,n. 伊拉克共和国
grande,adj. 重大的，显要的
facelift,n. 整容手术（除去面部皱纹）
massif,n. 山丘
wireless,adj. 无线的 n. 无线
sterilize,"v. 杀菌, 消毒, 使成不毛"
reenter,"n. 重进入, 再加入 v. 重返"
rapport,"n. 和谐, 亲善"
gripe,"n. 紧握, 柄 v. 握紧"
railhead,"n. 铺设中的铁路末端, 终点"
cerebral,"adj. 脑的, 大脑的"
Kenya,n. 肯尼亚
cleanly,"adv. 干净地, 清洁地"
quina,"n. [植]金鸡纳树皮, 奎宁"
unresolved,adj. 未解决的，未决定的
exhilarate,"v. 使高兴, 使愉快"
teem,v. 大量出现
premiere,v. 初次公演 n. 初次的演出 adj. 杰出的
screening,"n. 放映 v. 遮蔽,筛选"
Austrian,"n. 奥地利人 adj. 奥地利的, 奥地利人的"
watershed,n. 分水岭
substrate,"n. （土地）底层,基础"
sustenance,"n. 食物, 生计, (受)支持"
charitable,"adj. 慈善事业的,慷慨的,仁慈的"
perceptive,"adj. 感知的,知觉的"
unsure,"adj. 没有自信的, 不确定的"
loess,n. 黄土
roughness,"n. 粗糙, 未加工, 粗糙程度"
electro,"n. 电镀物品, 电版"
alkaline,adj. 碱性的，碱的
ballad,"n. 民歌, 流行歌曲"
ratify,"v. 批准, 认可"
conflate,v. 合并
cardboard,n. 纸板
catechism,"n. 问答教学法, 问答集"
convection,"n. 传送, 对流"
creditor,n. 债权人
cany,"adj. 藤的,状似手杖的"
telescopic,"adj. 望远镜的,[眼科] 远视的"
crayfish,n. 小龙虾
fluffy,"adj. 绒毛似的, 蓬松的"
militarily,"adv. 以武力, 以军事行动"
enforcer,"n. 实施者,强制执行者"
ostracize,"v. (古希腊)贝壳放逐法, 放逐, 排斥"
thinker,"n. 思想者, 思想家, 心智"
songwriter,n. 歌曲作家，歌曲作者
inducement,"n. 诱因, 刺激物"
vogue,"n. 、a流行（的）, 时髦（的）"
keplerian,"adj. 开普勒理论的,开普勒定律的"
grinder,"n. 磨工, 研磨者"
Galilean,"adj. 伽利略的, 加利利的（位于巴基斯坦北部）"
align,v. 排列，使结盟
diffusely,"adv. 广泛地,扩散地"
caucasian,"n. 高加索人 adj. 高加索的, 白种人的"
Korean,"n. 韩国人, 韩国语 a朝鲜人的, 朝鲜语的"
crescent,"n. 新月, 月牙"
gospel,n. 〈圣经·新约〉福音书
ductless,adj. 无导管的
garland,n. 花环 vt戴花环
recreate,"v. (使)得到休养, (使)得到娱乐"
uncritical,"adj. 无批判力的,不加批判的"
resonator,n. 共鸣器
Jewett,n. 朱厄特（姓氏）
chaotic,"adj. 混乱的, 无秩序的"
fen,"n. 沼泽, 沼池"
pretension,"n. 借口, 要求, 自负"
scant,"adj. 缺乏的,不足的 v节省,减少"
pancreatic,"adj. 胰的,胰腺的"
pancreas,n. [解]胰腺
digestion,"n. 消化力, 领悟"
intestinal,adj. 肠的
secretin,n. 分泌素
hamlin,n. 哈姆林（姓氏）
crustacean,adj. 甲壳类的 n. 甲壳纲动物
lobster,n. 龙虾
bliss,"n. 福佑, 天赐的福 v. 狂喜"
empress,"n. 皇后, 女皇帝, 皇太后, 极有权力的女人"
spatter,v. 溅污 n滴落
refurbish,"v. 再磨光, 刷新"
mottle,"v. 使有斑点 n杂色, 斑点"
fidelity,"n. 忠实, 诚实, 忠诚, 保真度, (收音机, 录音设备等的)逼真度, 保真度, 重现精度"
emblem,"n. 象征, 徽章 vt. 用象征表示"
lyrical,"adj. 抒情诗调的, 充满感情的"
Yuan,n. 元(中国货币单位)
uppermost,a&ad. 至上的，最高的
cheater,"n. 骗子, 欺诈者, 背叛者"
siliceous,adj. 硅酸的
discontent,n. 不满a不满的vt使不满
tressed,adj. 有一绺绺长发的
bongo,"n. 非洲产大羚羊, 一种用手指敲的小鼓"
recital,"n. 朗诵, 背诵, 独奏会"
woodwind,n. 木管乐器
seeker,"n. 搜索者, 探求者"
pylon,"n. 塔门, 路标塔"
decease,n. 死亡 v. 死
cult,"n. 祭仪, 礼拜式"
federalist,"n. 联邦党,联邦制拥护者"
sonar,"n. 声纳, 声波定位仪"
perennial,"adj. 终年的, 长期的"
breakage,"n. 破坏, 破损, 破损量"
apace,"adv. 快速地, 急速地"
herbicide,n. 除草剂
genu,n. 膝
airborne,"adj. 空运的, 空气传播的"
rarity,n. 稀有
fend,"v. 保护, 供养"
genotype,n. 基因型
affordable,adj. 负担得起的
myxoma,n. [医]粘液瘤
intaglio,"n. 凹雕, 阴雕vt凹雕"
congenital,"adj. 先天的,天生的,天赋的"
blockage,"n. 封锁, 妨碍"
aphid,n. [动]蚜虫
Miami,n. 迈阿密(美国佛罗里州达东南部港市)
airway,"n. 空中航线, 通风孔"
outgassing,n. 除气 v除气 a释气的
overrun,"n. 泛滥成灾 v超过, 泛滥"
Netherland,n. 荷兰
Athens,n. 雅典(希腊首都)
tollgate,"n. 征收通行税的关卡, 关门"
bravely,adv. 勇敢地
overkill,n. 过度的杀伤威力 v. 超量杀伤
Athenian,n. /a雅典(人)(的)
milligram,n. 毫克
supplier,"n. 供应者, 补充者"
closeness,"n. 紧闭, 狭窄"
stately,"adj. 庄严的, 堂皇的"
viability,n. 生存能力
uranus,n. 天王星
keelboat,n. 一种河船
manageable,adj. 易处理的，易管理的
reprint,v. 再版
entwine,"v. (使)缠住, (使)盘绕"
condenses,"v. 浓缩,  压缩"
looseness,"n. 松开, 解除"
romanize,"v. 古罗马化, 用罗马字书写"
teacup,n. 茶杯
allay,"v. 减轻, 减少"
earthen,"adj. 土制的, 陶制的"
insistence,"n. 坚持, 坚决主张"
whence,adv. 从何处
nonporous,adj. 无细孔的
landless,adj. 无土地的，无陆地的
unbalance,"v. 使失衡,使精神紊乱n失衡"
fortuitous,"adj. 偶然的, 幸运的"
hieroglyph,"n. 象形文字, 图画文字"
peacefully,"adv. 平静地,  和平地"
upheaval,n. 剧变
inflection,n. 变形
balkan,n&a. 巴尔干半岛(的)
thwart,v. 阻挠
hieratic,"adj. 僧侣的, 僧侣用的"
fibrous,"adj. 含纤维的, 纤维性的"
pedagogic,"adj. 教师的, 教育学的, 教授法的"
floe,"n. 大浮冰, 浮殡冰块"
bony,"adj. 多骨的, 瘦骨嶙峋的"
synonym,n. 同义字
miocene,"adj. 中新世的, 中新统的"
eletricity,"n. 电, 电学"
depiction,"n. 描写, 叙述"
groom,v. 刷洗 n新郎
prickly,adj. 多刺的
recurrent,"adj. 再发生的, 周期性的"
monoid,n. 独异点
affront,v. 侮辱，冒犯
harper,"n. 弹竖琴者, 竖琴师"
Maine,n. 缅因州(美国东北角的州)
catchment,"n. 排水,集水"
tambourine,n. 小手鼓
fluidity,"n. 流动性,变移性"
unhindered,"adj. 无阻的, 不受阻碍的"
almanac,"n. 历书, 年鉴"
coniferous,"adj. 松类的,  结球果的"
loyalist,"n. 忠诚的人, 反对独立者"
incoming,adj. 引入的
scraping,v&n. 刮，擦
reorganize,"v. 改组, 整顿"
Turkic,"n. 土耳其语(的), 土耳其语系者(的)"
immature,"adj. 不成熟的, 未完全发展的"
crowbar,"n. 撬棍, 铁橇"
residue,"n. 残渣, 剩余物"
moisten,v. 弄湿 vi变潮湿
medicinal,adj. 药物的，治疗的
crucible,"n. 坩锅, 严酷的考验"
misty,adj. 有薄雾的
flotation,n. 浮选
healthful,adj. 有益健康的
hydration,n. 水合作用
leafcutter,n. [昆]南美切叶蚁
zagros,n. 扎格罗斯山脉[伊朗西南部]
forebear,"n. 祖先, 祖宗"
topography,n. 地形学
clergyman,"n. 牧师, 教士"
perm,v. /n电烫（头发）
Haiti,n. 海地
moody,"adj. 易怒的, 情绪化的"
kink,"n. 结 v纠结,纽绞"
favorably,"adv. 赞同地, 亲切地"
preferably,"adv. 更好地,宁愿"
driveway,n. 车道
hermit,"n. 隐士, 隐居者"
pathway,"n. 路, 径"
lvory,n. 象牙
deluge,"n. 洪水, 豪雨"
minutely,"adj. 每分钟的,持续的"
landlocked,"adj. 陆地包围的, 内陆水域的"
monolithic,"n. 单片电路, 单块集成电路"
peculiarly,"adv. 古怪地,  特有地"
turnip,n. [植]芜箐(甘蓝)
congestion,"n. 拥塞, 充血"
engender,v. 造成
meticulous,"adj. 一丝不苟的, 缜密的"
expendable,"n. 消耗品, 可牺牲的"
undeniable,"adj. 不可否认的, 无可辩驳的"
landsman,"n. 同胞,同乡"
albedo,n. [天文](星体)反照率
gist,"n. 要点, 要旨"
forefront,"n. 最前部, 最前线"
classicism,"n. 古典主义,古典风格"
foresight,"n. 远见, 深谋远虑"
infertile,"adj. 贫瘠的, 不能生育的"
scanty,"adj. 缺乏的,不足的"
verbally,"adv. 用言辞地, 口头地"
chipmunk,n. [动] 花栗鼠
jay,n. 松鸡
repute,"n. 名誉, 名声 v认为"
grizzly,adj. 灰(白)色的
implicate,"v. 含意, 暗示"
shortwave,n. 短波
processor,n. 加工业者
fleshy,"adj. 肉的, 多肉的"
fallout,"n. 辐射微尘, 原子尘, 附带结果"
alumnus,"n. 男毕业生, 男校友"
tenet,n. 原则
logger,"n. 樵夫, 圆木装车机"
cloudlike,adj. 云雾状的
aide,"n. 助手, 副官"
vegetative,"adj. 植物生长的,植物人状态的"
quickest,adj. 最快的
overgrow,v. 长满
downhill,adv. 下坡
idiomatic,adj. 地道的 成语的
caliber,"n. 口径, 才干"
millet,"n. [植]稷, 粟"
intimacy,"n. 亲密, 隐私"
tantamount,"adj. 同等的,相当于"
preen,v. 整理羽毛，(人)打扮修饰
cavalry,n. 骑兵
fray,n. 吵架 v. 磨破，恼火
reradiate,vt. 再辐射(转播)
tinge,n. (清淡的)色调 vt给…着色
fanners,"n. 电风扇,通风机"
dyestuff,n. 染料
southerner,"n. 南方人, 居住在南方的人"
drab,"adj. 土褐色的, 单调的"
outrigger,n. (承力外伸)支架
ere,pron&conj. 在…之前
usable,"adj. [亦作useable] 可用的, 合用的"
anew,"adv. 重新, 再"
ironically,adv. 具有讽刺意味地
visually,"adv. 在视觉上地, 真实地"
primacy,n. 首位
sago,"n. 西米, 西米椰子"
breadfruit,n. 面包果树
taro,n. 芋头
sugarcane,n. [植]甘蔗
nitrate,"n. [化]硝酸盐, 硝酸钾"
extremity,n. 极度，绝境
converse,v. 交谈 n反面说法 a相反的
grounding,"n. 基础训练, 染色的底色, [电]接地"
spillage,"n. 溢出, 溢出量"
curiously,adv. 好奇地
redesign,v&n. 重新设计
citizenry,n. 公民成市民(集合称)
smelter,"n. 熔炉, 熔炼工"
crook,v. 使弯曲
pennycress,n. [植]菥蓂
petiole,"n. 叶柄, 柄部"
paramount,adj. 极为重要的
Shoshone,n. 美国休休尼族印第安人
gaslit,adj. 以煤气灯照明的
londoner,n. 伦敦人
microbe,"n. 微生物, 细菌"
tepee,n. 美国印第安人的圆锥形帐篷
Pawnee,n. 波尼族人(语)
inter,v. 埋葬
handsomely,"adv. 漂亮地,慷慨地"
outcrop,n. 露出地面的岩层
parish,n. 教区
nucleic,adj. 核的
avid,adj. 渴望的
totality,n. 全部，总数
emigration,"n. 移民出境, 侨居"
patriarch,"n. 家长, 族长, 创办人"
grandeur,"n. 庄严, 伟大"
detritus,n. 碎石
lipid,"n. 脂质, 油脂"
smoky,"adj. 冒烟的, 烟状的"
primeval,"adj. 原始的, 早期的"
viral,adj. 滤过性毒菌的
concentric,"adj. 同中心的, 同轴的"
mite,"n. 微小的东西,"
innate,"adj. 先天的, 天生的"
indigenous,"adj. 本地的, 天生的"
toehold,"n. （攀岩时的）立足点,（发展的）起点"
eon,"n. 永世, 无数的年代"
cuspidor,n. 痰盂
activist,"n. 激进主义分子, 行动主义分子"
weakly,"a&ad. 虚弱地, 软弱地"
doorknob,n. 门把手
incessant,"adj. 不断的,  无尽的"
tieback,"n. 牵索,  拉条"
afloat,"a&ad. 飘浮的, 传播的"
mistrust,"n&v. 不信任, 猜疑"
southerly,adj. 向南方的 ad在南方
covering,n. 遮盖物
shopper,n. 购物者
stagecraft,"n. 编剧才能,演出技术"
lifeblood,"n. 生命必须的血液, 活力的源泉"
bedpan,"n. 便盆, 睡床用脚炉"
duet,n. 二重奏
rentable,adj. 可出租的
voluminous,"adj. 卷数多的,大量的"
stint,"v. 紧缩,节省"
wand,n. 魔杖
cud,n. 反刍的食物
inhibition,"n. 禁止, 阻止"
chomp,"v. 大声地咀嚼, 反复咀嚼"
civic,"adj. 市的, 市民的"
posit,v. 安置
subjugate,v. 使屈服，征服
lamina,"n. 薄板, 薄层"
ration,"n. 定额, 定量"
exponent,"n. 阐述者,倡导者"
concoct,v. 编造
leaning,"n. 倾斜, 倾向"
seclusion,n. 隔离
candid,"adj. 率直的, 坦诚的"
puritan,n. 清教徒 a清教徒的
ruminate,"v. 反刍, 沉思"
milkweed,n. 乳草属植物
divergent,"adj. 分歧的,分开的, 偏离的"
unproven,"adj. 未经证明的, 未经检验的"
permafrost,n. [地]永久冻结带
stocky,"adj. 矮壮的, 健壮结实的"
Venice,n. 威尼斯(意大利港市)
tiffany,n. 纱的一种
uproot,"v. 连根拔起, 根除"
unnatural,"adj. 不自然的, 反常的"
powerfully,"adv. 非常地,强有力地"
enamel,"n. 珐琅, 瓷釉"
gossamer,n. 蛛丝，薄纱  a轻而薄的
monogamous,"n. 一夫一妻的, 单配的"
unwieldy,adj. 笨重的，笨拙的
coloration,"n. 染色, 着色"
butler,"n. 仆役长, 男管家"
Caribbean,n. 加勒比海
anatomy,"n. 剖析, 解剖学"
flop,v. 猛落，惨败
genuinely,"adv. 真正地,  由衷地"
flint,"n. 打火石, 燧石"
suitably,"adv. 合适地, 适宜地"
colorless,"adj. 无色的, 无趣味的"
cider,n. 苹果酒
bard,n. 吟游诗人
presage,n. 预兆 v预示
flatboat,n. (浅水)平底船
peal,n. 钟声  v(使)鸣响
monochrome,n. 单色 单色的
damper,"n. 风阀, 减音器"
polychrome,adj. 彩饰的 n多彩艺术品
coriander,n. [植]胡荽
tedium,"n. 厌烦, 沉闷"
foothill,"n. 山麓小丘, 丘陵地带"
momentous,"adj. 重要的, 重大的"
chateau,n. 城堡
husk,n. 外壳
emigrant,"n. 移居外国者, 移民"
quitter,"n. 轻易停止的人, 懦夫"
unsettle,v. 不安
unending,"adj. 不断的, 不断重复的"
upriver,adj. 上游的 ad在上游
reorient,v. 重定的方向(或方位)
portend,v. 预示
neatness,"n. 整洁, 干净"
nonnative,"n. 非本地的,  非本地人"
chug,n. 轧轧响声 v. 发出轧轧声
loder,n. [计]装填器
homespun,n. 手织物
unwelcome,"adj. 不受欢迎的, 讨厌的"
avoidable,adj. 可避免的
discredit,v. 怀疑  n丧失名誉
exclusion,"n. 排除, 除外"
floodplain,"n. 泛洪平原, 漫滩"
sill,n. 基石(岩床底面)
insightful,"adj. 有深刻见解的, 富有洞察力的"
misdeed,"n. 罪行, 犯罪"
snugly,"adv. 舒适温暖地, 整洁地"
dripstone,n. 滴水石
dapple,"n. 斑纹, 斑点 v. (使）有斑纹"
alluvial,"adj. 冲积的, 淤积的"
welt,"n. 鞭痕, 贴边vt贴边于"
rootless,"adj. 无根的, 无根据的"
fecund,"adj. 生殖力旺盛的, 多产的"
loam,n. 肥土
petticoat,"n. 衬裙, 裙子"
stratify,v. (使)成层
basketwork,n. 编织物
acidity,"n. 酸度, 酸性, [医]酸过多, 胃酸过多"
intently,"adv. 专心地, 集中地"
separable,"adj. 可分离的, 可分的"
thimble,n. 顶针
cyclic,"adj. 循环的,周期性的"
buyer,"n. 买主, 顾客"
lop,"v. 剪去, 砍掉"
harmfully,"adv. 伤害地,有害地"
boxlike,adj. 象箱子一样的
amazingly,"adv. 惊奇地, 惊人地"
pinhole,"n. 针孔, 小孔"
admittedly,"adv. 不可否认的, 公认地"
maternal,"adj. 母亲的, 母系的"
wintertime,"n. 冬, 冬季"
pliable,adj. 柔顺的
cobble,"n. 圆石,鹅卵石 v. 修补"
literate,adj. 有读写能力的
totemism,"n. 对图腾的信仰, 图腾制度"
enigmatic,"adj. 谜的, 莫明其妙的"
allusion,"n. 提及, 暗示"
proclivity,n. 倾向
awkwardly,"adv. 笨拙地, 无技巧地"
recount,v. 叙述
escutcheon,"n. 有花纹的盾, 锁眼盖, 孔罩"
carelessly,adv. 粗心地
supermodel,n. 超级名模
brusquely,"adv. 唐突地, 粗率地"
stubble,"n. 短须, 麦茬"
flout,"vt&n. 轻视, 嘲笑"
chihuahua,n. 吉娃娃(一种产于墨西哥的狗)
reactive,"adj. 反应的, 反作用的"
Philippine,"adj. 菲律宾的, 菲律宾人的"
inflow,"n. 流入, 流入物"
centrally,"adv. 在中心, 在中央"
onslaught,n. 冲击
soloist,"n. 独奏者, 独唱者"
intertidal,n&a. 潮间带(的)
pony,n. 矮种马，小马
morale,"n. 士气, 民心"
buddy,"n. <美口>密友, 伙伴"
pristine,adj. 质朴的
sludge,"n. 软泥, 淤泥"
hallmark,n. 特点
beau,n. 花花公子
vibrato,"n. 颤音, 振动"
blackbird,n. 山鸟类
rhythmic,"adj. 节奏的, 合拍的"
waling,n. 横撑
lacuna,"n. 空白, 空隙"
enigma,"n. 谜, 难以理解的事物"
tendon,n. [解]腱
fiddler,"n. 拉提琴的人,游手好闲的人"
carnival,"n. 狂欢节, 饮宴狂欢"
assemblage,"n. 集合, 集会"
dedication,"n. 贡献, 奉献"
redwing,n. [动](欧洲产的)红翼鸫
vigilance,"n. 警戒, 警惕"
telltale,adj. 泄密的
ordinance,n. 法令，条例
tether,n. 范围
syrup,"n. 糖浆, 果汁"
gild,v. 镀金
ductile,"adj. 易延展的, 易教导的"
sewerage,"n. 排水设备, 污水"
urbanity,"n. 有礼貌, 文雅"
avoidance,n. 避免
amenable,adj. 顺从的
binge,"n. 狂闹, 狂欢"
quicksand,"n. 流沙, 敏捷"
malleable,"adj. 有延展性的, 可锻的"
einkorn,n. 单粒小麦
pistachio,n. [植]阿月浑子树
dredge,"n. 挖泥机 v挖掘,"
propriety,n. 适当
glassware,n. 玻璃器具类
singleton,"n. 一个, 独身"
joinery,n. 木工职业
windswept,"adj. 风刮的, 被风吹扫的"
swiftness,n. 迅速，敏捷
seabird,n. 海鸟(如海鸥)
Reykjavik,n. 雷克雅末(冰岛首都)
polarize,"v. (使)偏振, (使)极化"
degas,v. 除去瓦斯
Utah,"n. 犹他州(略作Ut,UT)"
trickle,v. 滴流
admiral,"n. 海军上将, 舰队司令"
slat,n. 板条v打击
geyser,n. 天然热喷泉
stabilizer,"n. 稳定器, 安定装置"
dimply,"adj. 有酒窝的, 有凹处的"
clamor,n. 喧闹
marshland,n. 沼泽地
viscera,"n. 内脏,内部的东西"
lethal,adj. 致命的 n致死因子
superbly,"adv. 雄伟地, 壮丽地"
shipwright,n. 造船者
ghostly,adj. 可怕的
leaky,adj. 漏的
blacken,"v. 使变黑, 诽谤"
fiercely,"adv. 猛烈地, 厉害地"
untold,"adj. 未说过的,未透露的"
venue,"n. 审判地, 集合地"
evanescent,"adj. 迅速消失的, 短暂的"
usefully,adv. 有用地
supportive,adj. 支持的
anathema,n. 诅咒
patty,"n. 小馅饼,"
modernist,"n. 现代主义者, 现代人"
bergere,n. 围手椅
reportedly,"adv. 据传说, 据传闻"
reachable,"adj. 可达成的, 可获得的"
Americana,"n. 有关美国的文物, 史料"
inflexibly,"adv. 不弯曲地, 不屈地"
stronghold,"n. 要塞, 据点"
drench,v. 湿透
eclectic,adj. 折衷的 n. 折衷主义者
eyeball,"n. 眼球, 眼珠子"
seedy,"adj. 多种子的, 结籽的"
plethora,"n. 过剩,过量"
openly,"adv. 不隐瞒地, 公然地"
dung,n. 粪 vt施粪肥于
fanner,n. 通风机
globally,"adv. 世界上, 全世界"
invigorate,v. 鼓舞
civet,n. [动物]麝猫
setup,"n. 装备, 安装,计划"
rephrase,v. 改述
moat,"n. 护城河, 城壕"
replica,n. 复制品
aridity,"n. 干旱, 乏味"
purge,v. 清洗(除) n清洗
therapist,n. 临床医学家
attacker,n. 攻击者
schist,n. [地]片岩
Thai,"n. 泰国人, 泰国语"
rime,"n. 结晶, v使蒙霜"
loyally,adv. 忠诚
artiste,n. 技艺家
outwit,"v. 瞒骗, 以智取胜"
uncarved,adj. 没雕刻的
macaque,n. 短尾猿
fallacy,"n. 谬误, 谬论"
vitascope,n. 老式放映机
unfocused,"adj. 未聚焦的,无焦点的"
anyplace,adv. 任何地方
stealthy,"adj. 鬼鬼祟祟的, 秘密的"
beng,n. 大麻
douse,v. 熄灭
silvery,"adj. 含银的,银色光泽的"
healer,"n. 医治者, 治病术士"
diviner,"n. 占卜者, 占卦的人"
panhandle,n. 狭长地带 v乞讨
belter,"n. 非常好, 出色的例子"
terylene,n. 涤纶
humorously,"adv. 幽默地, 滑稽地"
crease,n. 折缝，皱褶 v(使)起皱
rayon,"n. 人造丝, 人造纤维"
indigo,"n. 靛, 靛青"
woad,n. [植]菘蓝
needlelike,adj. 针状的
mote,"n. 尘埃, 微粒"
salal,n. [植](产于北美洲太平洋沿岸的)沙龙白珠树
hugely,"adv. 巨大地, 非常地"
acetate,n. [化]醋酸盐
turmeric,"n. [植]姜黄, 姜黄根, 姜黄根粉末"
saffron,n. [植]藏红花
overprint,"n. 套印, 印戳"
ritualize,"v. 使仪式化, 奉行仪式主义"
teller,"n. 讲话的人, 告诉的人"
abruptness,"n. 唐突,粗鲁"
pantomimic,adj. 哑剧的
slider,"n. 滑雪者, 滑冰者"
subglacial,adj. 冰川下的
cleverness,"n. 聪明, 机灵"
lounger,"n. 漫步的人, 懒人"
northward,adv. 向北 adj. 向北的
dugout,"n. 防空洞, 独木舟"
moccasin,"n. 鹿皮鞋, 软拖鞋"
episodic,"adj. 插曲式的,短暂的"
fiord,"n. (尤指挪威的)海湾, 峡湾"
colosseum,"n. 罗马圆形大剧场(建于公元80年,耗时5年,至今大部分尚存)"
achievable,"adj. 做得成的, 可完成的"
fixation,"n. 固定, 注视"
meteoroid,n. 流星体
threadlike,adj. 线状的
pulp,n. 酱
sod,n. 草地
clench,v. 捏紧
disrepute,n. 坏名声
herein,"adv. 在此处, 此中"
sugarlike,adj. 类糖的(糖似的)
dorsal,"adj. 背的, 脊的"
neuroglia,n. [解]神经胶(质)
concurrent,adj. 一致的
microcosm,n. 微观世界
unsureness,"n. 不确定, 缺乏自信"
belie,v. 掩饰
sewer,n. 排水沟，下水道
anytime,"adv. 任何时候, 无论何时"
hohokam,adj. 霍霍坎文化的
flatfish,n. 比目鱼
attic,n. 阁楼
sundial,"n. 日昝仪, 日规"
butte,n. 孤立的丘
uneducated,adj. 没受教育的
securely,adv. 安全地
uncorrupt,adv. 不腐败的
sobriquet,"n. 假名, 绰号"
rename,"v. 重新命名, 改名"
awaken,"v. 唤醒, 醒来"
governance,"n. 统治, 管理"
feverishly,"adv. 兴奋地, 发热地"
antifungal,"adj. 抗真菌的, 杀真菌的"
flashy,adj. 浮华的
dimly,"adv. 微暗, 朦胧"
earthward,"adv. 向地球, 向地面"
deformity,"n. 残缺, 畸形"
disruptive,"adj. 使破裂的, 分裂性的"
girder,n. 梁
bustle,v. 匆匆忙忙
unforeseen,adj. 无法预料的
abbreviate,"v. 缩写, 简化"
adviser,"n. 顾问,"
televisual,adj. 电视的
melodic,"adj. 有旋律的,调子美妙的"
lethargic,adj. 昏睡的
pathology,n. 病理学
helper,"n. 帮忙者, 助手"
curvature,"n. 弯曲, 曲率"
endpoint,n. 端点
datebase,"n. 数据库, 资料库"
shyness,"n. 羞怯, 胆怯"
lethargy,n. 无生气
dissension,"n. 意见不同, 纠纷"
embryonic,adj. 胚胎的，萌芽期的
breakup,"n. 破裂, 崩溃"
bylaw,"n. 附则, 法规"
republish,"v. 再版, 重新发表"
distantly,"adj. 疏远的, 遥远的"
oily,"adj. 油的, 油滑的"
categorize,"v. 加以类别, 分类"
lineage,"n. 血统, 世系"
pique,"n. 生气, 愤怒"
newscast,n. <美>新闻广播
fateful,adj. 重大的
antipathy,"n. 憎恶, 反感"
hurtle,v. 急飞
glisten,v. 闪光
predate,"v. 提早日期, 居先"
Finnish,adj. 芬兰的
cenote,n. 天然井
empathy,"n. 移情作用, 共鸣"
hardwood,"n. 硬木, 阔叶树"
sash,n. 腰带，肩带
foment,v. [医]热敷
heredity,"n. 遗传, 形质遗传"
yean,"v. 生产, 生育"
dining,n. 吃饭
amenity,"n. 宜人, 礼仪"
changeover,"n. 转换, 大变更"
meander,v. 蜿蜒而行
skylight,n. 天窗
palatable,adj. 味美的
contender,n. 竞争者
retentive,adj. 有记忆力的
bulge,n&v. 膨胀，鼓起
helplessly,adv. 无能为力地
merciless,adj. 残忍的
emancipate,"v. 释放, 解放"
leo,n. [天]狮子座，狮子宫
grimly,"adv. 严格地,冷酷地"
apportion,v. 分配
earning,"n. 所得,收入"
bankruptcy,n. 破产
lazily,adv. 懒洋洋地
consortium,"n. 财团, 联合, 合伙"
curio,"n. 古董, 古玩"
chandler,n. 杂货零售商
speck,n. 斑点
encircle,"v. 环绕, 围绕"
surmount,v. 克服
reaumur,n&a. 列氏温度计(的)
mycology,n. [植]真菌学
glean,"v. 拾落穗, 收集"
nevus,n. [医]痣
watcher,"n. 监票员, 看守人"
ostrich,n. 鸵鸟
faintly,"adv. 微弱地, 朦胧地"
dazzlingly,"adv. 灿烂地, 耀眼地"
tint,n. 色彩
varve,n. [地质]纹泥
feathery,"adj. 生有羽毛的,柔软如羽毛的"
churn,"v. 搅拌, 搅动"
awhile,"adv. 片刻, 一会儿"
proudly,adv. 骄傲地
oilskin,"n. 油布, 防水布"
unnoticed,"adj. 不被注意的, 被忽视的"
thunderous,"adj. 打雷的, 雷鸣般的"
faraway,adj. 遥远的
ploy,n. 花招，手段
squeak,n. 吱吱声 v. 吱吱叫
crouch,"v. 蜷缩, 蹲伏"
heroism,"n. 英雄品质, 英雄主义"
matron,n. 主妇
stratagem,"n. 战略, 计谋"
vole,n. 田鼠
mimic,"v. 模仿, 模拟"
rivet,n. 铆钉  v固定
hairy,adj. 毛发的，多毛的
flyway,n. 候鸟迁徙所经的路径
nozzle,"n. 管口, 喷嘴"
bonanza,n. 走运，发财
overburden,"v. 装载过多, 负担过多"
lavish,adj. 无节制的
creek,"n. 小溪, 小河,"
waster,"n. 挥霍者, 废品"
Stamford,n. 斯坦福德[美国康涅狄格州西南部城市]
trapper,"n. 捕兽者, 捕捉器"
sonic,adj. 音速的
enthusiast,"n. 热心家, 狂热者"
smoothly,adv. 平稳地
gingham,n. 条纹棉布
shoeshine,"n. 鞋油, 擦皮鞋"
politely,adv. 有礼貌地
modestly,"adv. 谨慎地, 适当地"
confluence,n. 汇合
crunch,vi&n. 嘎吱嘎吱地响(声)
juggle,v&n. 玩杂耍
mormon,"n. 摩门教徒, 一夫多妻主义者"
atheist,n. 无神论者
trestle,"n. 架柱, 支架"
ravine,"n. 沟壑, 峡谷"
spidery,"adj. 蜘蛛(网)一般的, 细长足的"
wildcatter,n. 投机份子
onlooker,n. 旁观者
folly,"n. 愚蠢, 荒唐事"
trespasser,"n. 侵入者, 侵犯者"
waxes,n. 蜡，蜂蜡 vt给…上蜡
refiner,"n. 精炼者, 精炼机"
richly,"adv. 富裕地, 丰富地"
remodel,"v. 重新塑造, 改造"
kier,n. 漂煮锅
seepage,"n. 渗流, 渗出的量"
ponytail,n. 马尾辫(一种发型)
disuse,"n&v. 废弃, 废止"
adequately,adv. 充分地
facsimile,"n. 摹写, 传真"
methodical,adj. 有条理的，井然的
birthright,"n. 生来就有的权利, 长子继承权"
fruitless,adj. 不结果实的
aloof,adj. 冷漠的
delectable,adj. 使人愉快的
hatchery,n. 孵卵所
doggedly,"adv. 固执地, 顽强地"
depot,"n. 贮藏所, 仓库"
Minnesota,n. 明尼苏达州(美国州名)
phonetic,"adj. 语音的,语音学的"
chic,"adj. 别致的, 时髦的"
slapstick,"n. 闹剧, 趣剧"
hairdo,n. 发型
maraca,n. [音]沙球
beater,n. 搅拌器
craze,n. 狂热
blip,"n. （在雷达屏幕显示出的）物体光点, 尖音信号"
lopsided,"adj. 倾向一方的, 不平衡的"
tapir,n. [动]貘
horsefly,n. 马蝇
vestige,n. 痕迹
reverently,"adv. 恭敬地, 虔诚地"
mystify,v. 迷惑
mesmerize,v. 施催眠术
springtime,"n. 春天, 春季"
sled,n. (小)雪撬
swampy,adj. 沼泽的，似沼泽的
pickaxe,"n. 鹤嘴锄, 手镐"
taint,v. 感染 n污点
miasmic,"adj. 毒气的, 瘴气的"
onstage,"adj. 台上的,舞台表演区的"
holm,n. (河，湖中的)小岛
trainload,"n. 装载量, 列车载重"
ziggurat,n. 古代亚述及巴比伦之金字形神塔(顶上有神殿)
shapeless,"adj. 不成形的, 无定形的"
troupe,n. 剧团
postmodern,adj. 后现代主义的
foghorn,"n. [航海]雾角,尖而响的声音"
majestic,adj. 雄伟的，壮丽的
viennese,n&a. 维也纳人（语）(的)
plum,"n. [植] 李子, 洋李"
stilt,"n. 高跷, 支柱"
stele,"n. 石碑,  匾额"
chronology,"n. 年代学, 年表"
colorfully,"adj. 华美的, 富有色彩的"
eminence,"n. 出众, 显赫"
beacon,n. 信号灯，闪光灯
prearrange,v. 预先安排
cither,n. 齐特拉琴(古希腊一种类似竖琴的古乐器)
wick,"n. 蜡烛心, 灯芯"
corp,n. 公司
sturdiness,"n. 强健, 雄壮, 坚固"
wicker,n. 柳条 a柳条制的
austere,"adj. 简朴的, 严厉的"
mirage,"n. 海市蜃楼,幻想"
repertory,n. 仓库
nearness,"n. 靠近, 接近"
pavlova,n. 奶油水果蛋白饼
schoolroom,n. 教室
ignition,"n. 点火, 点燃"
midwestern,adj. 美国中西部的
interject,"v. 插嘴, 突然插入"
lightness,"n. 轻盈, 灵活"
idyllic,"adj. 田园短诗的, 牧歌的"
resonance,"n. 共鸣,  反响"
allegory,n. 寓言
pretense,"n. 借口,伪装，自吹"
gratuitous,adj. 无缘无故的
liveliness,n. 活泼
stench,"n. 恶臭, 臭气"
slime,"n. 粘土, 粘液"
tern,"n. 三个一组, [鸟]燕鸥"
starlike,"adj. 星形的, 星般闪烁的"
slimy,"adj. 黏滑的, 卑劣的"
storeroom,"n. 储藏室, 库房"
Oakland,n. 奥克兰(美国加利福尼亚州西部城市)
allude,v. 暗指，提及
sunburst,n. 从云隙射下的阳光
lordly,adj. 高贵的
rebellious,adj. 反抗的，难控制的
disciple,"n. 信徒, 弟子"
tadpole,n. [动]蝌蚪
propensity,n. 倾向
wildflower,n. 野花
stifle,"v. 窒息, 抑制"
foray,v&n. 突袭，偷袭
lacquer,"n. 漆, 漆器"
gobi,n. 戈壁
solidly,"adv. 坚硬地, 稳固地"
embroider,v. 刺绣，修饰
drugstore,"n. 药房, 杂货店"
speckle,n. 小斑点  vt点缀
override,v. 不顾，否决
citadel,"n. 根据地, 大本营"
fresher,"n. 大学一年级新生, 新鲜人"
manifesto,"n. 宣言, 声明"
endear,v. 使亲密
trespass,n&v. 侵犯，擅自进入
darn,v. 缝补，补缀
cheerless,adj. 不快活的
Calvinist,n. 加尔文教徒(见Calvin)
frivolity,"n. 轻薄,轻浮"
womanhood,"n. 女人,女人气质"
luce,n. 一种成鱼
writhe,v. 翻滚，扭动
radish,n. [植]萝卜
babble,v. 说蠢话，牙牙学语
belle,n. 美女
fragility,"n. 脆弱, 虚弱"
innocence,n. 清白
fervor,"n. 热情, 热烈"
rosy,"adj. 蔷薇色的, 玫瑰红色的"
seduce,v. 勾引
paycheck,"n. 薪水支票, 工资"
solitude,n. 孤独
chary,adj. 小心的，审慎的
farmhand,n. 农业工人，农场工人
tardiness,n. 缓慢
harvester,n. 收割机
reliant,"adj. 信赖的, 依靠的"
transpose,"v. 调换, 颠倒顺序"
culturally,"adv. 人文地, 文化地"
folkloric,"adj. 民间传说的, 民俗的"
vibrant,adj. 震动的
coherence,n. 一致
reprieve,v. 缓刑，暂时解救
etching,n. 蚀刻版画
gouache,n. 树胶水彩画
frisky,"adj. 活泼的, 欢闹的"
yelp,n. 咆哮
barrelful,"n. 一桶之量, 大量"
unwell,adj. 不舒服的
fearsome,adj. 可怕的
scour,v. 四处搜索
philology,"n. 语言学, 文献学"
sluggishly,"adj. 缓慢的, 懒惰的"
balsam,n. 香液
weightily,"adv. 沉重地, 重要地"
zoology,"n. 动物学, 生态"
horseback,"n. 马背, 隆起的条状地带"
replant,"v. 再植, 改种"
filmy,"adj. 薄膜的, 朦胧的"
pearly,adj. 珍珠似的
nationally,"adv. 全国性地, 在全国范围内"
listless,"adj. 倦怠的, 冷漠的"
aloft,"adv. 在高处, 在上"
hacienda,n. 庄园
vaguest,adj. 含糊的，不明确的
furnishing,n. 供给(装备)
oversight,"n. 疏忽,  看管"
stinger,"n. 刺激者, 讽刺者"
inundate,v. 淹没
luster,"n. 光彩, 光泽"
housewares,n. 家用器皿
drainpipe,n. 排水管
clayware,n. 黏土制品
weedy,adj. 杂草多的
mermaid,n. 美人鱼
hart,n. 雄赤鹿
plaza,n. 广场，集市
slay,v. 杀死，宰杀
falsely,"adj. 虚伪地,  错误地"
emergent,adj. 紧急的
joyous,"adj. 快乐的, 高兴的"
forceful,"adj. 有力的, 强烈的"
epithet,"n. 绰号, 称号"
scruffy,adj. 肮脏的，不洁的
derisive,adj. 嘲笑的
oxidizable,adj. 可氧化的
difluoride,n. 二氟化物
zirconium,n. 锆
relict,n. 残遗物
defensible,adj. 可防御的
idealistic,"adj. 理想主义的, 空想的"
blister,n. 水泡
statuette,n. 小雕像
creed,n. 信条
scraggly,"adj. 零乱的, 锯齿状的"
slapdash,adj. 匆促的
shrubby,adj. 灌木的
impinge,v. 撞击
flavin,"n. [化]黄素, 四羟酮醇"
sunbaked,adj. 晒干的
alumina,n. [化]氧化铝(亦称矾土)
hairlike,"adj. 毛一般的, 细微的"
coating,"n. 被覆, 衣料"
worthiness,"n. 价值,值得"
moralistic,"adj. 狭隘道德观的, 说教的"
syntax,"n. 语法, 句法"
loudness,"n. 大声, 喧闹"
playful,adj. 爱玩耍的
prosaic,"adj. 单调乏味的,平淡的"
shroud,"n. 裹尸布, 寿衣 v. 用裹尸布裹, 遮蔽"
landholder,"n. 地主, 土地拥有者"
workable,"adj. 可经营的, 可使用的"
moralism,"n. 道德主义, 说教"
dune,n. 沙丘
monarchy,"n. 君主政体, 君主国"
flowerpot,"n. 花盆, 花钵"
resale,"n. 再贩卖, 转售"
profusion,n. 丰富
seacoast,n. 海滨
lush,"adj. 茂盛的, 丰富的"
pesky,adj. 讨厌的，烦人的
overtone,n. 寓意
dislodge,v. 驱逐
lint,n. 绷带用麻布
shortness,n. 短缺
newsworthy,adj. 有报导价值的
locomotor,adj. 运动的
wirephoto,n. 有线传真
comminute,"v. 使成粉末,粉碎"
indebted,"adj. 受惠的, 负债的"
cache,v. 贮藏，隐藏  n藏物处
unseen,adj. 未见过的
cognition,n. 认识
forelimb,n. 前肢
limy,"adj. 含石灰的, 石灰似的"
lagoon,n. 泻湖 礁湖
numeral,n. 数字
eloquently,"adv. 雄辩地, 有口才地"
crest,"n. 浪尖, 冠"
centrality,"n. 中心, 中央"
insatiable,"adj. 不知足的, 贪求无厌的"
procure,"v. 获得, 取得"
summertime,n. 夏季
meltdown,n. 彻底垮台
chlorate,n. [化]氯酸盐
stepper,"n. 行走的人或动物, 跳舞者"
smoothness,n. 平坦， 光滑
vertically,adv. 垂直地
dichotomy,"n. 两分, 二分法"
clipper,"n. 大剪刀, 快速帆船修剪者"
acoustical,"adj. 听觉的, 声学的"
chalky,adj. 白垩的
Yorkshire,"n. 约克郡,约克夏(英国英格兰原郡名)"
renowned,"adj. 有名的, 有声誉的"
kinfolk,n. 亲属
nonliving,"adj. 无生命的, 非活体的"
impervious,adj. 不透的
deceptive,adj. 骗人的，造成假象的
wok,n. 锅，炒菜锅
lone,adj. 孤独的，寂寞的
dissenter,n. 持异议者
enure,v. 使习惯于 v. 变得更有利
unanimity,n. 全体一致
hopper,n. 单足跳者
modus,"n. 方法, 形式"
topical,adj. 有关时事的
ratchet,"n. 棘轮, 棘齿"
conduction,n. 传导
unused,adj. 不用的
ala,"n. (昆虫的)翼, 翅"
kinsman,"n. 男性亲戚, 同族者"
Norman,n&a. 法国诺曼第人(的)
chaste,"adj. 贞洁的, 朴素的"
sully,v. 玷污
mouldy,"adj. 发霉的, 腐朽的, 旧式的"
slothful,adj. 偷懒的
forefather,"n. 祖先, 祖宗"
soundly,"adv. 完全地, 健全地"
torpor,"n. 麻木,不活泼"
lull,v. 缓和 n暂时的平息
trumpeter,"n. 喇叭手, 号兵"
wingless,"adj. 无翼的, 没有翅膀的"
modal,"adj. 模态的, 形态上的"
sweaty,"adj. 出汗的, 吃力的"
brawl,"v. 争吵, 怒骂"
useable,"adj. 可用的, 有效的"
clockmaker,n. 制造或修理钟表者
linkage,n. 联接
vigor,"n. 精力, 活力"
oust,"v. 剥夺,取代,罢免"
sage,adj. 智慧的  n智者
rejoin,"v. 再结合, 再加入"
debtor,n. 债务人
penal,adj. 刑事的
wrapper,"n. 包装材料,包装纸"
outright,"adj. 直率的, 彻底的 ad直率地, 彻底地"
orphanage,"n. 孤儿院, 孤儿身份"
florist,n. 种花人
daddy,n. 爸爸
eventual,"adj. 最后的, 结局的"
oft,"adv. 常常, 再三"
horde,n. 游牧部落
primer,"n. 初级读本,原始物"
revert,v. 回复
Dutchman,n. 荷兰人
pelt,"n. 投掷, 毛皮 v剥的皮, 投掷"
Lowa,n. 爱荷华州(美国中西部的一州)
pella,n. 斗篷
goldsmith,n. 金匠
woodblock,n. 木板 〈印〉木版
upwind,adj. 逆风的 ad逆风地
volatility,n. 挥发性
homesick,"adj. 想家的,思乡病的"
pike,"n. 长枪, 梭子鱼 vt用矛刺穿"
seaboard,"n. 海岸, 沿海地方 a海滨的"
corrosive,"adj. 腐蚀的, 蚀坏的 n腐蚀物"
tenuous,"adj. 纤细的,稀薄的"
guarantor,n. [律]保证人
omnipotent,"adj. 全能的, 无所不能的"
overland,"adj. /ad经过陆地的, 陆上的"
Interstate,adj. 州际的
carnation,"n. 荷兰石竹, 康乃馨, 粉红色"
sty,"n. 猪栏 v住在猪圈里, 关入猪栏"
oasis,"n. (沙漠中)绿洲,舒适的地方"
gregarious,"adj. 社交的,群居的"
pervasive,"adj. 普遍的,深入的"
venom,"n. (蛇的)毒液, 恶意 vt放毒, 使恶毒"
placental,adj. 胎盘的 n有胎盘哺乳动物
spiny,"adj. 多剌的, 剌状的"
anteater,n. [动]食蚁动物
vagary,"n. 奇特行为, 奇想"
modulation,n. 调制
acoustic,"adj. 有关声音的, 声学的"
marsupial,n. 有袋动物 a有袋动物的
dwindle,v. 缩小
outpouring,"n. 倾泄, 流出, 流露"
beluga,"n. (欧洲)白色大鳇鱼, 白鲸"
anaerobic,"adj. 厌氧的,厌气的"
enrichment,"n. 发财致富, 丰富, 肥沃"
printmaker,n. 版画复制匠
rationale,n. 基本原理
serigraphy,"n. 绢印, 绢网印艺术"
chimp,n. (非洲)黑猩猩
waterworks,"n. 自来水厂,供水系统"
lieu,n. 场所
parkway,"n. 公园道路, 驾车专用道路"
serene,adj. 平静的 n宁静
boulevard,n. <美>林荫大道
omission,"n. 冗长,疏漏"
restful,adj. 宁静的
preexist,v. 先前存在
incipient,"adj. 初期的,初始的"
sidewalk,n. 人行道
libelous,"adj. 诽谤的,损害名誉的"
broker,"n. 掮客, 经纪人"
aromatic,adj. 芬芳的
pollinate,v. 对授粉
runway,"n. 飞机跑道, 斜坡跑道, 河道"
rampant,"adj. 猖獗的, 蔓生的"
crossbreed,n. [生物]杂种 v异种交配
intrusion,"n. 闯入, 侵扰"
inactivate,"v. 使不活泼, 阻止活动"
boon,"n. 恩惠, 福利"
racetrack,"n. (主要用于赛马, 赛狗的)跑道"
boomer,n. 生育高峰中出生的人
cynthia,"n. 月亮女神, 月亮"
struggler,"n. 奋斗者,斗争者"
impregnate,"v. 使怀孕, 使受精 a怀孕的, 充满的"
bequest,"n. 遗产, 遗赠"
childless,adj. 无儿女的
cuticle,"n. 表皮,角质层"
spiky,"adj. 大钉似的, 尖刻的"
waxy,"adj. 象蜡的,苍白的, 柔软的,"
epidermis,"n. [生]表皮, 上皮"
immobilize,v. 固定不动
deterrent,n. 威慑 a遏制的
infest,"v. 骚扰,大批滋生"
rancho,n. 大牧场(或大农场)工人住的棚屋
unwary,"adj. 粗心的, 不警惕的"
sapiens,adj. （拉）现代人的
mastodon,"n. [古生]乳齿象, 庞然大物"
preeminent,adj. 卓越的
educable,"adj. 可教育的, 可培养的"
scam,n. 诡计 v诓骗
astute,"adj. 机敏的, 狡猾的"
emboss,"v. 饰以浮饰, 使浮雕出来"
embellish,v. 修饰
learner,"n. 学习者, 初学者"
unread,"adj. 没有人看的, 无学问的"
postdate,v. 填迟的日期 n事后日期
mania,"n. [医]颠狂, 狂躁, 癖好, 狂热"
stash,v. 存放 n隐藏处
speedy,"adj. 快的, 迅速的"
prepay,v. 预付
loathsome,adj. 讨厌的
sender,"n. 寄件人,发送人"
affix,"v. 使附于, 粘贴 n[语]词缀"
obsess,"v. 迷住, 使困扰"
demolish,"v. 毁坏, 推翻, 粉碎"
glaciate,"v. 使结冰, 以冰(或冰河)覆盖"
ambience,"n. 周围环境, 气氛"
frenzy,"n. 狂暴, 狂怒 vt使发狂"
melodrama,n. 情节剧
Cincinnati,n. 辛辛那提（美国俄亥俄州西南部城市）
trove,"n. 被发现的东西, 收藏的东西"
acronym,n. 只取首字母的缩写词
labyrinth,"n. 迷路, 迷宫, 难解的事物"
rubble,n. 碎石
rainer,"n. 人工降雨装置,喷灌装置"
yesteryear,n. 去年 ad过去不久的岁月
lore,"n. 学问,（动物的）眼光知识"
mortar,"n. 灰泥,迫击炮 vt用灰泥结合"
tableland,n. 高原
fullness,"n. 满, 丰富, 成熟"
recoil,"n. 畏缩, 弹回 vi退却, 畏缩"
forte,n. 长处
percussive,"adj. 冲击的,叩诊的"
multistory,"adj. 多层的,有多层楼的"
hammerhead,"n. 锤头 a锤头状的, 鲁钝的"
induct,"v. 感应,引导"
coincident,"adj. 一致的,符合的"
assort,v. 分类配全
oat,"n. [植]燕麦, 麦片粥"
symphonic,"adj. 交响乐的, 和声的"
cellist,n. 大提琴演奏家
upsurge,n. 高潮 vi涌起
phenomenal,"adj. 现象的,显著的"
midocean,n. 海洋中央
omnibus,"n. 公共汽车, 精选集 a综合性的"
unoccupied,"adj. 空闲的,未占领的"
catalyze,"v. 催化, 刺激, 促进"
scavenge,"v. 打扫, 以(腐肉)为食"
treetop,n. 树稍
ancestry,"n. 祖先(集合称), 血统"
virginal,"adj. 处女的, 无瑕的"
dulcimer,n. [乐] 洋琴
twine,"n. 合股线 v织, (使)缠绕"
jumble,"v. 混杂, 搞乱 n混乱"
bituminous,"adj. 沥青的,含沥青的"
uncooked,adj. 未煮过的
forecaster,n. 预报员
stormy,"adj. 暴风雨的, 激烈的, 暴怒的"
untouched,"adj. 未触及的, 未改变的"
mennonite,n. 门诺派教徒
humility,n. 谦卑
torrential,"adj. 猛烈的,汹涌的"
merchandis,"n. 商品,货物 v买卖"
precursor,n. 先驱
economize,"v. 节省, 有效地利用"
haven,"n. 港口, 避难所"
custodian,n. 管理人
stagnate,"v. (使)淤塞, (使)停滞, (使)沉滞, (使)变萧条"
civility,"n. 礼貌, 端庄"
mimetic,"adj. 模仿的,拟态的"
fictive,"adj. 虚构的, 想象上的"
shudder,"n. 震动 vi战栗, 发抖"
insanity,"n. 精神错乱, 疯狂, 愚顽"
pinon,"n. 矮松, 矮松果"
juniper,n. [植]刺柏属丛木或树木
eke,"v. 补充, 增加"
briny,"adj. 盐水的, 咸的, 海水的"
eviscerate,"v. 取出内脏, 除去精华"
sparingly,"adv. 节俭地, 保守地"
squirt,v. 喷出
buggy,adj. 多虫的 n童车
quiescent,adj. 静止的
inanity,"n. 空虚, 愚蠢"
romancer,"n. 传奇小说作家, 讲虚构故事的人"
strikingly,"adv. 醒目地, 引人侧目地"
akin,adj. 同类的
voracious,"adj. 狼吞虎咽的, 贪婪的"
gourmet,n. 美食家
supremely,"adv. 无上地, 崇高地"
pleasantly,adv. 令人愉快地
humanist,"n. 人道主义者, 人文主义者"
satirist,n. 讽刺作家
distend,"v. (使)扩大, (使)扩张"
balmy,"adj. 芳香的, 温和的"
compo,"n. 组合物,混合涂料"
pressurize,"v. 增压, 密封"
freshness,"n. 新鲜, 精神饱满"
wearer,"n. 穿用者, 佩带者"
dependably,adv. 可信任地
reexamine,v. 复试
frenetic,"adj. 发狂的, 狂热的"
prod,v. 刺
briskness,"n. 敏捷, 活泼"
ethically,adv. 伦理(学)上
moralize,"v. 教化 ,说教"
platitude,n. 陈词滥调
irreverent,"adj. 不敬的,  无礼的"
comer,"n. 来者, 新来者"
elusive,"adj. 难懂的, 难捉摸的"
scowl,"n. 愁容, 皱眉 v皱眉"
gyration,"n. 旋回, 回转"
miraculous,"adj. 奇迹的,不可思议的"
grainy,"adj. 粒状的, 木纹状的"
vagueness,"n. 暧昧, 含糊"
urbanize,"v. 使都市化, 使文雅"
quaint,"adj. 离奇有趣的, 奇怪的"
diagonally,"adv. 斜对地,  对角地"
rustproof,"adj. 不锈的, 抗锈的"
galvanize,"v. 通电流于, 电镀"
underworld,n. 黑社会
crimp,"v. 起皱, 卷曲, 抑制"
serrate,adj. 锯齿状的
convivial,"adj. 好交际的, 愉快而随和的"
foreshadow,v. 预示
plaint,"n. [诗]悲叹, 抱怨"
waterborne,"adv. 水上的,  水运的"
amazement,"n. 惊愕, 惊异"
urgency,"n. 紧急, 紧急的事"
deter,v. 阻止
bluntly,"adv. 坦率地, 率直地"
subclass,"n. [生]亚纲, 子集"
simplistic,adj. 过分简单化的
rationally,adv. 理性地
prominence,"n. 突出, 显著"
importer,"n. 输入者, 进口商"
foundry,"n. 铸造, 铸造场"
singly,"adv. 单独地, 个别地"
gloss,n. 光泽，注解
refinement,"n. 精致, 文雅"
earthworm,n. 蚯蚓
intimately,"adv. 密切地,  亲密地"
nostril,n. 鼻孔
bis,"adv. 二度, 二回"
uniqueness,"n. 唯一性, 独特性"
shaper,"n. 造形者, 塑造者"
genial,adj. 亲切的
occupancy,n. 占有
mildly,"adv. 温和地, 适度地"
masthead,"n. 桅顶, 报头"
gazette,"n. 报纸, 政府的公报"
spheroidal,adj. 球状的
flattish,"adj. 有点平凡的, 稍平的"
expo,"n. 博览会, 展览会"
signer,"n. 签名人, (用手势) 示意者"
silurian,adj. 〈地〉志留纪的
lastly,"adv. 最后, 终于"
frill,n. 皱边
megafossil,n. 大化石
cryptic,"adj. 秘密的, 含义模糊的"
genesis,n. 起源
jobber,"n. 临时工, 批发商"
wholesaler,n. 批发商
sweatshop,"n. 血汗工厂(指工人劳动条件差,工作时间长,工资低的工场或工厂)"
heyday,n. 全盛时期
sideline,"n. 副业, 边界线"
modicum,"n. 少量, 一点点"
decorator,n. 油漆工
ruthlessly,"adv. 冷酷地, 残忍地"
unknowing,"adj. 没查觉的, 无知的"
scruple,"n&v. 踌躇, 犹豫"
equitable,"adj. 公平的, 公正的"
laurasia,n. [地质] 劳亚古大陆
innkeeper,n. 旅馆主人
peddler,"n. 小贩, 传播者"
contractor,"n. 订约人, 承包人"
cubism,n. 立体派
prodigy,"n. 惊人的事物, 天才"
renter,n. 租贷人
claimant,"n. 要求者,申请者, 原告"
sadden,v. 悲哀
skeletally,"adj. 骨骼的, 梗概的"
muscularly,adj. 肌肉的
tinplate,"n. 镀锡铁皮, 马口铁"
starch,n. 淀粉
packer,"n. 包装工人, 打包机"
negate,"v. 否定, 打消"
creeper,n. 爬行者
bluebird,n. 北美产的蓝知更鸟
lark,"n. 云雀, 百灵鸟"
communally,"adv. 共同地, 社区地"
sociably,adv. 和蔼可亲地
rarefy,v. 稀薄
crossbones,n. 交叉腿骨的图形
figurehead,"n. 装饰船头的雕像, 破浪神"
snipe,n. [鸟]鹬
icon,"n. 图标, 肖像"
antelope,n. 羚羊
aie,n. 急性包涵(体)脑炎
imbibe,v. 吸收
agility,"n. 敏捷, 活泼"
overheat,v. 使过热， 变得过热
rehydrate,"v. [化] 再水化, 再水合"
efficacy,"n. 功效, 效验"
dilution,n. 稀释
festive,"adj. 庆祝的, 喜庆的"
zealous,adj. 热心的
equestrian,adj. 骑马的 n骑手
timidity,n. 胆怯
stonemason,n. 石匠
biter,"n. 咬人的动物, 骗子"
grit,n. 粗砂 v研磨
aero,"adj. 航空的,  飞行的"
cheapen,"v. 减价, 跌价"
thorny,"adj. 多刺的, 痛苦的"
inchworm,n. [昆] 尺蠖
smite,v. 重击
eyelid,"n. 眼皮, 眼睑"
hatchet,n. 短柄斧
petrify,"v. 石化,吓呆"
occupant,"n. 占有者, 居住者"
inflexible,"adj. 不可弯曲的, 僵硬的"
lotus,n. [植] 莲(花) adj. 贪图安乐的
ail,v. 生病，使苦恼
unbind,"v. 解开, 解放"
Grecian,"adj. 希腊的, 希腊式的 n希腊学家"
defender,"n. 防卫者, 拥护者"
volcanism,n. 火山作用
subduction,n. [地]潜没(指地壳的板块沉到另一板块之下)
blackout,n. 灯火管制，断电
jolt,n. (使)颠簸
bandleader,n. 伴舞乐队的指挥
ballroom,"n. 舞厅, 跳舞场"
obligate,v. 使负义务 a有责任的
Thames,"n. 泰晤士河(流经牛津,伦敦等)"
maverick,adj. 标新立异的
blower,"n. 吹制工, 送风机"
goldfish,n. 金鱼
decor,n. 舞台装饰
fresco,n. 壁画 vt作壁画于
rook,n. 白嘴鸦
honeycomb,"n. 蜂房, 蜂巢"
cate,"n. 佳肴, 美食"
pentagon,"n. 五角形, 五边形"
corset,"n. 束腹, 妇女的胸衣 v. 严格控制"
sheepskin,"n. 羊皮(革,纸), 毕业证书"
breech,"n. 臀部,后膛 vt. 给…穿上裤子"
mitigate,"v. 减轻,缓和"
feud,"n. 不和,争执 v. 长期争斗"
ted,vt. 翻晒 n. 泰德
knuckle,"n. 指节, 关节 v. 开始工作"
bulldoze,"v. 威吓, 欺负"
mason,n. 泥瓦匠 vt. 用砖瓦砌成
woodlot,n. 植林地(尤指附属林场地)
profoundly,"adv. 深深地, 衷心地"
hone,n. 磨（刀）石vt用磨刀石磨
tele,n. 电视
uncounted,"adj. 无数的,没有数过的"
profiteer,n. 奸商 v. 牟取暴利
arsenal,"n. 兵工厂, 军械库"
ordnance,n. 军火
tycoon,"n. 企业界大亨, 将军"
stickpin,n. 领带夹(指插于领带上的装饰别针)
flamboyant,"adj. 辉耀的,艳丽的"
rumble,"v. 隆隆声,低沉地说 n. 隆隆声, 吵嚷声"
gunfire,n. 炮火
ameliorate,"v. 改善, 改进"
heartbreak,n. 心碎
northerner,"n. 北国人, 北方人"
tingle,"v. 造成麻刺的感觉,使感刺痛"
achingly,"adv. 极其,非常痛地"
roadway,"n. 车行道, 路面"
promoter,"n. 促进者, 助长者"
hydra,"n. [希神]九头怪蛇, 难以根除之祸害, [动]水螅"
plantlike,adj. 似植物的
traction,"n. 牵引,牵引力"
dictaphone,n. 录音电话机（商标名称） [商标名] 录音机
succinctly,"adv. 简洁地, 简便地"
codify,"v. 把…编成法典, 编纂"
airy,"adj. 通风的, 轻快的"
entrench,"v. 以壕沟防护,保护"
thousandth,"adj. 第一千的, 千分之一的"
demolition,"n. 毁坏, 毁坏之遗迹"
sawyer,"n. 锯木匠, 漂流水中的树木"
wavy,"adj. 波状的,不稳的"
cooper,n. 制桶工人 v. 制桶
forestall,"v. 之前, 先(用先发制人的方法)预防, 阻止"
melange,"n. 混合物, 杂录"
waterside,"n. n& adj. 水边(的),湖畔(的)"
improbable,"adj. 不大可能的, 不像会发生的, 似不可信的"
kiosk,n. 亭子
cordwainer,n. 鞋匠
sear,"adj. 烤焦的, 枯萎的 v. 烤焦,变干枯"
negligibly,"adv. 可忽略不计地, 微不足道地, 极小地"
abut,"v. 邻接, 毗邻"
annex,"n. 附件 v. 并吞, 附加"
spank,v. 鞭策前进 v. 轻快的移动 n. 拍击
peart,"adj. 有精神的, 快活的"
Indonesia,n. 印尼(东南亚岛国)
Thailand,n. 泰国
newberry,n. 纽伯里
captivate,"v. 迷住, 迷惑"
purplish,adj. 略带紫色的
venerable,"adj. 值得尊敬的, 庄严的"
sargeant,n. 萨金特
gentility,"n. 文雅, 出身高贵, 有教养"
plasticity,"n. 可塑性, 塑性"
rarer,"adj. 稀罕的,  珍贵的"
jibe,"v. 嘲笑, 与一致, 使转向"
knead,"v. 揉(面等)成团, 按摩"
nonchalant,"adj. 若无其事的, 不关心的, 冷淡的"
humanlike,adj. 似人类的
boron,n. [化]硼
mandatory,"adj. 命令的, 托管的"
scholarly,"adj. 学者气质的, 学者风度的"
offering,"n. 提供, 奉献物"
chlorine,n. [化]氯
bromine,n. [化]溴
gush,"v. 涌出,滔滔不绝 n. 迸发"
kea,n. 食肉鹦鹉
hillbilly,"n. 山地内部的贫农,乡下人"
pont,n. (南非的)缆拉渡船
resettle,"v. (使)重新定居,再坐下来"
pivotal,"adj. 重要的, 轴的"
untimely,"a&ad. 不适时的, 不合时宜的"
pointe,n. （芭蕾舞中的）足尖舞
demerit,"n. 缺点,过失"
tyrannical,"adj. 暴虐的, 压制的, 残暴的"
glossy,"adj. 平滑的, 有光泽的"
relevance,"n. 中肯, 适当"
wanderer,"n. 流浪者, 徘徊者, 迷路的动物"
rebirth,"n. 复活, 新生"
folklore,"n. 民间传说, 民俗学"
fumigate,"v. 熏制, 以烟熏消毒"
unverified,"adj. 未经证实的,  未经核对的"
dismal,"adj. 阴沉的, 凄凉的n沼泽"
roe,"n. 鱼卵,獐鹿"
directive,n. 指示 adj. 指导的
slowness,"n. 缓慢, 迟钝"
herculean,"adj. 极困难的,需要大力气的"
colossal,"adj. 巨大的,  <口>异常的"
wold,"n. 无树木的山地, 荒野"
abalone,n. [动]鲍鱼(软体动物)
mime,n. 哑剧 v. 做哑剧表演
dram,"n. 液量特兰(药衡系统中的容量单位),  少量"
retool,"v. 将机械重新整备, 重组"
urchin,"n. 顽童, [动物]刺猥, [动物]海胆"
relational,"adj. 有关系的, 亲属的"
demobilize,"v. 使复员, 使退伍, 遣散"
palimpsest,n. 重写本
hermetic,"adj. 密封的, 与外界隔绝的"
lust,"n. 繁殖力, 强烈的性欲 v. 强烈欲望"
maw,"n. 动物的胃,口部"
bryn,n. 布琳
trilogy,"n. 三部剧, 三部曲"
diction,"n. 措辞, 用语, 言语"
stylish,"adj. 时髦的, 漂亮的, 流行的"
uncharted,"adj. 地图上没标明的,未知的"
hanker,"v. 渴望, 追求"
garb,n. 服装 v. 装扮
collarless,"adj. 无领的,无马轭(或颈圈)的"
cowhand,n. <美>(牧场的)牧牛工
taxonomy,"n. 分类法, 分类学"
narrower,"adj. 有限的, 精密的 n. 海峡"
evenness,"n. 平均, 平等, 平坦"
depositor,"n. 寄托者, 存款人"
lyrically,"adv. 抒情地,  狂热地"
splinter,"n. 尖片, 碎片 v. 分裂"
tonnage,"n. 登记吨位, 排水量"
seagoing,"adj. 适于远航的,出海的"
mainsheet,n. 主桅帆操纵索
oblivious,"adj. 没注意到, 健忘的"
coaming,"n. 舱口栏板, 边材"
choppy,"adj. （海等）波浪起伏的, (指风)不断改变方向的"
locomote,"v. 移动, 行动"
onetime,"adj. 从前的,  一度的 adv. 从前"
comical,"adj. 好笑的, 滑稽的"
mollusk,n. [动]软体动物
rediscover,v. 重新发现
sequester,"v. 使隐退, 扣押, 没收"
metazoan,n&a. [动]后生动物(的)
abreast,"adv. 并肩地, 并排地"
serum,"n. 浆液, 血清"
adrenaline,n. 肾上腺素(使激动兴奋等)
milieu,"n. 周围, 环境"
gibe,"v. 嘲笑,讥笑 n. 嘲笑"
proprietor,"n. 所有者, 经营者"
lintel,"n. [建]楣, 过梁"
untapped,"adj. 塞子未开的, 未使用的"
corral,n. 畜栏 v. 关进畜栏
playwright,n. 剧作家
Cuban,n. 古巴人 adj. 古巴(人)的
char,v. 烧焦 n. 碳
slavish,"adj. 奴隶的, 盲从的, 专横的"
emotive,"adj. 感情的, 引起强烈感情的"
physic,n. 医术 vt. 治愈
synapsis,"n. [生]染色体结合, 突触"
unspoiled,"adj. 未损坏的, 未宠坏的"
arthritis,n. 关节炎
whim,"n. 一时的兴致, 奇想"
nostalgia,"n. 乡愁, 怀旧之情"
stewpot,n. 双把炖锅
Toronto,n. 多伦多（加拿大）
narrowly,"adv. 勉强地, 精细地"
spar,"n. 争论,园材(如桅,桁等)"
dough,n. 生面团
flair,"n. 才能, 本领"
esoteric,"adj. 秘传的,  神秘的,  难懂的"
potion,"n. 一服, 一剂"
elixir,"n. 炼金药, 不老长寿药"
imprecise,adj. 不精确的
quaker,"n. 教友派信徒, 贵格会会员"
uncrumple,"vt. 去掉…的皱纹,使回复到平整状态"
untwist,"v. 拆开(搓合的绳,线等), 解开"
selfless,adj. 无私的
fanatical,"adj. 狂热的, 入迷的"
coax,"v. 巧妙地（耐心地）处理,哄"
flue,"n. 烟道, 暖气管"
pivot,n. 枢轴 v. 在枢轴上转动
recline,v.  向后倚靠， 斜倚
crusade,v.  加入十字军， 投身正义运动 n. 十字军
twinkling,adj.  闪光的 n. 瞬间，一眨眼
corporeal,adj.  肉体的， 身体的
irritable,adj.  急躁的， 易怒的
legible,adj.  清楚的
ageism,n.  年龄歧视
luminosity,n.  亮度， 发光度
dogged,adj.  顽强的， 坚持不懈的
nonverbal,adj.  非语言的
deploy,vt.  部署， 调度
syntactic,adj.  句法的
rendition,n.  表演， 演唱
elasticity,n.  弹力
proactive,adj.  积极主动的
verifiable,adj.  可证实的， 可核实的
conducive,adj.  有助于…的， 有益于…的
curative,adj. 有助于治疗的，有疗效的 n.  药物
cartilage,n.  软骨
snide,adj.  伪造的
penmanship,n.  书法
tinker,vi. 做焊锅匠 n.  补锅匠
odorous,adj.  有气味的， 难闻的
mottled,adj.  有杂色的， 斑驳的
podium,n.  讲坛， 讲台
binary,adj.  二进制的
homage,n.  尊敬， 敬意
hypertext,n.  超文本
bedrock,n.  基础， 根基
newsprint,n.  新闻纸
harmonic,n. 泛音
officious,adj.  爱发号施令的， 爱指手画脚的
infiltrate,v.  渗入， 渗透
pliant,adj.  柔软的
sneaky,adj.  偷偷摸摸的， 鬼鬼祟祟的
pernicious,adj.  有害的， 恶性的
captivity,n.  囚禁， 拘留
antonym,n.  反义词
homing,adj.  有返回原地本能的
aftermath,n.  后果， 余波
effluent,n.  流出物， 废水， 污水
untamed,adj.  未驯服的， 难驾驭的
sweeping,adj. 彻底的，广泛的 n.  清扫， 扫除
ardent,adj.  热心的， 热情洋溢的
suborn,vt.  收买， 买通， 唆使
ordinal,adj. 序数的 n.  序数词
detergent,adj.  净化的， 清洁的 n. 清洁剂
mellow,adj. 醇香的 v.  醇香
salamander,n.  火蜥蜴
hitch,v. 搭便车 n.  故障， 障碍
anomie,n.  社会道德沦丧， 失范
ordeal,n.  折磨
wretch,n.  不幸的人
bagel,n.  硬面包圈
frivolous,adj.  琐碎的， 无关紧要的
funding,n.  基金， 资金
adversary,n.  对手， 敌手
shrivel,v.  枯萎
encrust,v.  在表面形成硬壳， 结壳
audible,adj.  听得见的
exhort,vt.  劝告， 规劝， 告诫
checked,adj.  格子花纹的
ambush,n&vt.  埋伏， 伏击
quadruple,v. 成四倍 adj. 四部分组成的 n.  四倍
nimble,adj.  敏捷的， 灵活的
condiment,n.  调味品
certitude,n.  确定， 确信
cookout,n.  野外烧烤宴会
reschedule,vt.  重新计划， 重订…的时间表
somber,adj.  昏暗的
chromosome,n.  染色体
confession,n.  供认， 招供， 坦白
meridian,n.  子午线， 经线
fiery,adj.  似火的
dote,vi.  溺爱
clog,v. 堵塞，阻塞 n.  障碍
dilate,v.  膨胀， 扩大
bequeath,vt.  遗赠
brag,v.  吹嘘， 自夸， 自吹自擂
annoyed,adj.  生气的
syllabus,n.  教学大纲， 课程提纲
impel,vt.  驱使， 促使
adamant,adj.  坚定不移的， 坚决的
molten,adj.  熔化的， 熔融的
varied,adj.  各式各样的
solvent,adj.  有溶解力的 n. 溶剂
nude,adj.  裸体的
palate,n.  上腭
influenza,n.  流行性感冒
apprehend,vt.  逮捕
crippling,adj.  令人震惊的
recoup,vt.  收回， 弥补
append,vt.  附加， 增补
newsletter,n.  时事通讯
copilot,n.  副驾驶员
bellows,n.  风箱
charisma,n.  超凡魅力
virtuous,adj.  有道德的， 品行端正的， 品德高的
renown,n.  名望， 声誉
semantic,adj.  语义的
liquefy,v.  溶解， 液化
exodus,n.  大批离去， 成群外出
digression,n.  离题， 扯到枝节上
grudge,v.  勉强做 n. 怨恨，积怨
melanin,n.  黑色素
ethical,adj.  道德的
lunge,vi&n.  猛冲， 猛扑
fraudulent,adj.  欺诈的， 欺骗性的
disconcert,vt.  使惊慌， 使不安
overact,v.  把表演得过火
balk,v.  畏缩 n. 障碍
oversleep,v.  睡过头
oratorio,n.  清唱剧， 宗教剧
opposed,adj.  反对的
opal,n.  蛋白石
dearth,n.  缺乏， 短缺
scornful,adj.  轻蔑的， 鄙视的
beneficent,adj.  有益的
gilding,n.  镀金
balm,n.  香脂油， 药膏
tangent,adj.  切线的， 相切的 n. 切线
acquit,vt.  宣告无罪
blizzard,n.  暴风雪， 大风雪
craftsman,n.  能工巧匠， 手艺人， 工艺师
aberrant,adj.  越轨的
lope,vi. 轻松地大步跑 n.  轻快的步伐
ellipse,n.  椭圆， 椭圆形
abort,v.  夭折， 中止
drowsy,adj.  昏昏欲睡的
muggy,adj.  闷热的
revoke,vt.  撤销， 撤回
allot,vt.  分配， 配给， 拨给
evacuation,n.  撤离
indict,vt.  控诉， 起诉， 控告
courier,n.  送急件的人， 信使
stampede,v. 狂奔，涌向 n.  逃窜， 狂奔
gorge,v. 狼吞虎咽 n.  山峡， 峡谷
mannerism,n.  怪癖， 癖性
excise,vt.  切除
hockey,n.  曲棍球
perquisite,n.  津贴， 利益
monastery,n.  男修道院， 寺院
devout,adj.  虔敬的
maze,n. 迷宫 vt.  使混乱
negligent,adj.  忽略的
backhand,n.  反手击球
sporadic,adj.  偶发的， 间或出现的， 零星的
turnout,n.  出席人数
libel,vt. 诽谤 n.  诽谤
abortive,adj.  落空的， 失败的
refraction,n.  折射
aerobics,n.  有氧运动
inviting,adj.  动人的， 诱人的
ailment,n.  小病
staunch,adj.  坚定的， 忠诚的
insolvent,adj.  财力不足的， 破产的
empiricism,n.  经验论， 经验主义
annotation,n.  注释， 注解
toed,adj.  有趾的
maglev,n.  磁力悬浮火车
polygamous,adj.  一夫多妻的， 一妻多夫的
suspense,n.  担心， 焦虑
gemstone,n.  经雕琢的宝石
shred,n. 碎片，细条 vt.  切碎， 撕碎
staggered,adj.  交错的， 错开的
transact,v.  交易
lasting,adj.  持久的， 永久的
tortuous,adj.  折磨人的， 令人痛苦的
havoc,n.  混乱， 大破坏
vagrant,adj.  漂泊的 n. 无业游民，流浪者
packed,adj.  拥挤的
delirium,n.  精神错乱， 神志失常
cipher,n.  密码， 暗号
slacken,v.  松弛， 放松
abiding,adj.  持久的， 永久的
diminution,n.  减少， 缩减
digitize,vt.  数字化
wanna,v.  想要
epitomize,vt.  成为…的缩影
wintry,adj.  冬天的
cohere,vi.  连贯， 一致
dispel,vt.  驱散， 驱逐
cascara,n.  缓泻剂
optimize,vt.  使最优化
rejuvenate,vt.  使年轻
obituary,n.  讣闻， 讣告
dignify,vt.  使有尊严， 使高贵
bluster,v.  虚张声势地恫吓
impending,adj.  即将发生的， 迫近的
centric,adj.  以…为中心的
slog,v.  艰难行进
plaudit,n. 喝彩
reversible,adj.  可逆的， 可翻转的
flick,v. 轻拍 n.  轻拍
prelude,n.  前奏曲， 序幕
grump,vi. 发脾气，发牢骚 n.  脾气不好的人
sprain,n&vt.  扭伤
adroit,adj.  精明的， 干练的
grovel,vi.  摇尾乞怜， 奴颜婢膝
dissuade,vt.  劝阻， 阻止
allergy,n.  过敏性反应
confidant,n.  知己， 密友
leach,v. 过滤 n.  过滤器
knack,n.  诀窍
indolent,adj.  懒惰的， 懒散的
tout,v.  吹捧
reiterate,vt.  反复说， 重申
affable,adj.  和蔼可亲的， 易于交谈的， 友善的
arable,adj. 可耕作的，适于耕作的 n.  可耕地
stellar,adj.  星的， 恒星的， 星球的
ambivalent,adj.  对立的， 感情矛盾的
pensive,adj.  沉思的
reliever,n.  救济者
acumen,n.  敏锐， 聪明
abate,v.  减少， 减轻
eschew,vt.  避开， 戒除， 回避
stardom,n.  明星的身份
noteworthy,adj.  显著的， 值得注目的
shirk,v.  逃避， 规避
staggering,adj.  巨大的
condole,vi.  向…吊唁
finalize,vt.  使完成
marked,adj.  显著的
recurring,adj.  往复的， 反复的， 再次发生的
pleasing,adj.  令人高兴的， 愉快的
gait,n.  步法， 步态
stigma,n.  污点， 耻辱
inert,adj.  无活动的， 惰性的
respire,v.  呼吸
rebate,n.  回扣， 折扣
idealize,vt.  将…理想化
gouge,vt. 挖出 n.  凿子
succumb,vi.  屈服， 屈从
ablaze,adj.  着火的， 燃烧的
grouse,v. 发牢骚，抱怨 n.  松鸡
saucy,adj.  无礼的
uncanny,adj.  神秘的
infuriate,vt.  激怒
graphics,n.  图形， 图像
larynx,n.  喉
waggle,v&n.  摆动
salon,n.  营业性的厅
depose,vt.  革除， 罢免， 废黜
abhor,vt.  憎恨， 厌恶
transcribe,vt.  记录， 抄录
matrimony,n.  婚姻， 婚配
suffragist,n.  妇女政权论者
melodious,adj.  旋律优美的， 悦耳的
ethnology,n.  民族学， 文化人类学
terminus,n.  终点站
placid,adj.  平静的， 安静的
laudable,adj.  值得赞美的， 值得称赞的
modernity,n.  现代性
schematic,adj.  图解的
rekindle,vt.  重新点燃
swindle,vt&n.  诈骗， 骗取
aroma,n.  芳香， 香味
subversive,adj. 颠覆性的，破坏性的 n.  颠覆分子
expedient,adj.  得当的， 可取的 n. 权宜之计，应急办法，临时手段
ensconce,vt.  使安顿， 安置， 使安坐
antecede,vt.  居先
intern,n.  实习生 vt.  拘禁， 软禁
sensual,adj.  感觉的， 感官的
righteous,adj.  正直的， 公正的
scourge,vt. 鞭笞 n.  鞭子
atrophy,n.  萎缩
endangered,adj.  濒危的， 将要灭绝的
haphazard,adj.  偶然的， 任意的
biannual,adj.  一年两次的
ambiguity,n.  模棱两可的话
amphibious,adj.  两栖的
scroll,n.  卷轴
sluggish,adj.  行动迟缓的
assail,vt.  抨击， 指责
seismology,n.  地震学
hemp,n.  大麻
braid,n. 穗带，饰带 vt.  编织
healing,adj. 有治疗功用的 n.  康复， 治疗
simmer,vi. 充满 n.  煨， 炖
famish,v.  饥饿
dazzling,adj.  令人眼花缭乱的， 耀眼的
rotational,adj.  旋转的
quash,vt.  撤销， 废止
abridge,vt.  缩短， 删节， 节略， 精简
engaging,adj.  迷人的
nosy,adj.  爱管闲事的， 好打听的
sleigh,n.  雪橇
rancorous,adj.  怨恨的， 满怀恶意的
trauma,n.  精神创伤
chronical,adj.  慢性的， 延续很长的
hearsay,n.  谣言， 传闻， 道听途说
deceitful,adj.  欺诈的， 惯于欺骗的， 不诚实的
audition,n.  旁听
stingy,adj.  吝啬的， 小气的
morgue,n.  停尸房， 太平间
pocketbook,n.  钱袋， 皮夹
afoul,adv.  相抵触， 有冲突
pastel,adj. 彩色蜡笔的 n.  彩色蜡笔
middleman,n.  中间人， 调解人
emerald,n.  祖母绿， 绿宝石
avenge,vt.  复仇， 报仇
sculpt,vt.  雕刻
outgas,vt.  除去气
lucrative,adj.  赚钱的， 获利的， 有利可图的
pinnacle,n.  山顶， 顶峰
copious,adj.  丰富的， 富饶的
aria,n.  独唱曲， 咏叹调
abysmal,adj.  深不可测的
verbiage,n.  冗词， 赘言， 废话
plumage,n.  鸟类羽毛
piracy,n.  海盗行为
legislate,v.  制定法律
frugal,adj.  节约的， 节俭的
laureate,adj.  享有殊荣的 n. 桂冠诗人
infirm,adj.  虚弱的
scrupulous,adj.  多顾虑的， 谨慎的
annul,vt.  宣布无效， 取消， 废除
absolve,vt.  赦免
Mesolithic,adj. 中石器时代的 n.  中石器时代
grievous,adj.  令人忧伤的
oblong,adj. 矩形的，长方形的 n.  矩形， 长方形
monogamy,n.  一夫一妻制
chagrin,n.  懊恼， 失望
forfeit,vt. 被没收，丧失 n.  罚款
quotient,n.  商
semiotics,n.  符号学
sapphire,adj.  天蓝色， 蔚蓝色的 n. 蓝宝石，青石
bisect,vt.  把…二等分， 对半分
wane,vi. 衰退，减弱 n.  月亏
seasoning,n.  调味品， 调料
chivalrous,adj.  有骑士精神的
dateline,n.  日期栏
grazing,n.  放牧
enlist,v.  征募
grading,n.  评分
decadent,adj.  堕落的， 颓废的
weathering,n.  侵蚀， 风化
disparate,adj.  迥然不同的
defiant,adj.  反叛的， 挑衅的， 公然违抗的
startling,adj.  惊人的， 令人吃惊的
accounting,n.  会计学
pronounced,adj.  显著的
injurious,adj.  侮辱的， 诽谤的
commune,vi.  与…亲密地交谈 n.  群体， 公社
focalize,v.  调节焦距
toady,vi. 谄媚，奉承 n.  谄媚者， 马屁精
squabble,vi. 发生口角，
rustic,adj.  乡村的
venomous,adj.  有毒的， 分泌毒液的
overview,n.  梗概， 概述
ideomotor,adj.  观念运动的
embargo,n. 禁止贸易令
nocturnal,adj.  夜行性的
swoop,v.  猛扑 n. 突然行动
swoon,vi&n.  昏厥， 昏倒
stanza,n.  节， 段
chubby,adj.  丰满的， 圆胖的
anomalous,adj.  异常的
fungi,n.  [fungus的复数]真菌
trek,n&v.  艰苦跋涉
proofread,v.  校对， 校正
deserted,adj.  荒废的， 空无一人的
anarchist,n.  无政府主义者
numeric,adj.  数字的
domicile,n.  住处， 住所
fictitious,adj.  虚构的
amble,vi.  缓行， 漫步
dissolute,adj.  放荡的， 放纵的， 道德沦丧的
agile,adj.  敏捷的， 灵活的
secede,vi.  正式脱离， 退出
interweave,v.  交织， 编结
smelting,n.  冶炼， 熔炼
treadmill,n.  踏车
tactile,adj.  触觉的
extrinsic,adj.  外来的， 外在的， 非本质的
sledding,n.  进展
tangible,adj.  可触摸的， 可感知的
congest,v.  充满， 拥塞
artifice,n.  诡计， 奸计
impede,vt.  妨碍， 阻碍， 阻止
acting,adj. 代理的 n.  演戏， 表演
smirk,vi.  假笑， 得意地笑
abbey,n.  修道院
alienable,adj.  可转让的
intrepid,adj.  勇敢的， 无畏的
accredit,vt.  委任， 授权
consonant,adj. 和谐的，协调的，符合的 n.  辅音
confiscate,vt.  没收， 充公， 征用
filial,adj.  子女的
curtail,vt.  缩短， 缩减， 削减
sheath,n.  鞘， 外壳
quantum,n. 量子
downside,n.  缺点， 负面
lubricant,n.  润滑剂
extort,vt.  勒索， 敲诈， 强夺
pointed,adj.  尖的， 尖角的
insulin,n.  胰岛素
ironic,adj.  说反话的， 讽刺的
monotony,n.  单调， 千篇一律
overdue,adj.  过期未付的， 逾期的
spike,n.  长钉， 大钉
subliminal,adj.  下意识的， 潜意识的
glimmer,vi.  发微光 n. 闪烁的微光
adhesive,adj.  带黏性的 n. 胶合剂
folkway,n.  社会风俗
sequential,adj.  序列的
derivative,adj. 派生的，引出的 n.  派生词， 衍生词
canvass,v.  游说， 拉选票
tectonics,n.  构造地质学
vaporize,v.  蒸发， 汽化
surcharge,n. 额外费用，增收费，附加费 vt.  收取额外费用
instill,vt.  慢慢灌输
sidebar,n.  补充报道
patronize,v.  以高人一等的态度对待
bountiful,adj.  慷慨的
methanol,n.  甲醇
allure,n&v.  诱惑， 吸引
trivialize,vt.  使显得琐碎
solicit,v.  恳请
focal,adj.  焦点的
spinning,adj. 旋转的 n.  纺纱
stylized,adj.  非写实的
terrorism,n.  恐怖主义
nominee,n.  被提名者， 被任命者
enslave,vt.  奴役
centennial,n.  百年纪念
juridical,adj.  法律的， 司法的
curtsy,vi.  行屈膝礼 n. 屈膝礼
culpable,adj.  有罪的
feign,vt.  装作， 假装
dexterous,adj.  惯用右手的
midterm,adj. 中间的，期中的 n.  期中考试
suction,n.  吸， 抽吸
holistic,adj.  整体的， 全面的
concord,n.  和睦
conciliate,vt.  安抚， 抚慰
accede,vi.  即位， 就任
vivify,vt.  赋予生气
benevolent,adj.  慈善的
contiguous,adj.  接壤的， 毗邻的
connote,v.  意味着
notate,vt.  以符号表示， 把…写成记号
artesian,adj.  自流水的， 喷水的
aquarium,n.  养鱼缸
soprano,n.  女高音
mortify,vt.  使蒙受屈辱， 使难堪
cram,v.  填塞， 塞满
detest,v.  憎恶
enunciate,v.  清晰地发音
mismanage,vt.  对…管理不当， 处理不当
scuffle,n&vi.  扭打， 混战
slough,vt.  使脱落 n.  泥坑， 沼泽
blurt,vt.  脱口而出
spun,adj.  拉成丝的
tolerable,adj.  可忍受的， 可容忍的
bicameral,adj.  两院制的， 有两个议院的
sediment,n.  沉淀物， 沉积物
tremulous,adj.  发抖的， 颤抖的
hybrid,adj. 杂交产生的 n.  杂交植物
doodle,vi.  乱涂， 胡画
ferment,v.  发酵 n.  发酵
potency,n.  影响力， 支配力
exalted,adj.  崇高的， 高贵的， 显赫的
tarnish,v. 失去光泽 n.  污点
acquiesce,vi.  默许， 默认
espouse,vt.  支持， 拥护， 赞成
dupe,n. 上当者 vt.  欺骗， 愚弄
towering,adj.  高耸的
enact,v.  制定法律， 颁布
deviant,adj. 不正常的，越出常规的 n.  不正常的人
pharaoh,n.  法老
scrutinize,v.  仔细检查， 细察
realtor,n.  房地产经纪人
nicotine,n.  尼古丁
critique,n. 批评，评论 vt.  写评论
outrageous,adj.  残暴的
modeling,n.  立体感
oppressive,adj.  压迫的， 压制的
calculable,adj.  可计算的
increment,n.  增加
cramped,adj.  狭小的， 狭窄的
bilateral,adj.  有两边的
aptitude,n.  适合， 恰当
daisy,n.  雏菊
disquiet,v. 不安，忧虑 n.  不安， 忧虑
addictive,adj.  使人上瘾的
spurn,vt&n.  拒绝
plaque,n.  匾额
membrane,n.  薄膜
spellbind,vt.  用妖术迷惑
educated,adj.  受过教育的， 有教养的
recessive,adj.  隐性的
loath,adj.  不情愿的， 勉强的
indigent,adj.  贫困的， 贫穷的
operant,adj. 运转中的 n.  起作用的人
polygamy,n.  一夫多妻制， 一妻多夫制， 多配偶制
ordinate,n.  纵坐标
apprise,vt.  通知， 告诉
deductive,adj.  演绎的， 推论的
breathing,n.  呼吸
falter,v.  衰退， 衰落
appraise,vt.  估价
entourage,n.  〈总称〉随从， 随行人员
spheroid,n.  球状体， 椭球体
template,n.  模板， 样板
simile,n.  明喻
optic,adj. 眼的 n.  光学仪器
soybean,n.  大豆
reapply,v.  再申请
shuffle,v&n.  拖着脚走
infatuate,vt.  使迷恋
sardonic,adj.  嘲笑的， 讥讽的
novice,n.  生手， 新手
viable,adj.  可行的， 可实施的
auspicious,adj.  吉兆的， 吉利的
demanding,adj.  苛求的， 难满足的
corollary,n.  必然的结果
conjure,v.  变魔术， 变戏法
hoard,v. 贮藏，囤积 n.  储藏， 贮存
altruistic,adj.  利他的， 无私心的， 为他人着想的
dent,vt. 使凹下 n.  缺口， 凹痕
asthma,n.  哮喘
dosage,n.  剂量
patriarchy,n.  父权制， 父系社会， 家长统治
quell,vt.  制止， 镇压
dissent,vi. 不同意，持异议 n.  不同意见， 异议
calamitous,adj.  灾难性的
unequal,adj.  不同的， 不相等的
posthumous,adj.  死后的， 身后的
variant,adj.  不同的， 变异的 n. 变体，变形
despoil,vt.  夺取， 掠夺
vocalize,v.  用言语表达
discord,n.  不一致
myopic,adj.  近视的
illegible,adj.  难以辨认的， 模糊的
throng,v.  群集， 拥向 n. 一大群人
saunter,vi&n.  闲逛， 漫步
blues,n.  布鲁斯音乐， 蓝调
defecate,vi.  排便
assent,n&vi.  同意， 赞成
hazel,n. 榛树 adj. 〔眼睛〕绿褐色的
zest,n.  趣味
lettuce,n.  生菜
racing,adj. 比赛的 n.  比赛， 竞赛
informed,adj.  有学识的
submission,n.  屈服， 服从
bouquet,n.  花束
dragonfly,n.  蜻蜓
ultimatum,n.  最后通牒
racism,n.  种族主义， 种族歧视
nauseous,adj.  恶心的
toilsome,adj. 辛苦的
efface,v. 抹去，抹掉
advocacy,n. 主张
clutter,n. 杂乱，混乱 v. 使凌乱
bravo,n. 喝彩 v. 喝彩 int. 好极了
upheave,v. 鼓起
petulant,adj. 暴躁的
volant,adj. 迅速的 n. (Volant)人名
chimerical,adj. 空想的，妄想的
scathe,vt. 损伤 n. 损伤
brigade,n. 旅 v. 把…编成旅
triennial,adj. 每三年的 n. 三年生植物
impugn,v. 指责，非难
altimeter,n. 测高仪，高度计
orthodoxy,n. 正统
flaunt,v. 炫耀 n. 炫耀
median,n. n中值，中位数 adj. 中值的
retrograde,adj. 倒退的 v. 逆行 adv. 倒退地
effeminate,adj. 柔弱的 n. 女子气的男人 vt. 使柔弱 vi. 变得无男子汉气概
purposeful,adj. 有目的的
pervade,v. 遍及
caustic,adj. [化学] 腐蚀性的 n. [助剂] 腐蚀剂
helix,n. 螺旋，螺旋状物
canonical,adj. 依教规的 n. 牧师礼服
guise,n. 伪装 vt. 使化装 vi. 伪装
automaton,n. 自动机
resonate,v. 共鸣
braze,v. 用黄铜制 n. 铜焊
pestilence,n. 瘟疫（尤指鼠疫）
soliloquy,n. 独白
pecuniary,adj. 金钱的
censorious,adj. 挑剔的
atypical,adj. 非典型的
gastronomy,n. 烹饪法，美食法
witticism,n. 妙语
enumerate,v. 列举
moratorium,n. 暂停，中止
undulate,v. 起伏，波动 adj. 波动的
salvage,n. 打捞 v. 抢救
adulatory,adj. 阿谀的，奉承的
assay,n. 化验 v. 分析
churlish,adj. 没有礼貌的
sermonize,v. 说教
quadrant,n. 象限
canine,adj. 犬的 n. 犬
veracity,n. 诚实
effulgence,n. 灿烂
votary,n. 崇拜者 adj. 立誓任圣职的
inveterate,adj. 根深的
mordacious,adj. 锐利的
bravado,n. 虚张声势
tawdry,adj. 非常华丽的 n. 俗丽的东西
aqueous,adj. 水的，水般的
espy,v. 看到 n. (Espy)人名
admonish,v. 告诫
vacillate,v. 犹豫
travail,n. 分娩的痛苦 v. 辛勤努力
excrement,n. 粪便，排泄物
assignee,n. 代理人
assertion,n. 断言，声明
peruse,v. 详细考察
ludicrous,adj. 滑稽的
regress,v. 逆行，倒退 n. 回归
recumbent,adj. 斜倚的
neural,adj. 神经的 n. (Neural)人名
sealant,n. [机] 密封剂
numeration,n. 计算
preamble,n. 序文 v. 作序文
upturn,n. 情况好转 vt. 使……转朝上 vi. 向上
alight,v. 下来 adj. 烧着的
sterling,adj. 纯正的 n. 英国货币
ascetic,adj. 苦行的 n. 苦行者
recant,v. 宣布放弃
brusque,adj. 唐突的 n. (Brusque)人名
dissect,v. 切细
cathode,n. 阴极（电解）
lugubrious,adj. 悲哀的，悲惨的
epitaph,n. 碑文，墓志铭
cognate,adj. [地质] 同源的 n. 同族
winsome,adj. 迷人的
commotion,n. 骚动
pepsin,n. 胃蛋白酶
ethereal,adj. 优雅的
irresolute,adj. 优柔寡断的
convoke,v. 召集
codicil,n. 遗嘱的附录
morose,adj. 郁闷的
gibberish,n. 乱语
dogmatist,n. 教条主义者
embitter,v. 使怨恨
obtrusive,adj. 突出的
emulate,v. 仿真 n. 仿真
regale,v. 取悦 n. 款待
nemesis,n. 报应
conundrum,n. 难题
whine,v. 发牢骚 n. 抱怨
furtive,adj. 鬼鬼祟祟的，秘密的
infringe,v. 侵犯
genome,n. 基因组
elevated,adj. 提高的 v. 提高 n. 高架铁路
besmear,v. 弄脏，涂抹
recourse,n. 求援，求助
centenary,n. 一百年 adj. 一百年的
assailant,n. 攻击者 adj. 袭击的
brigand,n. 强盗
errant,adj. 不定的
alias,n. 别名，化名 adv. 别名叫
drub,v. 用棒打
abeyance,n. 中止，停顿
patriotism,n. 爱国主义
innocuous,adj. 无害的
demeanor,n. 风度
callous,adj. 无情的 v. 使冷酷无情 n. 硬皮
deride,v. 嘲笑
recitation,n. 背诵
atrocity,n. 暴行
wittingly,adv. 有意地，存心地
vindicate,v. 维护
invidious,adj. 诽谤的
insidious,adj. 阴险的
derelict,adj. 玩忽职守的 n. 遗弃物
nonplus,n. 迷惑 v. 使困惑
jaded,adj. 厌倦的 v. 厌倦（jade的过去分词）
omnivore,n. [动] 杂食动物
nauseate,v. 作呕
scurrilous,adj. 下流的
diabolical,adj. 恶魔的
rue,v. 后悔 n. 芸香
vitiate,v. 损害，弄坏
ancillary,adj. 辅助的 n. 助手
preordain,v. 注定
sagacious,adj. 睿智的，聪慧的
conjugal,adj. 婚姻的
heedful,adj. 注意的
sarcasm,n. 讽刺
fretful,adj. 焦躁的
dilapidate,v. 毁坏
belabor,v. 痛打
perverse,adj. 堕落的，不正当的
aviary,n. 鸟类饲养场
panegyric,n. 颂词，赞颂
obviate,v. 排除
debilitate,v. 使衰弱
condone,v. 宽恕
wrest,v. 用力拧 n. 扭，拧
infuse,v. 灌输
timbre,n. [声] 音色
impute,v. 归罪于，归咎于
spineless,adj. 没有骨气的
unaffected,adj. 不受影响的
bowler,n. 圆顶礼帽
gruff,adj. 粗暴的 vt. 粗鲁地说 vi. 粗鲁地说 n. 格拉夫（英国珠宝品牌）
radiance,n. 辐射
clamorous,adj. 吵闹的
enthrall,v. 迷住，使着迷
complacent,adj. 自满的
solicitude,n. 焦虑
prim,adj. 拘谨的 v. 使显得一本正经 n. (Prim)人名
repulse,v. 拒绝 n. 拒绝
dismissal,n. 解雇
irk,v. 使烦恼
suasion,n. 说服，劝告
repository,n. 贮藏室，仓库
atrocious,adj. 凶恶的，残暴的
adoration,n. 崇拜
ire,n. 忿怒 vt. 使发怒
trajectory,n. [物] 轨道，轨线
stultify,v. 使变无效
surfeit,n. 过度 v. 使饮食过度
litigant,n. 诉讼当事人 adj. 诉讼的
apparition,n. 幽灵
vapid,adj. 无趣味的
fervent,adj. 热心的
sebaceous,adj. 分泌脂质的
ruddy,adj. 红的 adv. 极度 vt. 使变红 vi. 变红 n. (Ruddy)人名
cant,n. 斜面 v. 倾斜 adj. 行话的
pulverize,v. 粉碎
fulsome,adj. 令人生厌的
jubilant,adj. 欢呼的
afire,adj. 燃烧的 adv. 燃烧着
atone,v. 赎罪
reticent,adj. 沉默的
demure,adj. 端庄的 n. (Demure)人名
revocation,n. 取消
zenith,n. 顶峰
embolden,v. 使有胆量，使大胆
choleric,adj. 易怒的
cornea,n. [解剖] 角膜
spate,n. 洪水
blithesome,adj. 愉快的
cerebellum,n. [解剖] 小脑
factious,adj. 好捣乱的
obdurate,adj. 顽固的，执拗的
iconoclast,n. 偶像破坏者
poignant,adj. 尖锐的 n. (Poignant)人名
pungent,adj. 辛辣的
awry,adj. 错误的 adv. 歪曲地
mordent,n. 涟音
dejected,adj. 沮丧的，灰心的
upshot,n. 结果，结局
heedless,adj. 不注意的
fulminate,v. 爆炸 n. 雷酸盐
retrace,v. 追溯
diminutive,adj. 小的，小型的，微小的 n. 爱称
facile,adj. （言语或理论）轻率的，未经深思熟虑的
stoic,n. 斯多葛学派哲学家 adj. 坚忍的，苦修的
artless,adj. 天真的
quarantine,v. 检疫 n. 检疫
remiss,adj. 怠慢的
virtu,n. 古董
reprimand,n. 谴责 v. 谴责
suffrage,n. 选举权
truculent,adj. 好斗的
bailiff,n. 法警
savor,v. 尽情享受 n. 滋味
quagmire,n. 沼泽，沼泽地
posse,n. 一队
nutriment,n. 营养物
bombast,n. 夸大的言辞 adj. 夸大的
harass,v. 使困扰
calamity,n. 灾难
inhuman,adj. 残忍的
disavow,v. 否认，否定
amity,n. 友好
juncture,n. 接缝
askew,adj. 歪斜的 adv. 歪斜地，斜地 n. (Askew)人名
cadenza,n. 装饰乐段
waif,n. 流浪者
stanch,v. 止血 adj. 坚固的
prehensile,adj. 适于抓握的
hodgepodge,n. 大杂烩 vt. 使混乱
ribald,adj. 下流的 n. 言谈粗俗的人
undue,adj. 过度的，过分的
digit,n. 数字
carnal,adj. 肉体的 n. (Carnal)人名
stealth,n. 秘密
beaker,n. 烧杯
meddler,n. 干涉者
untoward,adj. 不幸的
distraught,adj. 发狂的
salacious,adj. 好色的
integer,n. [数] 整数
pallid,adj. 苍白的
cession,n. （权利的）转让，出让
adjuration,n. 严令
erudite,adj. 博学的 n. 饱学之士
retouch,n. 润饰 v. 润饰
haggard,adj. 憔悴的 n. 野鹰
egregious,adj. 惊人的
acclivity,n. 向上的斜坡
virtuoso,n. 艺术品鉴赏家 adj. 行家里手的
captious,adj. 挑剔的
adulate,v. 过分称赞
antenatal,adj. 产前的
solecism,n. 语法错误，文理不通
mishap,n. 灾祸
impromptu,n. 即兴曲 adv. 即席地 adj. 即席的
ken,n. 视野范围，见地，知识范围
propellant,n. 推进物 adj. 推进的
typography,n. 排印
pedantic,adj. 迂腐的
diode,n. [电子] 二极管
statuesque,adj. 雕像般的
submersion,n. 淹没，浸没
bursar,n. 财务主管
irascible,adj. 易怒的
gratuity,n. 赏钱，小费
equanimity,n. 平静
trammel,v. 束缚 n. 拘束
peevish,adj. 易怒的，暴躁的
cilia,n. 纤毛
indigence,n. 穷困
cajole,v. 以甜言蜜语哄骗
mariner,n. 水手
saccharine,adj. 含糖的 n. （美）糖精
terse,adj. 简洁的，精练的，扼要的
polemics,n. 辩论术
retinue,n. 随行人员
urbane,adj. 彬彬有礼的，温文尔雅的
ecstatic,adj. 狂喜的 n. 狂喜的人
vociferate,v. 喊叫
alimentary,adj. 滋养的
credulity,n. 轻信
apogee,n. 最高点，极点 vt. 位于远地点
rabid,adj. 激烈的
diurnal,adj. 白天的 n. 日记账
stripling,n. 年轻人，小伙子
inimical,adj. 敌意的
levee,n. 堤坝（码头） vt. 为…筑堤
colloid,adj. 胶质的 n. [物化] 胶质
admittance,n. 进入
detonate,v. 使爆炸
occult,adj. 神秘的 v. 掩蔽 n. 神秘学
inchoate,adj. 早期的 vt. 开始 vi. 开始
placenta,n. [胚] 胎盘
adhesion,n. 粘附
taunt,n. 嘲弄 v. 奚落 adj. 很高的
testament,n. [法] 遗嘱
acquainted,adj. 熟识的 v. 使了解（acquaint的过去分词）
inventive,adj. 发明的
reck,vt. 顾虑 vi. 介意 n. (Reck)人名
centurion,n. 百夫长
recuperate,v. 恢复，复原
prehension,n. 理解
effigy,n. 雕像，肖像
rapine,n. 掠夺
benignant,adj. 良性的
outburst,n. （火山、情感等的）爆发
usurious,adj. 高利贷的
forthright,adj. 直率的 adv. 直率地 n. 直路
inviolable,adj. 不可侵犯的
accolade,n. 荣誉
organelle,n. [细胞] 细胞器
mutation,n. [遗] 突变
achromatic,adj. 消色差的
stupor,n. 昏迷，恍惚
inhume,v. 埋葬
bauxite,n. 矾土，[矿物] 铁铝氧石
bowdlerize,v. 删改
puissant,adj. 强大的，强盛的 n. (Puissant)人名
propitious,adj. 适合的
divisor,n. 除数
vile,adj. 卑鄙的 n. (Vile)人名
venerate,v. 崇敬，尊敬
accursed,adj. 被诅咒的
volitive,adj. 意志的
introspect,v. 反省
decorous,adj. 有礼貌的，高雅的
lucid,adj. 明晰的
quail,v. 畏缩，胆怯 n. 鹌鹑
wistful,adj. 渴望的
calumniate,v. 诽谤
befog,v. 使困惑，使模糊
acidify,v. [化学] 酸化
pugnacious,adj. 好斗的，好战的
callosity,n. 无情
calumny,n. 诽谤
qualm,n. 疑虑
taciturn,adj. 沉默寡言的
periscope,n. 潜望镜
pauper,n. 乞丐 adj. 贫民的
colloquy,n. 以对话体写的文章
bestrew,v. 布满
comely,adj. 清秀的，标致的
homologous,adj. 相应的
ingenuous,adj. 天真的
ebullient,adj. 热情洋溢的
coercion,n. 强制
amatory,adj. 恋爱的，情人的
preemption,n. 优先购买
athirst,adj. 渴望的
ensemble,n. 全体 adv. 同时
viceroy,n. 总督
caucus,n. 干部会议 v. 召开干部会议
sentient,adj. 有感情的 n. 有知觉的人
miscount,v. 数错 n. 数错
preempt,v. 先占
pageant,n. 盛会
lacerate,v. 伤害，使…痛心 adj. 受折磨的
fortitude,n. 刚毅
antibody,n. [免疫] 抗体
sophism,n. 诡辩
unyielding,adj. 不屈的
paragon,n. 模范 adj. 完美的
aliment,n. 滋养品 v. 向…提供营养物
acrimony,n. 辛辣
volition,n. 意志，意志力
ominous,adj. 预兆的
pedigree,n. 血统 adj. 纯种的
malodorous,adj. 有恶臭的
nascent,adj. 初期的
capricious,adj. 反复无常的
scribble,n. 潦草写成的东西 v. 乱写
impetuous,adj. 冲动的
astringent,adj. 涩的 n. [药] 收敛剂
coercive,adj. 强制的
carnage,n. 大屠杀
urea,n. [肥料] 尿素
serenity,n. 平静，宁静
yearling,n. 一岁家畜 adj. 一岁的
guile,n. 狡猾
cameo,n. （影视剧中的）配角
sacrosanct,adj. 神圣不可侵犯的
nugatory,adj. 无价值的
brigadier,n. 准将
risible,adj. 可笑的
bauble,n. 小玩意
assiduous,adj. 刻苦的，勤勉的
irksome,adj. 令人厌烦的，讨厌的
tripod,n. [摄] 三脚架
cavil,v. 吹毛求疵 n. 吹毛求疵
hydrolysis,n. 水解作用
usurp,v. 篡夺
impalpable,adj. 感触不到的
usury,n. 高利
pejorative,adj. 轻蔑的 n. 轻蔑语
obsequious,adj. 谄媚的
profuse,adj. 丰富的
toxin,n. 毒素
abjure,v. 发誓放弃
zeitgeist,n. 时代思潮，时代精神
malign,v. 诽谤，污蔑 adj. 恶意的，恶性的
foliate,v. 把…打成箔 adj. 有叶的
immaculate,adj. 完美的
bole,n. [林] 树干
stipend,n. 奖学金
servile,adj. 奴隶的
imperious,adj. 专横的
sleight,n. 手法，技巧
ostensible,adj. 表面的
obtrude,v. 逼使
wiry,adj. 金属线制的
penurious,adj. 吝啬的
concordant,adj. 和谐的
alcove,n. 凹室
votive,adj. 奉献的（副词votively）
sanguine,adj. 乐观的 vt. 血染 n. 血红色
perturb,v. 扰乱
immoral,adj. 不道德的
consecrate,v. 奉献 adj. 神圣的
avow,v. 承认
lunatic,adj. 疯狂的 n. 疯子
jerky,adj. 抽筋的 n. 牛肉干
beleaguer,v. 围攻
assassin,n. 刺客，暗杀者
vista,n. 远景，狭长的街景
accouter,v. 装备
humbug,n. 骗子 v. 欺骗
seethe,v. 沸腾 n. 沸腾
indolence,n. 懒散，懒惰
falsify,v. 伪造
inordinate,adj. 过度的
truncated,adj. 缩短了的 v. 缩短（truncate的过去分词）
canary,n. [鸟] 金丝雀
wavelet,n. 微波，小浪
amour,n. 恋情
habituate,v. 使习惯于，使熟悉于
hedonism,n. 快乐主义
unbecoming,adj. 不适当的，不相称的
garble,v. 断章取义 n. 断章取义
foolhardy,adj. 有勇无谋的
patter,n. 行话 v. 滴答地响
prudish,adj. 装正经的
divulge,v. 泄露
vigilant,adj. 警惕的
spinous,adj. 刺状的
lassitude,n. 疲乏
fervid,adj. 热的
infirmary,n. 医务室
empathetic,adj. 移情作用的
dishevel,v. 使蓬乱
neologism,n. 新词
grimy,adj. 肮脏的，污秽的
aghast,adj. 吓呆的，惊骇的
tumult,n. 骚动
merriment,n. 欢喜
parse,v. 解析 n. 从语法上分析
wizen,vi. 枯萎 vt. 使凋谢 adj. 凋谢的
joggle,v. 啮合 n. 啮合
antedate,v. 先于 n. 比实际提前的日期
rowdy,adj. 吵闹的 n. 粗暴的人
glycogen,n. 糖原
hardihood,n. 刚毅，大胆
ocular,adj. 眼睛的 n. [光] 目镜
enervate,v. 使衰弱，使失去活力 adj. 衰弱的，无力的
assonance,n. 类似的音，谐音
rebut,v. 反驳 n. 驳回
pedagogue,n. 教师，教员
unsavory,adj. 难吃的
alderman,n. 市议员
devalue,v. 使贬值
impunity,n. 不受惩罚
orator,n. 演说者
annuity,n. 年金，养老金
incubus,n. 梦魇
asylum,n. 庇护
oratory,n. 雄辩
avidity,n. 热望，贪欲
sequacious,adj. 盲从的
rankle,v. 化脓
felicitous,adj. 恰当的
surety,n. 担保
annotate,v. 注释
replete,adj. 充满的 n. [昆] 贮蜜蚁
laudatory,adj. 赞美的
tenure,n. 任期 v. 授予…终身职位
forgo,v. 放弃
suffuse,v. 充满
bereave,v. 使……失去
sequent,adj. 连续的 n. 结果
assonate,v. （使）音相谐，（使）成为准押韵
singe,v. 烧焦 n. 烧焦
reagent,n. [试剂] 试剂
nullify,v. 使无效，作废
ambulate,v. 走动
canto,n. 篇
diagnostic,adj. 诊断的 n. 诊断法
expedite,v. 加快 adj. 畅通的
potentate,n. 统治者，君主
abscond,v. 逃匿，潜逃
addle,v. 使腐坏 adj. 腐坏的
pointer,n. 指针
tyro,n. 新手，生手
gargantuan,adj. 庞大的，巨大的
anemia,n. 贫血
bulbous,adj. 球根的
anhydrous,adj. 无水的
arbitrate,v. 仲裁
bibulous,adj. 吸水的
sedate,adj. 安静的 v. 给…服镇静剂
archbishop,n. 大主教
scuttle,n. 天窗 v. 逃避
bestial,adj. 兽性的，卑劣的 n. 牛
bucolic,adj. 牧歌的 n. 田园诗
exhume,v. 发掘 n. (Exhume)人名
reasoning,n. 推理 adj. 推理的 v. 推论
acquittal,n. 赦免
neology,n. 新词
onus,n. 责任，义务
disinfect,v. 将…消毒
subvert,v. 颠覆
piteous,adj. 可怜的
addendum,n. 附录，附件
ashen,adj. 灰色的
unruly,adj. 不守规矩的
profligate,adj. 放荡的，不检点的 n. 放荡者
animosity,n. 憎恶，仇恨，敌意
coddle,v. 娇养
ribaldry,n. 猥亵的话
braggart,n. 吹嘘 adj. 吹牛的
macrophage,n. [组织] 巨噬细胞
fugacious,adj. 无常的
avuncular,adj. 伯父的
outlast,v. 比…长久
treachery,n. 背叛
enrage,v. 激怒
parch,v. 烤，烘
temerity,n. 鲁莽，冒失
impeccable,adj. 无瑕疵的
frowzy,adj. 不整洁的（等于frowsy）
halcyon,adj. 宁静的 n. 翡翠鸟
secant,adj. 割的 n. 割线
badger,n. 獾 v. 纠缠不休
becalm,v. 使安静
vacuous,adj. 空的
euphemism,n. 委婉语
cataract,n. [眼科] 白内障 vt. 倾注
tantrum,n. 发脾气
precipice,n. 悬崖
intercept,v. 拦截 n. 拦截
berate,v. 严责
aggrieve,v. 使悲痛
washout,n. 冲刷
perspire,v. 流汗
complicity,n. 共谋
idealist,n. 空想家，理想主义者 adj. 理想主义的
anesthetic,adj. 麻醉的 n. 麻醉剂，麻药
verdant,adj. 青翠的 n. (Verdant)人名
lurid,adj. 可怕的，耸人听闻的
mercurial,adj. 水银的 n. 汞剂
relapse,v. 故态复萌 n. 复发，再发
apothecary,n. 药剂师
scholastic,adj. 学校的 n. 学者
assonant,adj. 类韵的
crass,adj. 愚钝的 n. (Crass)人名
urine,n. 尿
bigamist,n. 重婚者
humane,adj. 仁慈的，人道的
nucleon,n. [高能] 核子
protract,v. 绘制
inebriate,v. 灌醉 adj. 酒醉的 n. 酒鬼
myopia,n. [眼科] 近视
dour,adj. 严厉的 n. (Dour)人名
penumbra,n. 半影
canon,n. 标准
autopsy,n. 验尸
foreordain,v. 注定
midpoint,n. 中点
quandary,n. 困惑
atonement,n. 赎罪
altar,n. 祭坛
hoary,adj. 久远的，古老的
isothermal,adj. 等温的 n. 等温线
corpulent,adj. 肥胖的
altruist,n. 爱他主义者
canny,adj. 精明的，谨慎的 n. (Canny)人名
wean,v. 使断奶 n. （苏格兰）幼儿
altruism,n. 利他
convoluted,adj. 复杂的 v. 盘绕
polyglot,n. 通晓数种语言的人 adj. 通数国语言，数国语言的
antagonist,n. 敌手
glucose,n. 葡萄糖
perilous,adj. 危险的，冒险的
soporific,n. 催眠剂 adj. 催眠的
pithy,adj. 有髓的，多髓的
refract,v. 使折射
undersell,v. 抛售
arrear,n. 欠款，逾期债款
mendacious,adj. 虚假的
gaiety,n. 快乐，兴高采烈
mediator,n. 调停者
invective,adj. 谩骂的 n. 恶言漫骂
tonic,n. 补药 adj. 滋补的
loquacious,adj. 饶舌的，多话的
egoism,n. 利己主义，自我主义
probation,n. 试用
bulwark,n. 壁垒 v. 保护
rectitude,n. 公正
gyrate,v. 旋转 adj. 旋涡状的
zephyr,n. 和风
furbish,v. 磨光
equivocate,v. 说模棱两可的话
venial,adj. 可原谅的
endemic,adj. 地方性的 n. 地方病
verity,n. 真实
sonorous,adj. 响亮的
monocracy,n. 独裁政治
beget,v. 产生
hydrate,n. 水合物 v. 使成水化合物
demur,v. 反对 n. 异议
epistolary,adj. 书信的
mollify,v. 平息，缓和
facetious,adj. 诙谐的
auspice,n. 赞助，主办
outstretch,vt. 拉长
encumber,v. 阻塞
litmus,n. [试剂] 石蕊
audacity,n. 大胆
imbue,v. 灌输
armful,n. 一抱之量
hilarious,adj. 欢闹的
harbinger,n. 先驱 v. 预告
aphorism,n. 格言
rampart,n. 壁垒 vt. 用壁垒围绕
afoot,adj. 在进行中的 adv. 在进行中，在准备中
dogmatic,adj. 教条的
bombardier,n. 投弹手
pillage,v. 掠夺 n. 掠夺
uproarious,adj. 骚动的
centiliter,n. [计量] 厘升，公勺
antagonize,v. 使…敌对
belittle,v. 轻视
abyss,n. 深渊
belated,adj. 迟来的
fledgling,n. 无经验的人
rescind,v. 解除
sapiential,adj. 智慧的
mutilate,v. 切断，毁坏
prophetic,adj. 预言的，预示的
charlatan,n. 吹牛者 adj. 骗人的
wreak,v. 发泄
cathartic,adj. 导泻的 n. [药] 泻药
valor,n. 英勇
vermicide,n. 杀蠕虫药
adjutant,n. 副官，助手 adj. 辅助的
cadent,adj. 有节奏的
hemoglobin,n. [生化] 血红蛋白（等于haemoglobin）
beck,n. 招手
fatalism,n. 宿命论
blithe,adj. 愉快的
florid,adj. 绚丽的
treatise,n. 论述
loot,n. 战利品 v. 抢劫，洗劫
carrion,adj. 腐肉的 n. 腐肉
biennial,adj. 两年一次的 n. [植] 二年生植物
populace,n. 大众
monologue,n. 独白
opportune,adj. 适当的
succor,n. 救援 v. 救援
rightful,adj. 合法的
murderous,adj. 杀人的，残忍的
pervert,v. 使堕落 n. 堕落者
docile,adj. 温顺的，驯服的
waive,v. 放弃
autocratic,adj. 专制的
accusatory,adj. 非难的，指责的
fungible,adj. 代替的 n. 代替物
abominate,v. 痛恨
caitiff,adj. 卑劣的 n. 卑鄙的人
turgid,adj. 肿胀的
twinge,n. 阵痛 v. 使刺痛
asinine,adj. 驴的
abbess,n. 女修道院院长
cadaverous,adj. 尸体样的
gestate,v. 使怀孕
arrogate,v. 冒称
promulgate,v. 公布
redress,v. 救济 n. 救济
gall,n. 胆汁 v. 烦恼
poise,n. 平衡 v. 使平衡
angelic,adj. 天使的
nettle,v. 刺激 n. 荨麻 adj. 荨麻科的
disparity,n. 不同
apex,n. 顶点
clemency,n. 仁慈
baton,n. 指挥棒
indicant,adj. 指示的 n. 指示物
inculpable,adj. 无辜的
repulsion,n. 排斥
asperity,n. （表面的）粗糙
recondite,adj. 深奥的
abusive,adj. 辱骂的
probity,n. 廉洁
adherence,n. 坚持
verbose,adj. 冗长的
palatial,adj. 宫殿似的
perforate,v. 穿孔于，打孔穿透
abominable,adj. 讨厌的
vilify,v. 诽谤
neophyte,n. 新信徒
transgress,v. 违反
rapacious,adj. 贪婪的
reputable,adj. 声誉好的
rampage,n. 暴怒 v. 狂暴
probate,v. [法] 遗嘱认证 n. 遗嘱检验 adj. [法] 遗嘱认证的
gluttonous,adj. 贪吃的，暴食的
wrangle,n. 争论 v. 争论
gambol,v. 雀跃 n. 雀跃
portent,n. 前兆
piecemeal,adv. 零碎地 adj. 零碎的 n. 片 vt. 粉碎
auburn,n. 赤褐色 adj. 赤褐色的，赭色的
insipid,adj. 清淡的
palette,n. 调色板
seditious,adj. 煽动性的
hypnotic,adj. 催眠的，催眠术的 n. 安眠药
pontiff,n. 主教，教皇
enmity,n. 敌意
expulsion,n. 驱逐
loophole,n. 漏洞
discrepant,adj. 有差异的
amply,adv. 充足地 n. (Amply)人名
euphonious,adj. 悦耳的
acrid,adj. 辛辣的
ado,n. 忙乱，纷扰，麻烦
ethics,n. 伦理学
butane,n. [有化] 丁烷
nausea,n. 恶心，晕船
semblance,n. 外貌
effectual,adj. 奏效的
buffoonery,n. 滑稽
yip,n. 叫喊声 v. 犬吠
monition,n. 忠告
castigate,v. 严惩
composed,adj. 镇静的 v. 组成
jocund,adj. 快活的
respite,n. 缓解 v. 使缓解
tantalize,v. 逗弄
hadron,n. [高能] 强子（参与强相互作用的基本粒子）
abhorrent,adj. 可恶的
indulgent,adj. 放纵的
descendent,adj. 派生的 n. 后裔
disparage,v. 蔑视
fallible,adj. 易犯错误的
centipede,n. [无脊椎][中医] 蜈蚣
percipient,adj. 目光敏锐的 n. 有感知力的人
consummate,adj. 至上的 v. 完成
descry,v. 看见
pare,v. 消减 n. (Pare)人名
despicable,adj. 卑劣的
moribund,adj. 垂死的 n. 垂死的人
incumbent,adj. 现任的 n. 在职者
lewd,adj. 淫荡的
ogle,v. 向…抛媚眼 n. 眉目传情
octagon,n. 八边形，八角形
askance,adv. 怀疑地
dissonant,adj. 刺耳的
exasperate,v. 恶化
spasmodic,adj. 痉挛的，痉挛性的
cajolery,n. 甜言蜜语
villainous,adj. 罪恶的
fatuous,adj. 愚笨的
putrid,adj. 腐败的
noisome,adj. 恶臭的
choral,adj. 合唱的 n. 赞美诗
vindictive,adj. 怀恨的
extricate,v. 使解脱
accost,v. 勾引
reprobate,v. 非难 adj. 邪恶的 n. 恶棍，无赖
didactic,adj. 说教的
aversion,n. 厌恶
melee,n. 混战，格斗
multiform,adj. 多样的
sycophant,n. 谄媚者 adj. 奉承的
atheism,n. 不信神，无神论
apathetic,adj. 冷漠的
diaphanous,adj. 透明的
muddle,v. 混合 n. 糊涂
tepid,adj. 微温的，温热的
pathos,n. 悲怅
forceps,n. [医] 钳子
plenitude,n. 充分
hiatus,n. 裂缝，空隙
artful,adj. 巧妙的
slovenly,adj. 懒散的 adv. 邋遢地
apostasy,n. 变节
diagnosis,n. 诊断
cauterize,v. 烧灼
circuitous,adj. 迂曲的
apostate,adj. 变节的 n. 脱党者
phonic,adj. 有声的，浊音的
plagiarism,n. 剽窃
monotone,n. 单调 adj. 单调的 vt. 单调地读
assessor,n. 评审员
skirmish,n. 小冲突，小规模战斗 v. 进行小规模战斗
decry,v. 责难，谴责
riddance,n. 摆脱
aerostat,n. 航空器
humdrum,adj. 单调的 n. 单调 vi. 单调乏味地进行
alveolar,adj. 肺泡的 n. 齿槽音
occlude,v. 使闭塞
equipoise,n. 平衡
carouse,v. 畅饮 n. 喧闹的酒会或宴会
chastise,v. 惩罚
insurgent,adj. 叛乱的 n. 叛乱者
admissible,adj. 可容许的
ulterior,adj. 将来的，较远的
ebullience,n. 奔放
cogent,adj. 强有力的
transcript,n. 成绩单
vegetal,adj. 植物的，植物性的 n. 植物
farcical,adj. 滑稽的
omnivorous,adj. 杂食的
divisible,adj. 可分的
garnish,v. 装饰 n. 为增加色香味而添加的配菜
decoy,n. 诱饵 v. 诱骗
heterodox,adj. 异端的
fugue,n. 赋格曲 vi. 作赋格曲 vt. 把…编成赋格曲
chastity,n. 贞洁
garrulous,adj. 唠叨的
bellicose,adj. 好战的
immoderate,adj. 无节制的，过度的
outstrip,v. 超过
athwart,adv. 横跨着 prep. 横跨
absolution,n. 赦免
trite,adj. 陈腐的
epicure,n. 老饕
impoverish,v. 使贫穷
emollient,n. [药] 润肤剂 adj. 使柔软的
osmosis,n. [物] 渗透
salutatory,adj. 致敬意的 n. 祝词
puerile,adj. 幼稚的
betide,v. 预示
nihilism,n. 虚无主义
morass,n. 沼泽
linchpin,n. 关键（等于lynchpin）
exacting,adj. 严格的 v. 逼取
grimace,v. 扮鬼脸 n. 鬼脸
prate,v. 瞎扯 n. 唠叨
nexus,n. 关系
actuary,n. [保险] 保险计算员
forerun,vt. 预示
amputate,v. 截肢
alacrity,n. 敏捷
exacerbate,v. 使加剧
caprice,n. 任性，反复无常
enthrone,v. 使登基
domineer,v. 跋扈
aggress,v. 攻击
ciliate,n. 纤毛虫 adj. 有纤毛的
senile,adj. 高龄的
expiate,v. 赎罪
abstain,v. 自制
garner,v. 获得 n. 谷仓
appalling,adj. 可怕的 v. 使惊愕
incognito,adj. 改名的 adv. 隐姓埋名地 n. 匿名者
comestible,n. 食物 adj. 可吃的，可食的
chicanery,n. 狡辩
malevolent,adj. 恶毒的
burnish,v. 擦亮 n. 光泽
heretical,adj. 异端的
cataclysm,n. 灾难
guileless,adj. 诚实的
hemolysis,n. [生理][免疫] 溶血（现象）
fanfare,n. 吹牛，炫耀 vt. 热热闹闹地宣布
inequity,n. 不公平，不公正
flagella,n. 鞭毛
raze,v. 夷为平地 n. (Raze)人名
sordid,adj. 肮脏的
actuate,v. 开动（机器等）
hallowed,adj. 神圣的，神圣化的
abidance,n. 持续
effete,adj. 衰老的
truism,n. 自明之理
locus,n. [数] 轨迹
malaise,n. 不舒服
factorable,adj. 可分解因子的
sprightly,adj. 活泼的 adv. 活泼地
obnoxious,adj. 讨厌的
relinquish,v. 放弃
reimburse,v. 偿还
albeit,conj. 虽然
barbarian,adj. 野蛮的 n. 野蛮人
inure,v. 使…习惯
prickle,n. 刺 v. 针一般地刺
onrush,n. 猛冲
rant,v. 咆哮 n. 咆哮
requital,n. 报答
feral,adj. 野生的
miserly,adj. 吝啬的
pervious,adj. 能被通过的
heretofore,adv. 直到此时，迄今为止
pedant,n. 学究
tenacity,n. 韧性
arbor,n. [植] 乔木
rapt,adj. 全神贯注的
vacuity,n. 空虚
autocracy,n. 独裁政治
flounder,v. 挣扎，折腾 n. 挣扎，辗转
hackney,n. 乘用马 vt. 役使 adj. 供出租的
motley,adj. 杂色的 n. 混杂
abhorrence,n. 痛恨，厌恶
rookie,n. 新手
squelch,v. 消除 n. 噪声控制
spindle,n. 轴 adj. 锭子的，锭子似的 vt. 装锭子于 vi. 长得细长，变细长
optics,n. [光] 光学
colossus,n. 巨像
elucidate,v. 阐明
penury,n. 贫困
afresh,adv. 重新
reparable,adj. 可修缮的
elocution,n. 朗诵法
infamous,adj. 声名狼藉的
scanner,n. [计] 扫描仪
anthropoid,adj. 类人猿的 n. 类人猿
doleful,adj. 寂寞的
prudential,adj. 谨慎的
vicarious,adj. 替代的
languor,n. 疲倦 vi. 变得衰弱无力
countless,adj. 无数的
prodigal,adj. 挥霍的 n. 浪子
skittish,adj. （人或动物）不安的，易受惊的
attache,n. 专员，公使
celibacy,n. 独身
abrogate,v. 废除
allotment,n. 分配
lexicon,n. 词典，辞典
larceny,n. 盗窃
perusal,n. 熟读
temperance,n. 戒酒 adj. 温暖的
omen,n. 预兆 v. 预示
prank,n. 恶作剧，开玩笑 v. 装饰
caricature,n. 漫画 v. 画成漫画讽刺
lithe,adj. 轻盈的（等于lithesome）
reparation,n. 赔偿
effusion,n. 渗出
condescend,v. 屈尊
beatific,adj. 幸福的
liquidate,v. 清算
veritable,adj. 真正的，名副其实的
renascent,adj. 新生的，复活的
aperture,n. 孔，穴
cyclical,adj. 周期的，循环的
austerity,n. 紧缩
peddle,v. 叫卖 n. (Peddle)人名
extant,adj. 现存的
sagacity,n. 睿智
befuddle,v. 使迷惑
peccadillo,n. 轻罪
decrepit,adj. 衰老的
nautical,adj. 航海的，海上的
amicable,adj. 友好的
advert,v. 注意 n. 广告
oration,n. 演说
tipsy,adj. 喝醉的
overpower,v. 压倒
suave,adj. 柔和的，温和的
chasm,n. 峡谷
cringe,v. 畏缩 n. 畏缩
laudation,n. 赞美
idolatry,n. 偶像崇拜
abdominal,adj. 腹部的
overlord,n. 霸王
eyepiece,n. [光] 目镜，[光] 接目镜
purloin,v. 偷窃
repugnant,adj. 讨厌的
visage,n. 面貌，容貌
borough,n. 区
candor,n. 坦白
muffle,v. 蒙住 n. 低沉的声音
accession,n. 增加 v. 登记入册
thrall,n. 奴隶 adj. 受奴役的 vt. 使成为奴隶
dumbfound,v. 使惊呆
menacing,adj. 威胁的 v. 威胁（menace的ing形式）
egocentric,adj. [心理] 自我中心的 n. 利己主义者
voluble,adj. 健谈的
odious,adj. 可憎的
archetype,n. 原型
raconteur,n. 健谈者
ensnare,v. 诱捕
oblique,adj. 斜的 n. 倾斜物 vi. 倾斜
germane,adj. 有密切关系的 n. (Germane)人名
oxidizer,n. [助剂] 氧化剂
morbid,adj. 病态的
sinecure,n. 闲职
opulent,adj. 丰富的
supine,adj. 仰卧的
hypotenuse,n. 直角三角形的斜边
bestride,v. 跨骑
synopsis,n. 概要，大纲
hectic,n. 脸红 adj. 兴奋的，狂热的
querulous,adj. 易怒的，暴躁的
turpitude,n. 卑鄙
lambaste,v. 痛打
cogitate,v. 仔细考虑
delude,v. 欺骗
indelible,adj. 难忘的
congruent,adj. 适合的，一致的
refulgent,adj. 辉煌的
misstate,v. 说错
laxative,n. 泻药 adj. 通便的
leaven,v. 使发酵 n. 酵母
jovial,adj. 天性快活的
capacious,adj. 宽敞的
anthology,n. （诗、文、曲、画等的）选集
avarice,n. 贪婪，贪财
pacify,v. 使平静
benison,n. 祝福
homonym,n. 同音异义词
whimsical,adj. 古怪的
covert,n. 隐藏处 adj. 隐蔽的
vertex,n. 顶点
embattle,vt. 布阵
malinger,v. 装病以逃避职责
engross,v. 使全神贯注
antidote,n. [药] 解毒剂
knave,n. 无赖
estrange,v. 使疏远
bedeck,v. 装饰
quibble,n. 谬论 v. 诡辩
ramify,v. 分枝，分叉
fallacious,adj. 谬误的
feint,n. 佯攻 v. 佯攻 adj. 假的
obfuscate,v. 使模糊
peninsular,adj. 半岛的 n. 半岛居民
insolent,adj. 无礼的
arraign,v. 传讯，控告
buffoon,n. 丑角
celerity,n. 快速
revile,v. 辱骂
parody,n. 拙劣的模仿 v. 拙劣模仿
luxuriant,adj. 繁茂的
cower,v. 退缩
remunerate,v. 酬劳
frolicsome,adj. 嬉戏的，爱闹着玩的
abstruse,adj. 深奥的
chromatic,adj. 彩色的
zany,adj. 滑稽的 n. 小丑
incite,v. 煽动
abstemious,adj. 节约的，节省的
pundit,n. 专家
virulent,adj. 剧毒的
collegian,n. 学院的学生
antilogy,n. 前后矛盾
trough,n. 水槽，水槽
engrossing,adj. 引人入胜的 v. 使全神贯注（engross的ing形式）
inept,adj. 笨拙的
rhombus,n. [数] 菱形
underling,n. 下属，部下
autocrat,n. 独裁者，专制君主
vivacious,adj. 活泼的
tacit,adj. 缄默的
pictograph,n. [语] 象形文字
bedlam,n. 混乱，骚乱
opprobrium,n. 耻辱，不名誉
inexorable,adj. 无情的
agape,adj. 张开著 adv. 目瞪口呆 n. (Agape)人名
abet,v. 煽动，教唆 n. (Abet)人名
brazier,n. 火盆
brethren,n. <旧>兄弟们，同胞
exonerate,v. 使免罪
bullock,n. 小公牛
peremptory,adj. 强制的
plenteous,adj. 丰富的
hypocrite,n. 伪君子
abed,adv. 在床上 n. (Abed)人名
staid,adj. 固定的
solute,n. [化学] 溶质 adj. 溶解的
anticlimax,n. 突降法
miff,n. 微怒 v. 使……恼怒
adumbrate,v. 预示
ungainly,adj. 笨拙的 adv. 笨拙地
stagy,adj. 做作的，不自然的
hypodermic,n. 皮下注射 adj. 皮下的
ingrate,adj. 忘恩的 n. 忘恩负义的人
placate,v. 抚慰
downplay,v. 不予重视
obese,adj. 肥胖的，过胖的
rendezvous,n. 约会 v. 会合
abdicate,v. 退位
provincial,adj. 省的 n. 粗野的人
adulterant,n. 掺杂物 adj. 掺杂用的
disfigure,v. 使变丑
barrister,n. 律师
vernacular,adj. 本国的 n. 本地话，方言
exigent,adj. 迫切的
solicitous,adj. 热切期望的
apotheosis,n. 神化
plaintive,adj. 哀伤的
knavery,n. 恶行，欺诈
buoyancy,n. 浮力
priggish,adj. 一本正经的
latency,n. 潜伏
medley,n. 混合 adj. 混合的
annalist,n. 编年史作者
abase,v. 使…谦卑
abash,v. 使困窘
keepsake,n. 纪念品
prescience,n. 先见
mawkish,adj. 令人作呕的，令人厌恶的
imperil,v. 危及
acclimate,v. 服水土
accentuate,v. 强调
intangible,adj. 无形的，触摸不到的
pomp,n. 盛况
repentant,adj. 悔改的
bumper,adj. 丰盛的，丰富的 n. 缓冲器，保险杆，减震物 vt. 装满 vi. 干杯
cantata,n. 大合唱
augur,n. 预言者 v. 预言
fetid,adj. 臭的
eulogize,v. 颂扬
reprisal,n. 报复（行为）
redemption,n. 赎回
repartee,n. 机敏的应答
sacrilege,n. 冒渎
sedulous,adj. 聚精会神的
sensuous,adj. 感觉上的，依感观的
lactose,n. [有化] 乳糖
tactician,n. 战术家
bawdy,adj. 猥亵的
deportment,n. 举止
venous,adj. 静脉的
arbiter,n. [法] 仲裁者
tumultuous,adj. 吵闹的
abduction,n. 诱拐，绑架
effusive,adj. 流出的
aggrandize,v. 增加
shiftless,adj. 偷懒的
tenable,adj. （主张等）站得住脚的
annals,n. 年报
beseech,v. 恳求，哀求
tractable,adj. 易于管教的
filch,v. 窃取
trenchant,adj. 尖刻的 n. (Trenchant)人名
cadaver,n. [医] 尸体
collusion,n. 勾结
prepossess,v. 使先具有
relent,v. 变温和，变宽厚
obsequies,n. 葬礼
lingual,adj. 语言的 n. 舌音，舌音字
fallow,adj. 休耕的 n. 休耕地 vt. 使（土地）休闲
bigamy,n. 重婚罪，重婚
benignity,n. 仁慈
astounding,adj. 令人震惊的
backstage,adv. 在后台
salutation,n. 称呼
negligence,n. 疏忽
adulterate,adj. 通奸的 v. 掺假
mediocrity,n. 平庸之才
licentious,adj. 放肆的
exhaustive,adj. 详尽的
misgiving,n. 担忧 v. 担忧
banal,adj. 陈腐的 n. (Banal)人名
federate,adj. 同盟的 v. 使结成同盟
unassuming,adj. 谦逊的
denominate,v. 为…命名 adj. 有特定名称的
omniscient,adj. 全知的 n. 上帝
seclude,v. 使隔离，使隔绝
vitalize,v. 赋予…生命
disengage,v. 使脱离
primp,v. 精心打扮
powerless,adj. 无力的
vegetate,v. 过单调呆板的生活
preoccupy,v. 迷住
denigrate,v. 诋毁
posterior,adj. 其次的 n. 后部
blemish,n. 瑕疵 v. 玷污
contort,v. 扭曲
rife,adj. 普遍的 n. (Rife)人名
languid,adj. 倦怠的
wanton,adj. 嬉戏的 n. 荡妇 v. 放肆
adherent,n. 信徒 adj. 附着的
voluptuous,adj. 撩人的
palliate,v. 减轻
intercede,v. 调解，调停
dielectric,adj. 非传导性的 n. 电介质
dilettante,n. 业余爱好者 adj. 浅薄的 vi. （在艺术、科学等方面）浅尝辄止
outlandish,adj. 古怪的
desiccate,v. 变干
itinerary,n. 旅程，路线 adj. 旅程的
equivocal,adj. 模棱两可的
ovum,n. [细胞][组织] 卵
projectile,adj. 抛射的 n. 射弹
guzzle,v. 狂饮 n. 狂饮
encore,n. 再演唱的要求 v. 要求再演或唱 int. 再来一个
itinerate,v. 巡回
cull,v. 精选 n. 剔出来杀掉的动物
paroxysm,n. （疾病周期性）发作
invalidate,v. 使无效
requite,v. 报答，回报
unctuous,adj. 油质的
travesty,n. 歪曲 v. 歪曲
oblivion,n. 遗忘
penitent,adj. 忏悔的，悔过的 n. 悔罪者，忏悔者
mendicant,adj. 行乞的 n. 乞丐
provident,adj. 节俭的
arboretum,n. 植物园
prologue,n. 开场白 vt. 加上…前言
precocious,adj. 早熟的
licit,adj. 正当的，合法的
extrovert,n. 外向
rancor,n. 深仇
blockade,v. 封锁 n. 阻塞
gaucherie,n. 笨拙
quorum,n. 法定人数
onerous,adj. 繁重的
extraneous,adj. 外来的
prosecutor,n. 检察官
acoustics,n. 声学
compulsion,n. 强制
rile,v. 激怒 n. (Rile)人名
baleful,adj. 恶意的
denude,v. 剥夺
boorish,adj. 粗野的
attenuate,adj. 减弱的 v. 使减弱
quixotic,adj. 唐吉诃德式的
vinery,n. 葡萄园，葡萄温室
perfidious,adj. 背信弃义的
glutinous,adj. 粘的
supple,adj. 柔软的 v. 使柔软 n. (Supple)人名
desiccant,adj. 去湿的，使干燥的 n. [助剂] 干燥剂
edify,v. 熏陶
sedition,n. 暴动
commodious,adj. 宽敞的
specious,adj. 似是而非的
exultant,adj. 非常高兴的
inclement,adj. 险恶的
antipodes,n. 地球上处于正相对应的两个地区，尤指（与欧洲形成对跖地的）澳大拉西亚
belay,v. 把缆绳拴在系索栓上 n. (Belay)人名
declaim,v. 慷慨陈词
jocose,adj. 诙谐的
possessive,adj. 占有的 n. 所有格
satiate,v. 充分满足 adj. 饱足的
misbehave,v. 作弊
xenophobe,n. 仇外
sedative,n. [药] 镇静剂 adj. 使镇静的
pediatrics,n. 小儿科
satirize,v. 讽刺
hideous,adj. 可怕的
obtuse,adj. 迟钝的
prescript,adj. 规定的 n. 规定
adduce,v. 举出
boiling,adj. 沸腾的 n. 沸腾 adv. 沸腾
unwitting,adj. 不知情的 v. 使精神错乱
diffident,adj. 羞怯的
benefactor,n. 恩人
inkling,n. 暗示 v. 暗示 （inkle的ing形式）
matriarchy,n. 母权制
impasse,n. 僵局
expurgate,v. 删除，删去
enamor,v. 使迷恋，使倾心
fanatic,n. 狂热入迷者 adj. 狂热的
sapid,adj. 有滋味的
repellent,adj. 排斥的 n. 防护剂
autarchy,n. 专制，独裁
cantonment,n. 宿营地
decagon,n. [数] 十角形
prattle,v. 闲聊 n. 无聊话
effrontery,n. 厚颜无耻
vermin,n. 害虫
disburse,v. 支付
virile,adj. 男性的 n. (Virile)人名
ascendant,n. 优势 adj. 上升的
discomfit,v. 挫败
appertain,v. 属于
stymie,v. 从中作梗，阻挠 n. 妨碍球
torturous,adj. 折磨人的，痛苦的
racy,adj. 生动的 n. (Racy)人名
brandish,v. 挥舞 n. 挥舞
precedence,n. 优先
cursory,adj. 粗略的
forebode,v. 预示
outdo,v. 超过
dipper,n. 长柄勺
defraud,v. 欺骗
cupidity,n. 贪心，贪婪
retrench,v. 删除
antitoxin,n. 抗毒素
retaliate,v. 报复
stolid,adj. 迟钝的
exculpate,v. 开脱
accomplice,n. 同谋者，[法] 共犯
frizzle,v. 使卷缩 n. 卷发
unawares,adv. 不知不觉地
photon,n. [物] 光子
lascivious,adj. 好色的
seminary,n. 神学院
minnow,n. [鱼] 鲦鱼（一种小淡水鱼）
buttress,n. 扶壁 v. 支持
intoxicate,v. 使陶醉
numerator,n. 分子
gruesome,adj. 可怕的
divers,adj. 不同种类的，各式各样的 n. (Divers)人名
bygone,adj. 过去的 n. 过去的事
fawn,v. 奉承 n. 小鹿 adj. 浅黄褐色的
resumption,n. 恢复
besmirch,v. 弄污
vex,v. 使烦恼
intermit,v. 使中断
trickery,n. 欺骗
divest,v. 剥夺
censure,v. 责难，责备 n. 责难
dullard,n. 笨蛋
salubrious,adj. 清爽的
bass,n. 鲈鱼 adj. 低音的
unduly,adv. 过度地
grisly,adj. 可怕的
raucous,adj. 沙哑的
extenuate,v. 减轻
bane,n. 毒药
overwork,v. 工作过度 n. 过度工作
boatswain,n. 水手长
dissever,v. 使分离
peccant,adj. 犯罪的
effuse,v. 流出 adj. [植] 疏展的
derogate,v. 减损
cognizant,adj. 审理的
furlough,n. 休假 v. 准假
blatant,adj. 喧嚣的
subjection,n. 隶属
rebuff,n. 断然拒绝 v. 断然拒绝
aerate,v. 充气
miasma,n. 瘴气
bile,n. 胆汁
auricular,adj. 耳的
bilk,v. 欺骗，诈骗 n. 诈骗
credo,n. 信条，教义
blight,n. 枯萎病 v. 破坏
gallant,adj. 英勇的，勇敢的 n. (Gallant)人名
vocative,adj. 呼格的 n. 呼格
homily,n. 说教
derange,v. 扰乱
timorous,adj. 胆怯的
indistinct,adj. 模糊的，不清楚的
impenitent,n. 顽固的人 adj. 顽固的
witchcraft,n. 巫术
foible,n. 弱点
pseudonym,n. 笔名
botanize,v. 研究植物 n. 研究并采集植物
knighthood,n. 骑士
shrubbery,n. 灌木
habitable,adj. 可居住的
acne,n. [皮肤] 痤疮，[皮肤] 粉刺
troubadour,n. 行吟诗人
undersize,adj. 不够大的 n. 尺寸不足
audacious,adj. 无畏的
redound,v. 有助于
wile,vt. 欺骗，诱骗 n. 诡计，阴谋
maudlin,adj. 感情脆弱的 n. 伤感
reproof,n. 责备
luminary,n. 发光体
secretive,adj. 秘密的
reconsider,v. 重新考虑
wily,adj. 狡猾的 n. (Wily)人名
compliant,adj. 顺从的
debacle,n. 崩溃
entangle,v. 使纠缠
lecherous,adj. 好色的
beatitude,n. 祝福
quip,n. 妙语 v. 嘲弄
dexterity,n. 灵巧
perplexing,adj. 复杂的，令人费解的
macabre,adj. 可怕的
introvert,v. 使内向 n. 内向的人
ardor,n. 热情
vendor,n. 卖主
acme,n. 顶点，极点
gainsay,v. 反驳 n. 否认
littoral,adj. 沿海的 n. 沿海地区（等于litora）
auricle,n. 耳廓
asexual,adj. [生物] 无性的
debunk,v. 揭穿
embroil,v. 使卷入
aforesaid,adj. 前述的，上述的
peerless,adj. 无与伦比的
tirade,n. 激烈的长篇演说
acerbic,adj. 尖刻的（等于acerb）
laconic,adj. 简洁的，简明的
anterior,adj. 前面的
affray,n. 滋事
alto,n. 女低音 adj. 中音部的
interpose,v. 提出（异议等）
anemometer,n. 风力计，[气象] 风速计
munificent,adj. 慷慨的
bawl,v. 大叫 n. 叫骂声
blazon,v. 宣布 n. 纹章
laggard,adj. 落后的 n. 落后者
excoriate,v. 严厉的责难
subterfuge,n. 托词
bungle,v. 笨手笨脚地做 n. 粗劣
drudgery,n. 苦工，苦差事
disclaim,v. 否认，拒绝
enrapture,v. 使狂喜
baldness,n. 光秃
abject,adj. 卑鄙的
vertigo,n. 晕头转向，[临床] 眩晕
beset,v. 困扰
battalion,n. 营，军营
stupendous,adj. 惊人的
barring,prep. 除非 v. 阻拦（bar的ing形式） n. (Barring)人名
fickle,adj. 浮躁的
gnash,v. 咬牙切齿 n. 咬
ignoble,adj. 不光彩的
vexation,n. 苦恼
insensate,adj. 无感觉的
narcissism,n. [心理] 自恋，自我陶醉
expatriate,v. 使移居国外 n. 被流放者 adj. 移居国外的
resurgent,adj. 复活的 n. 复活者
apposite,adj. 适当的
remission,n. 缓解
kismet,n. 天命
pedestal,n. 基架，基座 vt. 搁在台上
unsavoury,adj. 难吃的
autumnal,adj. 秋天的
litigious,adj. 好诉讼的
orifice,n. [机] 孔口
progeny,n. 子孙
coy,adj. 腼腆的 vi. 忸怩作态 vt. 爱抚 n. (Coy)人名
discretion,n. 自由裁量权
somnolent,adj. 催眠的，想睡的
devious,adj. 偏僻的
dauntless,adj. 无畏的
vehement,adj. 激烈的，猛烈的
scribe,n. 抄写员 v. 写下，记下
ambrosial,adj. 特别美味的
prankster,n. 爱开玩笑的人
christen,v. 为…命名 n. (Christen)人名
hirsute,adj. 多毛的
arrant,adj. 极恶的
glycerol,n. [有化] 甘油
telepathy,n. 心灵感应
contrition,n. 痛悔
unilateral,adj. 单边的
vernal,adj. 春天的
callow,adj. 年轻而无经验的 n. (Callow)人名
avocation,n. 副业
precession,n. 岁差（等于precession of the equinoxes）
purgatory,n. 炼狱 adj. 涤罪的（等于purgative）
felonious,adj. 凶恶的
trapezoid,n. [数] 梯形 adj. 梯形的
dissimilar,adj. 不同的
brokerage,n. 佣金
prolix,adj. 冗长的
jocular,adj. 爱开玩笑的
betrothal,n. 订婚
stimulant,n. [药] 兴奋剂 adj. 激励的
outcast,n. 流浪的人 adj. 被遗弃的
educe,v. 引出
loathe,v. 讨厌，厌恶
judicious,adj. 明智的
anarchy,n. 无政府状态
miscreant,adj. 异端的 n. 异端
parentage,n. 出身
torpid,adj. 迟钝的，迟缓的
pandemic,adj. （疾病等）（全国、全球i）流行的 n. 流行性疾病
gusto,n. 爱好
zealot,n. 狂热者
gibber,v. 喋喋而言 n. 三棱石
furrow,n. 皱纹 v. 犁
ravenous,adj. 贪婪的
bale,n. 包 v. 将打包
levity,n. 多变
overleap,v. 越过
fractious,adj. 易怒的
parochial,adj. 教区的
insensible,adj. 昏迷的
endurable,adj. 能忍耐的
transitory,adj. 短暂的，暂时的
unkempt,adj. 蓬乱的，不整洁的
ferocious,adj. 残忍的
manometer,n. 压力计
proscribe,v. 剥夺……的公权
beatify,v. 行宣福礼
veneer,n. 外表 v. 胶合
pellucid,adj. 透明的
blase,adj. 玩厌了的，厌烦于享乐的 n. (Blase)人名
veracious,adj. 诚实的
purport,v. 声称 n. 意义，主旨
palpable,adj. 明显的
kinsfolk,n. 亲属
regimen,n. [医] 养生法
Calvinism,n. 加尔文主义
hesitation,n. 犹豫
berth,n. 卧铺 v. 使……停泊
evict,v. 驱逐
punitive,adj. 惩罚性的
tremor,n. [医] 震颤
conduit,n. [电] 导管
pyre,n. 火葬用的柴堆
duplicity,n. 口是心非
supplicant,n. 恳求者，乞求者
tutorship,n. 辅导
capitulate,v. 认输，屈服
despotic,adj. 暴虐的，暴君的
jubilation,n. 喜欢
upbraid,v. 责骂
appendage,n. 附加物
averse,adj. 反对的
ingratiate,v. 使迎合
perjure,v. 作伪证
affluence,n. 富裕
emaciated,adj. 瘦弱的 v. 憔悴
collage,n. 抽象拚贴画（用报纸、布、压平的花等碎片拼合而成的） vt. 把…创作成拼贴画，拼贴
unveil,v. 使公之于众，揭开
fraternal,adj. 兄弟般的
repine,v. 抱怨
debase,v. 降低 n. (Debase)人名
heinous,adj. 可憎的
distressed,adj. 痛苦的 v. 使痛苦
supplicate,v. 恳求，哀求
ossify,v. 骨化
ablution,n. 洗礼
squalid,adj. 肮脏的
colloquial,adj. 白话的
impale,v. 刺穿
reclusive,adj. 隐居的
jingoism,n. 侵略主义
collier,n. 矿工
brooch,n. （女用的）胸针，领针
arguable,adj. 可论证的
natal,adj. 出生的 n. (Natal)人名
abnegate,v. 放弃
nadir,n. 最低点，最底点
foretell,v. 预言
irate,adj. 生气的
curmudgeon,n. 脾气坏的人，乖戾的人
endue,v. 授予，赋予
ruinous,adj. 破坏性的，毁灭性的
hundredth,adj. 第一百的 n. 第一百，第一百个
acerbity,n. 酸，涩
swerve,v. 转弯 n. 转向
coagulate,v. 使…凝结
biped,adj. 有两足的 n. 两足动物
tenacious,adj. 顽强的
assuage,v. 平息
recreant,n. 懦夫 adj. 胆小的
pompous,adj. 自大的
antiquary,n. 古文物研究者
clothier,n. 衣庄
bronchus,n. 支气管
glamorize,v. 美化
bethink,v. 想起，忆起
desultory,adj. 断断续续的
inspiring,adj. 鼓舞人心的 v. 鼓舞
animadvert,v. 批判
extortion,n. 勒索
amorphous,adj. 无定形的
semiannual,adj. 一年两次的
vagabond,adj. 流浪的 n. 流浪者 v. 到处流浪
indiscreet,adj. 轻率的
valorous,adj. 勇敢的
apposition,n. 并置，同格
beguile,v. 欺骗
amorous,adj. 多情的
amok,adv. 狂乱地 adj. 杀人狂的
commingle,v. 使混合
cacophony,n. 刺耳的音调
prowess,n. 英勇
wearisome,adj. 使疲倦的
abrade,v. 擦伤
politic,adj. 精明的 vi. 拉选票
armada,n. （西班牙的）无敌舰队
niggardly,adj. 小气的 adv. 小气地
velvety,adj. 天鹅绒般柔软的
vociferous,adj. 大声叫的
transpire,v. 发生
hemorrhage,n. [病理] 出血（等于haemorrhage） v. [病理] 出血
laud,v. 赞美 n. 赞美
betimes,adv. 及时，准时
recluse,n. 隐士 adj. 隐居的
subjacent,adj. 在底下的
studious,adj. 用功的
begrudge,v. 羡慕，嫉妒
judicature,n. 司法
gullible,adj. 易受骗的
whet,v. 刺激 n. 磨
lave,v. 洗 n. 剩余物
witling,n. 玩弄小聪明的人
embezzle,v. 盗用
kudos,n. 荣誉
chattel,n. 动产
tangential,adj. [数] 切线的，[数] 正切的 n. 正切，切线
comport,v. 行为
misstep,n. 失足 vi. 失足
felicity,n. 幸福
reprehend,v. 申斥 n. 责备
panacea,n. 灵丹妙药
bronchitis,n. [内科] 支气管炎
entreaty,n. 恳求
nebulous,adj. 朦胧的
bight,n. 海湾，绳圈
moo,v. 发出哞哞声 n. 牛叫声
quietus,n. 解除
salutary,adj. 有益的，有用的
aberration,n. 失常
juxtapose,v. 并列
recapture,v. 夺回 n. 夺回
browbeat,v. 恫吓，吓唬
explicate,v. 说明，解释
vivacity,n. 活泼
cabal,n. 阴谋（尤指政治上的） v. 策划阴谋
nuance,n. 细微差别
bedaub,v. 俗气地装饰
brae,n. 斜坡
transmute,v. 使变形
bray,v. 叫 n. 驴叫声
hydroxide,n. [无化] 氢氧化物
boisterous,adj. 喧闹的
venal,adj. 贪污的 n. (Venal)人名
overdose,v. 配药过量 n. 药量过多（等于overdosage）
solace,n. 安慰 v. 安慰
harangue,n. 长篇大论 v. 向…滔滔不绝地演讲
transience,n. 短暂
impassive,adj. 冷漠的
phlegmatic,adj. 冷淡的
pyromania,n. 放火狂
galore,adv. 丰富地 adj. 丰富的
bumptious,adj. 傲慢的
nefarious,adj. 邪恶的
pillory,v. 给…上颈手枷 n. 示众
incisive,adj. 深刻的
aspirant,n. 有抱负的人 adj. 上进的
gloat,v. 幸灾乐祸 n. 幸灾乐祸
vortex,n. [航][流] 涡流
admonition,n. 警告
cholera,n. [内科] 霍乱
cadence,n. 节奏
elude,v. 逃避，躲避
coagulant,n. [建][化工] 促凝剂
reverent,adj. 虔诚的
sinister,adj. 阴险的
dilatory,adj. 拖拉的
behold,v. 看 int. 瞧
pipette,n. 移液管 vt. 用移液器吸取
celibate,n. 独身者 adj. 独身的
brevity,n. 简洁，简短
malignancy,n. 恶性（肿瘤等）
habitude,n. 习俗
proctor,n. 代理人 v. 监督
impotent,adj. 无力的
regnant,adj. 统治的
extrude,v. 挤出，压出
acquired,adj. [医] 后天的 v. 取得
alchemy,n. 点金术
mastermind,v. 策划 n. 优秀策划者
corporal,adj. 肉体的，身体的 n. 下士
blaspheme,v. 亵渎
aeronaut,n. 飞船或气球驾驶员
aerosol,n. [物化] 气溶胶 adj. 喷雾的
spartan,adj. 斯巴达的 n. 斯巴达人
inveigh,v. 痛骂
plebeian,adj. 平民的 n. 平民
remorse,n. 懊悔
imprudent,adj. 轻率的，鲁莽的
cooling,adj. 冷却的 n. 冷却
dais,n. 讲台
redolent,adj. 芬芳的
spurious,adj. 假的
misnomer,n. 用词不当
antiseptic,adj. 防腐的，抗菌的 n. 防腐剂，抗菌剂
queasy,adj. 呕吐的
catabolism,n. [生化] 分解代谢
bide,v. 等待
surrogate,n. 代理 vt. 代理 adj. 代理的
esophagus,n. [解剖] 食管
dissemble,v. 掩饰，掩盖
appellate,adj. 上诉的
psychic,adj. 精神的 n. 灵媒
scapegoat,n. 替罪羊，替人顶罪者 vt. 使成为…的替罪羊
conjecture,n. 推测 v. 推测
steadfast,adj. 坚定的
depreciate,v. 使贬值
unisonous,adj. 同音的
assiduity,n. 勤勉
composure,n. 镇静
forgery,n. 伪造
insinuate,v. 暗示
clientele,n. 客户
AluminumAl,n.  铝
overstride,v.  跨过， 超过， 越过
marriages,n. marriage 的复数形式
tuesdays,n. tuesday 的复数形式
cancelled,v. cancel 的过去式
cancelling,v. cancel 的现在分词
grandparents,n. grandparent 的复数形式
giraffes,n. giraffe 的复数形式
monitored,v. monitor 的过去式
monitoring,v. monitor 的现在分词
dialogues,n. dialogue 的复数形式
geographies,n. geography 的复数形式
advised,v. advise 的过去式
advising,v. advise 的现在分词
festivals,n. festival 的复数形式
rabbits,n. rabbit 的复数形式
purses,n. purse 的复数形式
blackboards,n. blackboard 的复数形式
servants,n. servant 的复数形式
discovered,v. discover 的过去式
discovering,v. discover 的现在分词
cokes,n. coke 的复数形式
conversations,n. conversation 的复数形式
stomachs,n. stomach 的复数形式
hometowns,n. hometown 的复数形式
collected,v. collect 的过去式
collecting,v. collect 的现在分词
concerts,n. concert 的复数形式
centred,v. centre 的过去式
centring,v. centre 的现在分词
drivers,n. driver 的复数形式
retelling,v. retell 的现在分词
holidays,n. holiday 的复数形式
airplanes,n. airplane 的复数形式
wednesdays,n. wednesday 的复数形式
tourists,n. tourist 的复数形式
queens,n. queen 的复数形式
kitchens,n. kitchen 的复数形式
kilos,n. kilo 的复数形式
vegetables,n. vegetable 的复数形式
examined,v. examine 的过去式
examining,v. examine 的现在分词
pioneers,n. pioneer 的复数形式
compares,n. compare 的复数形式
fridays,n. friday 的复数形式
visitors,n. visitor 的复数形式
augusts,n. august 的复数形式
connected,v. connect 的过去式
connecting,v. connect 的现在分词
prisoners,n. prisoner 的复数形式
sandwiches,n. sandwich 的复数形式
postcards,n. postcard 的复数形式
engineered,v. engineer 的过去式
engineering,v. engineer 的现在分词
keyboards,n. keyboard 的复数形式
drawers,n. drawer 的复数形式
passengers,n. passenger 的复数形式
tongues,n. tongue 的复数形式
basketballs,n. basketball 的复数形式
schoolbags,n. schoolbag 的复数形式
umbrellas,n. umbrella 的复数形式
volleyballs,n. volleyball 的复数形式
inventions,n. invention 的复数形式
compositions,n. composition 的复数形式
dismissed,v. dismiss 的过去式
dismissing,v. dismiss 的现在分词
crayons,n. crayon 的复数形式
streamed,v. stream 的过去式
streaming,v. stream 的现在分词
behaviours,n. behaviour 的复数形式
disturbed,v. disturb 的过去式
communications,n. communication 的复数形式
succeeded,v. succeed 的过去式
restaurants,n. restaurant 的复数形式
planets,n. planet 的复数形式
weathered,v. weather 的过去式
fetched,v. fetch 的过去式
fetching,v. fetch 的现在分词
environments,n. environment 的复数形式
afforded,v. afford 的过去式
affording,v. afford 的现在分词
jackets,n. jacket 的复数形式
addressed,v. address 的过去式
addressing,v. address 的现在分词
ponds,n. pond 的复数形式
vehicles,n. vehicle 的复数形式
sausages,n. sausage 的复数形式
februaries,n. february 的复数形式
quarters,n. quarter 的复数形式
machines,n. machine 的复数形式
lions,n. lion 的复数形式
licensed,v. license 的过去式
licensing,v. license 的现在分词
secretaries,n. secretary 的复数形式
supermarkets,n. supermarket 的复数形式
classrooms,n. classroom 的复数形式
sofas,n. sofa 的复数形式
postmans,n. postman 的复数形式
accidents,n. accident 的复数形式
introductions,n. introduction 的复数形式
dentists,n. dentist 的复数形式
butterflies,n. butterfly 的复数形式
illnesses,n. illness 的复数形式
swam,v. swimming 的过去式
noons,n. noon 的复数形式
newspapers,n. newspaper 的复数形式
discoveries,n. discovery 的复数形式
novembers,n. november 的复数形式
instructions,n. instruction 的复数形式
suppers,n. supper 的复数形式
fishermans,n. fisherman 的复数形式
counted,v. count 的过去式
counting,v. count 的现在分词
dictionaries,n. dictionary 的复数形式
pears,n. pear 的复数形式
pandas,n. panda 的复数形式
progressed,v. progress 的过去式
progressing,v. progress 的现在分词
zebras,n. zebra 的复数形式
promised,v. promise 的过去式
translated,v. translate 的过去式
translating,v. translate 的现在分词
shoulders,n. shoulder 的复数形式
strangers,n. stranger 的复数形式
watermelons,n. watermelon 的复数形式
ducks,n. duck 的复数形式
chesses,n. chess 的复数形式
discussions,n. discussion 的复数形式
lambs,n. lamb 的复数形式
populations,n. population 的复数形式
universities,n. university 的复数形式
silenced,v. silence 的过去式
silencing,v. silence 的现在分词
difficulties,n. difficulty 的复数形式
strawberries,n. strawberry 的复数形式
mondays,n. monday 的复数形式
pronouncing,v. pronounce 的现在分词
autumns,n. autumn 的复数形式
airlines,n. airline 的复数形式
robots,n. robot 的复数形式
symbols,n. symbol 的复数形式
weekends,n. weekend 的复数形式
dollars,n. dollar 的复数形式
erasers,n. eraser 的复数形式
showers,n. shower 的复数形式
raincoats,n. raincoat 的复数形式
regretted,v. regret 的过去式
regretting,v. regret 的现在分词
treasures,n. treasure 的复数形式
noodles,n. noodle 的复数形式
riddles,n. riddle 的复数形式
madams,n. madam 的复数形式
bathrooms,n. bathroom 的复数形式
goats,n. goat 的复数形式
toilets,n. toilet 的复数形式
encouraged,v. encourage 的过去式
encouraging,v. encourage 的现在分词
afternoons,n. afternoon 的复数形式
granddaughters,n. granddaughter 的复数形式
violins,n. violin 的复数形式
airports,n. airport 的复数形式
pencilling,v. pencil 的现在分词
surfaced,v. surface 的过去式
surfacing,v. surface 的现在分词
suggestions,n. suggestion 的复数形式
interviewed,v. interview 的过去式
interviewing,v. interview 的现在分词
chanted,v. chant 的过去式
chanting,v. chant 的现在分词
relations,n. relation 的复数形式
percents,n. percent 的复数形式
christmases,n. christmas 的复数形式
weekdays,n. weekday 的复数形式
aprils,n. april 的复数形式
balloons,n. balloon 的复数形式
biscuits,n. biscuit 的复数形式
frogs,n. frog 的复数形式
toothaches,n. toothache 的复数形式
packaged,v. package 的过去式
packaging,v. package 的现在分词
experienced,v. experience 的过去式
experiencing,v. experience 的现在分词
punished,v. punish 的过去式
punishing,v. punish 的现在分词
scientists,n. scientist 的复数形式
toothbrushes,n. toothbrush 的复数形式
ceilings,n. ceiling 的复数形式
meant,v. meaning 的过去式
evenings,n. evening 的复数形式
monkeyed,v. monkey 的过去式
monkeying,v. monkey 的现在分词
factories,n. factory 的复数形式
saturdays,n. saturday 的复数形式
troubled,v. trouble 的过去式
troubling,v. trouble 的现在分词
cabbages,n. cabbage 的复数形式
accented,v. accent 的过去式
accenting,v. accent 的现在分词
cinemas,n. cinema 的复数形式
influenced,v. influence 的过去式
influencing,v. influence 的现在分词
sundays,n. sunday 的复数形式
skated,v. skate 的过去式
skating,v. skate 的现在分词
excused,v. excuse 的过去式
excusing,v. excuse 的现在分词
grandsons,n. grandson 的复数形式
welcomed,v. welcome 的过去式
welcoming,v. welcome 的现在分词
tomatoes,n. tomato 的复数形式
kiting,v. kite 的现在分词
foreigners,n. foreigner 的复数形式
websites,n. website 的复数形式
pancakes,n. pancake 的复数形式
grannies,n. granny 的复数形式
telephones,n. telephone 的复数形式
grammars,n. grammar 的复数形式
heavens,n. heaven 的复数形式
bedrooms,n. bedroom 的复数形式
tigers,n. tiger 的复数形式
televisions,n. television 的复数形式
railways,n. railway 的复数形式
mirrored,v. mirror 的过去式
mirroring,v. mirror 的现在分词
dolls,n. doll 的复数形式
elephants,n. elephant 的复数形式
gentlemans,n. gentleman 的复数形式
vacations,n. vacation 的复数形式
scarves,n. scarf 的复数形式
developments,n. development 的复数形式
magazines,n. magazine 的复数形式
repaired,v. repair 的过去式
repairing,v. repair 的现在分词
victories,n. victory 的复数形式
competitions,n. competition 的复数形式
pockets,n. pocket 的复数形式
septembers,n. september 的复数形式
minutes,n. minute 的复数形式
improved,v. improve 的过去式
improving,v. improve 的现在分词
chairmans,n. chairman 的复数形式
governments,n. government 的复数形式
bamboos,n. bamboo 的复数形式
decembers,n. december 的复数形式
potatoes,n. potato 的复数形式
achieved,v. achieve 的过去式
achieving,v. achieve 的现在分词
cookers,n. cooker 的复数形式
notebooks,n. notebook 的复数形式
agreements,n. agreement 的复数形式
prevented,v. prevent 的过去式
preventing,v. prevent 的现在分词
handbags,n. handbag 的复数形式
januaries,n. january 的复数形式
octobers,n. october 的复数形式
hamburgers,n. hamburger 的复数形式
introduced,v. introduce 的过去式
introducing,v. introduce 的现在分词
rulers,n. ruler 的复数形式
pardons,n. pardon 的复数形式
grandchilds,n. grandchild 的复数形式
excited,v. excite 的过去式
supposed,v. suppose 的过去式
supposing,v. suppose 的现在分词
mentioned,v. mention 的过去式
mentioning,v. mention 的现在分词
motorcycles,n. motorcycle 的复数形式
rubbers,n. rubber 的复数形式
differences,n. difference 的复数形式
whales,n. whale 的复数形式
grapes,n. grape 的复数形式
communicated,v. communicate 的过去式
communicating,v. communicate 的现在分词
teachers,n. teacher 的复数形式
advertisements,n. advertisement 的复数形式
lemonades,n. lemonade 的复数形式
somebodies,n. somebody 的复数形式
experimented,v. experiment 的过去式
experimenting,v. experiment 的现在分词
passages,n. passage 的复数形式
ached,v. ache 的过去式
aching,v. ache 的现在分词
libraries,n. library 的复数形式
palaces,n. palace 的复数形式
mountains,n. mountain 的复数形式
playgrounds,n. playground 的复数形式
threaded,v. thread 的过去式
threading,v. thread 的现在分词
recorders,n. recorder 的复数形式
recited,v. recite 的过去式
reciting,v. recite 的现在分词
backgrounds,n. background 的复数形式
sentenced,v. sentence 的过去式
sentencing,v. sentence 的现在分词
kilometers,n. kilometer 的复数形式
temperatures,n. temperature 的复数形式
conferences,n. conference 的复数形式
praised,v. praise 的过去式
praising,v. praise 的现在分词
trained,v. training 的过去式
clones,n. clone 的复数形式
exercised,v. exercise 的过去式
exercising,v. exercise 的现在分词
villages,n. village 的复数形式
sweaters,n. sweater 的复数形式
thursdays,n. thursday 的复数形式
intentions,n. intention 的复数形式
mended,v. mend 的过去式
mending,v. mend 的现在分词
speakers,n. speaker 的复数形式
medicines,n. medicine 的复数形式
soldiers,n. soldier 的复数形式
picnics,n. picnic 的复数形式
invented,v. invent 的过去式
inventing,v. invent 的现在分词
passports,n. passport 的复数形式
pretended,v. pretend 的过去式
pretending,v. pretend 的现在分词
mysteries,n. mystery 的复数形式
photographed,v. photograph 的过去式
photographing,v. photograph 的现在分词
frustrated,v. frustrate 的过去式
frustrating,v. frustrate 的现在分词
creatures,n. creature 的复数形式
instruments,n. instrument 的复数形式
performed,v. perform 的过去式
performing,v. perform 的现在分词
concentrated,v. concentrate 的过去式
concentrating,v. concentrate 的现在分词
bulbs,n. bulb 的复数形式
understood,v. understand 的过去式
understanding,v. understand 的现在分词
conjunctions,n. conjunction 的复数形式
documentaries,n. documentary 的复数形式
peeled,v. peel 的过去式
peeling,v. peel 的现在分词
roses,n. rose 的复数形式
charities,n. charity 的复数形式
tutors,n. tutor 的复数形式
girlfriends,n. girlfriend 的复数形式
departments,n. department 的复数形式
exhibitions,n. exhibition 的复数形式
recycled,v. recycle 的过去式
recycling,v. recycle 的现在分词
offended,v. offend 的过去式
offending,v. offend 的现在分词
batteries,n. battery 的复数形式
tragedies,n. tragedy 的复数形式
fashions,n. fashion 的复数形式
avenues,n. avenue 的复数形式
marathons,n. marathon 的复数形式
districts,n. district 的复数形式
schoolworks,n. schoolwork 的复数形式
lifestyles,n. lifestyle 的复数形式
galleries,n. gallery 的复数形式
aliens,n. alien 的复数形式
wallets,n. wallet 的复数形式
appointments,n. appointment 的复数形式
opportunities,n. opportunity 的复数形式
attitudes,n. attitude 的复数形式
junks,n. junk 的复数形式
waiters,n. waiter 的复数形式
spotlights,n. spotlight 的复数形式
lookouts,n. lookout 的复数形式
adverbs,n. adverb 的复数形式
balanced,v. balance 的过去式
balancing,v. balance 的现在分词
cookies,n. cookie 的复数形式
baseballs,n. baseball 的复数形式
thieves,n. thief 的复数形式
barbecues,n. barbecue 的复数形式
cigarettes,n. cigarette 的复数形式
instances,n. instance 的复数形式
solutions,n. solution 的复数形式
combined,v. combine 的过去式
combining,v. combine 的现在分词
turtles,n. turtle 的复数形式
comedies,n. comedy 的复数形式
trashes,n. trash 的复数形式
natives,n. native 的复数形式
microwaves,n. microwave 的复数形式
structures,n. structure 的复数形式
writers,n. writer 的复数形式
theatres,n. theatre 的复数形式
associations,n. association 的复数形式
wolves,n. wolf 的复数形式
suitcases,n. suitcase 的复数形式
laboratories,n. laboratory 的复数形式
commented,v. comment 的过去式
commenting,v. comment 的现在分词
elevators,n. elevator 的复数形式
calculators,n. calculator 的复数形式
uniforms,n. uniform 的复数形式
opinions,n. opinion 的复数形式
commas,n. comma 的复数形式
theaters,n. theater 的复数形式
attendants,n. attendant 的复数形式
advantages,n. advantage 的复数形式
assistants,n. assistant 的复数形式
desserts,n. dessert 的复数形式
carrots,n. carrot 的复数形式
bicycles,n. bicycle 的复数形式
kangaroos,n. kangaroo 的复数形式
resolutions,n. resolution 的复数形式
educating,v. educate 的现在分词
posters,n. poster 的复数形式
throats,n. throat 的复数形式
symphonies,n. symphony 的复数形式
retired,v. retire 的过去式
retiring,v. retire 的现在分词
photos,n. photo 的复数形式
exchanged,v. exchange 的过去式
exchanging,v. exchange 的现在分词
behaved,v. behave 的过去式
behaving,v. behave 的现在分词
medals,n. medal 的复数形式
mistook,v. mistake 的过去式
mistaking,v. mistake 的现在分词
popcorns,n. popcorn 的复数形式
singers,n. singer 的复数形式
restrooms,n. restroom 的复数形式
sharks,n. shark 的复数形式
honored,v. honor 的过去式
honoring,v. honor 的现在分词
insects,n. insect 的复数形式
pronouns,n. pronoun 的复数形式
predicted,v. predict 的过去式
predicting,v. predict 的现在分词
chores,n. chore 的复数形式
semesters,n. semester 的复数形式
legends,n. legend 的复数形式
neighbors,n. neighbor 的复数形式
envelopes,n. envelope 的复数形式
helicopters,n. helicopter 的复数形式
donated,v. donate 的过去式
donating,v. donate 的现在分词
volunteered,v. volunteer 的过去式
volunteering,v. volunteer 的现在分词
distances,n. distance 的复数形式
pennies,n. penny 的复数形式
jungles,n. jungle 的复数形式
yins,n. yin 的复数形式
displayed,v. display 的过去式
displaying,v. display 的现在分词
criticized,v. criticize 的过去式
criticizing,v. criticize 的现在分词
autographs,n. autograph 的复数形式
talents,n. talent 的复数形式
phrases,n. phrase 的复数形式
yoghurts,n. yoghurt 的复数形式
forbade,v. forbid 的过去式
forbidding,v. forbid 的现在分词
albums,n. album 的复数形式
headaches,n. headache 的复数形式
surfed,v. surf 的过去式
surfing,v. surf 的现在分词
homelands,n. homeland 的复数形式
escalators,n. escalator 的复数形式
partners,n. partner 的复数形式
spiders,n. spider 的复数形式
disadvantages,n. disadvantage 的复数形式
complained,v. complain 的过去式
complaining,v. complain 的现在分词
refrigerators,n. refrigerator 的复数形式
costumes,n. costume 的复数形式
hallways,n. hallway 的复数形式
verbs,n. verb 的复数形式
parrots,n. parrot 的复数形式
cupboards,n. cupboard 的复数形式
meters,n. meter 的复数形式
predictions,n. prediction 的复数形式
recipes,n. recipe 的复数形式
rockets,n. rocket 的复数形式
injured,v. injure 的过去式
injuring,v. injure 的现在分词
froze,v. freeze 的过去式
provinces,n. province 的复数形式
bookcases,n. bookcase 的复数形式
zigzags,n. zigzag 的复数形式
dormitories,n. dormitory 的复数形式
teenagers,n. teenager 的复数形式
calendars,n. calendar 的复数形式
garages,n. garage 的复数形式
slippers,n. slipper 的复数形式
subways,n. subway 的复数形式
disliked,v. dislike 的过去式
disliking,v. dislike 的现在分词
colas,n. cola 的复数形式
accessories,n. accessory 的复数形式
shampoos,n. shampoo 的复数形式
yogurts,n. yogurt 的复数形式
musicians,n. musician 的复数形式
impressed,v. impress 的过去式
impressing,v. impress 的现在分词
emotions,n. emotion 的复数形式
etiquettes,n. etiquette 的复数形式
queues,n. queue 的复数形式
monsters,n. monster 的复数形式
earthquakes,n. earthquake 的复数形式
purposes,n. purpose 的复数形式
organized,v. organize 的过去式
organizing,v. organize 的现在分词
satisfied,v. satisfy 的过去式
satisfying,v. satisfy 的现在分词
challenged,v. challenge 的过去式
challenging,v. challenge 的现在分词
preferences,n. preference 的复数形式
rewrote,v. rewrite 的过去式
rewriting,v. rewrite 的现在分词
simplified,v. simplify 的过去式
simplifying,v. simplify 的现在分词
statesmans,n. statesman 的复数形式
frameworks,n. framework 的复数形式
compasses,n. compass 的复数形式
revisions,n. revision 的复数形式
hives,n. hive 的复数形式
contradicted,v. contradict 的过去式
contradicting,v. contradict 的现在分词
persuaded,v. persuade 的过去式
persuading,v. persuade 的现在分词
hawks,n. hawk 的复数形式
surrounded,v. surround 的过去式
surrounding,v. surround 的现在分词
hostesses,n. hostess 的复数形式
typewriters,n. typewriter 的复数形式
powders,n. powder 的复数形式
stewards,n. steward 的复数形式
suspensions,n. suspension 的复数形式
sunlights,n. sunlight 的复数形式
distributed,v. distribute 的过去式
distributing,v. distribute 的现在分词
straws,n. straw 的复数形式
bookstores,n. bookstore 的复数形式
hardships,n. hardship 的复数形式
physicists,n. physicist 的复数形式
lanterns,n. lantern 的复数形式
panicked,v. panic 的过去式
panicing,v. panic 的现在分词
disappeared,v. disappear 的过去式
disappearing,v. disappear 的现在分词
amused,v. amuse 的过去式
shuttles,n. shuttle 的复数形式
published,v. publish 的过去式
publishing,v. publish 的现在分词
viewers,n. viewer 的复数形式
anxieties,n. anxiety 的复数形式
terrified,v. terrify 的过去式
terrifying,v. terrify 的现在分词
disappointed,v. disappoint 的过去式
exploded,v. explode 的过去式
exploding,v. explode 的现在分词
salaries,n. salary 的复数形式
cyclists,n. cyclist 的复数形式
comrades,n. comrade 的复数形式
worned,v. worn 的过去式
worning,v. worn 的现在分词
carpenters,n. carpenter 的复数形式
captions,n. caption 的复数形式
civilians,n. civilian 的复数形式
envied,v. envy 的过去式
envying,v. envy 的现在分词
grasped,v. grasp 的过去式
grasping,v. grasp 的现在分词
appearances,n. appearance 的复数形式
garments,n. garment 的复数形式
brooms,n. broom 的复数形式
glories,n. glory 的复数形式
liberations,n. liberation 的复数形式
steaks,n. steak 的复数形式
sailors,n. sailor 的复数形式
postages,n. postage 的复数形式
mommies,n. mommy 的复数形式
bathed,v. bathe 的过去式
bathing,v. bathe 的现在分词
beancurds,n. beancurd 的复数形式
washrooms,n. washroom 的复数形式
leftovers,n. leftover 的复数形式
catholics,n. catholic 的复数形式
jeeps,n. jeep 的复数形式
typists,n. typist 的复数形式
stadia,n. stadium 的复数形式
substituted,v. substitute 的过去式
substituting,v. substitute 的现在分词
carved,v. carve 的过去式
yelled,v. yell 的过去式
yelling,v. yell 的现在分词
resigned,v. resign 的过去式
resigning,v. resign 的现在分词
percentages,n. percentage 的复数形式
discouraged,v. discourage 的过去式
discouraging,v. discourage 的现在分词
needles,n. needle 的复数形式
attained,v. attain 的过去式
attaining,v. attain 的现在分词
fortunes,n. fortune 的复数形式
liberated,v. liberate 的过去式
liberating,v. liberate 的现在分词
librarians,n. librarian 的复数形式
discounted,v. discount 的过去式
discounting,v. discount 的现在分词
corrections,n. correction 的复数形式
pensions,n. pension 的复数形式
deposited,v. deposit 的过去式
depositing,v. deposit 的现在分词
modems,n. modem 的复数形式
purchased,v. purchase 的过去式
purchasing,v. purchase 的现在分词
organisers,n. organiser 的复数形式
chefs,n. chef 的复数形式
rollers,n. roller 的复数形式
appointed,v. appoint 的过去式
appointing,v. appoint 的现在分词
favoured,v. favour 的过去式
favouring,v. favour 的现在分词
pulses,n. pulse 的复数形式
funerals,n. funeral 的复数形式
competed,v. compete 的过去式
competing,v. compete 的现在分词
gallons,n. gallon 的复数形式
conducted,v. conduct 的过去式
conducting,v. conduct 的现在分词
emergencies,n. emergency 的复数形式
abandoned,v. abandon 的过去式
abandoning,v. abandon 的现在分词
documented,v. document 的过去式
documenting,v. document 的现在分词
quilts,n. quilt 的复数形式
teased,v. tease 的过去式
teasing,v. tease 的现在分词
paralleled,v. parallel 的过去式
paralleling,v. parallel 的现在分词
snacks,n. snack 的复数形式
followed,v. following 的过去式
seashells,n. seashell 的复数形式
explored,v. explore 的过去式
exploring,v. explore 的现在分词
microscopes,n. microscope 的复数形式
monuments,n. monument 的复数形式
directories,n. directory 的复数形式
warehoused,v. warehouse 的过去式
warehousing,v. warehouse 的现在分词
freeways,n. freeway 的复数形式
abolished,v. abolish 的过去式
abolishing,v. abolish 的现在分词
tensions,n. tension 的复数形式
saucers,n. saucer 的复数形式
packets,n. packet 的复数形式
failures,n. failure 的复数形式
apartments,n. apartment 的复数形式
consciences,n. conscience 的复数形式
ran,v. running 的过去式
appendices,n. appendix 的复数形式
frightened,v. frighten 的过去式
frightening,v. frighten 的现在分词
gowns,n. gown 的复数形式
exploited,v. exploit 的过去式
exploiting,v. exploit 的现在分词
intervals,n. interval 的复数形式
deadlines,n. deadline 的复数形式
stoves,n. stove 的复数形式
ripened,v. ripen 的过去式
ripening,v. ripen 的现在分词
insurances,n. insurance 的复数形式
teapots,n. teapot 的复数形式
canteens,n. canteen 的复数形式
fairnesses,n. fairness 的复数形式
behalfs,n. behalf 的复数形式
governed,v. govern 的过去式
governing,v. govern 的现在分词
dawns,n. dawn 的复数形式
skateboarded,v. skateboard 的过去式
skateboarding,v. skateboard 的现在分词
appreciated,v. appreciate 的过去式
appreciating,v. appreciate 的现在分词
diamonds,n. diamond 的复数形式
curtains,n. curtain 的复数形式
arched,v. arch 的过去式
arching,v. arch 的现在分词
breasts,n. breast 的复数形式
sleeves,n. sleeve 的复数形式
ticked,v. tick 的过去式
ticking,v. tick 的现在分词
drew,v. drawing 的过去式
barbers,n. barber 的复数形式
neighbours,n. neighbour 的复数形式
diagrams,n. diagram 的复数形式
functioned,v. function 的过去式
functioning,v. function 的现在分词
classified,v. classify 的过去式
classifying,v. classify 的现在分词
transformed,v. transform 的过去式
transforming,v. transform 的现在分词
kilometres,n. kilometre 的复数形式
ambassadors,n. ambassador 的复数形式
summaries,n. summary 的复数形式
moslems,n. moslem 的复数形式
adores,n. adore 的复数形式
handfuls,n. handful 的复数形式
republics,n. republic 的复数形式
drowned,v. drown 的过去式
drowning,v. drown 的现在分词
catalogues,n. catalogue 的复数形式
cubed,v. cube 的过去式
cubing,v. cube 的现在分词
wrinkled,v. wrinkle 的过去式
wrinkling,v. wrinkle 的现在分词
bookshops,n. bookshop 的复数形式
highways,n. highway 的复数形式
sicknesses,n. sickness 的复数形式
boycotted,v. boycott 的过去式
frosted,v. frost 的过去式
frosting,v. frost 的现在分词
helmets,n. helmet 的复数形式
housewives,n. housewife 的复数形式
ownerships,n. ownership 的复数形式
howled,v. howl 的过去式
howling,v. howl 的现在分词
settlers,n. settler 的复数形式
bridegrooms,n. bridegroom 的复数形式
rainbows,n. rainbow 的复数形式
spaceships,n. spaceship 的复数形式
deeds,n. deed 的复数形式
grandmas,n. grandma 的复数形式
physicians,n. physician 的复数形式
hillsides,n. hillside 的复数形式
britains,n. britain 的复数形式
mourned,v. mourn 的过去式
mourning,v. mourn 的现在分词
marbles,n. marble 的复数形式
ferries,n. ferry 的复数形式
merchants,n. merchant 的复数形式
athletes,n. athlete 的复数形式
worms,n. worm 的复数形式
shopkeepers,n. shopkeeper 的复数形式
surpluses,n. surplus 的复数形式
fibres,n. fibre 的复数形式
translators,n. translator 的复数形式
adventures,n. adventure 的复数形式
devoted,v. devote 的过去式
devoting,v. devote 的现在分词
components,n. component 的复数形式
generations,n. generation 的复数形式
minorities,n. minority 的复数形式
actresses,n. actress 的复数形式
birthplaces,n. birthplace 的复数形式
nieces,n. niece 的复数形式
mainlands,n. mainland 的复数形式
personnels,n. personnel 的复数形式
collars,n. collar 的复数形式
ancestors,n. ancestor 的复数形式
majorities,n. majority 的复数形式
sunrises,n. sunrise 的复数形式
tibets,n. tibet 的复数形式
tractors,n. tractor 的复数形式
firewoods,n. firewood 的复数形式
ecologies,n. ecology 的复数形式
gravities,n. gravity 的复数形式
overlooked,v. overlook 的过去式
overlooking,v. overlook 的现在分词
mosquitoes,n. mosquito 的复数形式
wandered,v. wander 的过去式
wandering,v. wander 的现在分词
shored,v. shore 的过去式
shoring,v. shore 的现在分词
decorated,v. decorate 的过去式
decorating,v. decorate 的现在分词
judgements,n. judgement 的复数形式
assessments,n. assessment 的复数形式
eagles,n. eagle 的复数形式
customers,n. customer 的复数形式
evaluated,v. evaluate 的过去式
evaluating,v. evaluate 的现在分词
switched,v. switch 的过去式
switching,v. switch 的现在分词
pyramids,n. pyramid 的复数形式
tablets,n. tablet 的复数形式
minerals,n. mineral 的复数形式
dinosaurs,n. dinosaur 的复数形式
swallowed,v. swallow 的过去式
swallowing,v. swallow 的现在分词
teamworks,n. teamwork 的复数形式
melons,n. melon 的复数形式
dustbins,n. dustbin 的复数形式
calculated,v. calculate 的过去式
calculating,v. calculate 的现在分词
snowballs,n. snowball 的复数形式
downloaded,v. download 的过去式
downloading,v. download 的现在分词
pined,v. pine 的过去式
pining,v. pine 的现在分词
astonished,v. astonish 的过去式
astonishing,v. astonish 的现在分词
canals,n. canal 的复数形式
daylights,n. daylight 的复数形式
clinics,n. clinic 的复数形式
painters,n. painter 的复数形式
salesgirls,n. salesgirl 的复数形式
roasted,v. roast 的过去式
roasting,v. roast 的现在分词
scarred,v. scar 的过去式
scarring,v. scar 的现在分词
paperworks,n. paperwork 的复数形式
appetites,n. appetite 的复数形式
buddhisms,n. buddhism 的复数形式
necklaces,n. necklace 的复数形式
impressions,n. impression 的复数形式
spat,v. spit 的过去式
spitting,v. spit 的现在分词
banged,v. bang 的过去式
banging,v. bang 的现在分词
travelers,n. traveler 的复数形式
squeezes,n. squeeze 的复数形式
pests,n. pest 的复数形式
telegrams,n. telegram 的复数形式
sculptures,n. sculpture 的复数形式
miniskirts,n. miniskirt 的复数形式
colleagues,n. colleague 的复数形式
herbs,n. herb 的复数形式
zippers,n. zipper 的复数形式
honoured,v. honour 的过去式
honouring,v. honour 的现在分词
organised,v. organise 的过去式
organising,v. organise 的现在分词
shavers,n. shaver 的复数形式
loaves,n. loaf 的复数形式
procedures,n. procedure 的复数形式
categories,n. category 的复数形式
airspaces,n. airspace 的复数形式
hammered,v. hammer 的过去式
hammering,v. hammer 的现在分词
perfumed,v. perfume 的过去式
perfuming,v. perfume 的现在分词
neckties,n. necktie 的复数形式
audiences,n. audience 的复数形式
measured,v. measure 的过去式
measuring,v. measure 的现在分词
outlined,v. outline 的过去式
outlining,v. outline 的现在分词
shaved,v. shave 的过去式
shaving,v. shave 的现在分词
smokers,n. smoker 的复数形式
swelled,v. swell 的过去式
swelling,v. swell 的现在分词
combs,n. comb 的复数形式
beasts,n. beast 的复数形式
allocated,v. allocate 的过去式
allocating,v. allocate 的现在分词
paragraphs,n. paragraph 的复数形式
corresponded,v. correspond 的过去式
corresponding,v. correspond 的现在分词
snowmans,n. snowman 的复数形式
nephews,n. nephew 的复数形式
aggressions,n. aggression 的复数形式
bonuses,n. bonus 的复数形式
circuses,n. circus 的复数形式
bounced,v. bounce 的过去式
bouncing,v. bounce 的现在分词
warned,v. warning 的过去式
rugbies,n. rugby 的复数形式
disobeyed,v. disobey 的过去式
disobeying,v. disobey 的现在分词
maids,n. maid 的复数形式
digested,v. digest 的过去式
digesting,v. digest 的现在分词
schoolmates,n. schoolmate 的复数形式
disagreed,v. disagree 的过去式
disagreeing,v. disagree 的现在分词
approved,v. approve 的过去式
approving,v. approve 的现在分词
mercies,n. mercy 的复数形式
hatched,v. hatch 的过去式
hatching,v. hatch 的现在分词
promoted,v. promote 的过去式
promoting,v. promote 的现在分词
abortions,n. abortion 的复数形式
sparrows,n. sparrow 的复数形式
mustards,n. mustard 的复数形式
turned,v. turning 的过去式
workmates,n. workmate 的复数形式
replaced,v. replace 的过去式
replacing,v. replace 的现在分词
eyesights,n. eyesight 的复数形式
trembled,v. tremble 的过去式
trembling,v. tremble 的现在分词
videophones,n. videophone 的复数形式
armchairs,n. armchair 的复数形式
submitted,v. submit 的过去式
submitting,v. submit 的现在分词
disasters,n. disaster 的复数形式
cheered,v. cheers 的过去式
cheering,v. cheers 的现在分词
botanies,n. botany 的复数形式
diving,v. dive 的现在分词
chairwomans,n. chairwoman 的复数形式
basements,n. basement 的复数形式
scheduled,v. schedule 的过去式
scheduling,v. schedule 的现在分词
architects,n. architect 的复数形式
walnuts,n. walnut 的复数形式
frights,n. fright 的复数形式
versions,n. version 的复数形式
concluded,v. conclude 的过去式
concluding,v. conclude 的现在分词
basins,n. basin 的复数形式
stopwatches,n. stopwatch 的复数形式
quizzes,n. quiz 的复数形式
rebuilt,v. rebuild 的过去式
rebuilding,v. rebuild 的现在分词
politicians,n. politician 的复数形式
containers,n. container 的复数形式
withdrew,v. withdraw 的过去式
withdrawing,v. withdraw 的现在分词
delivered,v. deliver 的过去式
delivering,v. deliver 的现在分词
balconies,n. balcony 的复数形式
vases,n. vase 的复数形式
resembled,v. resemble 的过去式
resembling,v. resemble 的现在分词
rewound,v. rewind 的过去式
rewinding,v. rewind 的现在分词
conductors,n. conductor 的复数形式
editions,n. edition 的复数形式
hibernated,v. hibernate 的过去式
hibernating,v. hibernate 的现在分词
peppers,n. pepper 的复数形式
decorations,n. decoration 的复数形式
broadcasting,v. broadcast 的现在分词
birdcages,n. birdcage 的复数形式
ambulances,n. ambulance 的复数形式
constructed,v. construct 的过去式
constructing,v. construct 的现在分词
diplomas,n. diploma 的复数形式
anchored,v. anchor 的过去式
anchoring,v. anchor 的现在分词
inlands,n. inland 的复数形式
academies,n. academy 的复数形式
chicks,n. chick 的复数形式
performers,n. performer 的复数形式
expenses,n. expense 的复数形式
metres,n. metre 的复数形式
institutes,n. institute 的复数形式
sneezed,v. sneeze 的过去式
sneezing,v. sneeze 的现在分词
specialists,n. specialist 的复数形式
phenomena,n. phenomenon 的复数形式
counters,n. counter 的复数形式
adjustments,n. adjustment 的复数形式
deserved,v. deserve 的过去式
deserving,v. deserve 的现在分词
aprons,n. apron 的复数形式
bandages,n. bandage 的复数形式
regulations,n. regulation 的复数形式
associated,v. associate 的过去式
associating,v. associate 的现在分词
detectives,n. detective 的复数形式
alcohols,n. alcohol 的复数形式
cigars,n. cigar 的复数形式
christians,n. christian 的复数形式
sympathies,n. sympathy 的复数形式
declared,v. declare 的过去式
declaring,v. declare 的现在分词
recommended,v. recommend 的过去式
recommending,v. recommend 的现在分词
addicting,v. addicted 的现在分词
scolds,n. scold 的复数形式
timetables,n. timetable 的复数形式
headlines,n. headline 的复数形式
volcanoes,n. volcano 的复数形式
motherlands,n. motherland 的复数形式
circuits,n. circuit 的复数形式
convinced,v. convince 的过去式
reporters,n. reporter 的复数形式
enquiries,n. enquiry 的复数形式
cuisines,n. cuisine 的复数形式
mixtures,n. mixture 的复数形式
litres,n. litre 的复数形式
typhoons,n. typhoon 的复数形式
peasants,n. peasant 的复数形式
rainfalls,n. rainfall 的复数形式
dimensions,n. dimension 的复数形式
formatted,v. format 的过去式
formatting,v. format 的现在分词
drilled,v. drill 的过去式
drilling,v. drill 的现在分词
opposing,v. oppose 的现在分词
consultants,n. consultant 的复数形式
nylons,n. nylon 的复数形式
statues,n. statue 的复数形式
witnesses,n. witness 的复数形式
compromised,v. compromise 的过去式
compromising,v. compromise 的现在分词
brochures,n. brochure 的复数形式
lorries,n. lorry 的复数形式
ladders,n. ladder 的复数形式
assumptions,n. assumption 的复数形式
wards,n. ward 的复数形式
spaghettis,n. spaghetti 的复数形式
porters,n. porter 的复数形式
offences,n. offence 的复数形式
weeding,v. weed 的现在分词
unfolded,v. unfold 的过去式
unfolding,v. unfold 的现在分词
lounges,n. lounge 的复数形式
straits,n. strait 的复数形式
suites,n. suite 的复数形式
arrows,n. arrow 的复数形式
attached,v. attach 的过去式
attaching,v. attach 的现在分词
fortnights,n. fortnight 的复数形式
exposed,v. expose 的过去式
exposing,v. expose 的现在分词
polluted,v. pollute 的过去式
polluting,v. pollute 的现在分词
cosies,n. cosy 的复数形式
shadows,n. shadow 的复数形式
continents,n. continent 的复数形式
roundabouts,n. roundabout 的复数形式
connections,n. connection 的复数形式
printers,n. printer 的复数形式
wrote,v. writing 的过去式
bled,v. bleed 的过去式
bleeding,v. bleed 的现在分词
kingdoms,n. kingdom 的复数形式
boated,v. boating 的过去式
tendencies,n. tendency 的复数形式
consumed,v. consume 的过去式
consuming,v. consume 的现在分词
refreshed,v. refresh 的过去式
grandpas,n. grandpa 的复数形式
butchers,n. butcher 的复数形式
vices,n. vice 的复数形式
breweries,n. brewery 的复数形式
cocks,n. cock 的复数形式
sacrificed,v. sacrifice 的过去式
sacrificing,v. sacrifice 的现在分词
collisions,n. collision 的复数形式
quarrels,n. quarrel 的复数形式
separations,n. separation 的复数形式
muttons,n. mutton 的复数形式
seagulls,n. seagull 的复数形式
evolutions,n. evolution 的复数形式
sharpened,v. sharpen 的过去式
sharpening,v. sharpen 的现在分词
ministries,n. ministry 的复数形式
sponsored,v. sponsor 的过去式
sponsoring,v. sponsor 的现在分词
reserving,v. reserve 的现在分词
corns,n. corn 的复数形式
arranged,v. arrange 的过去式
arranging,v. arrange 的现在分词
competences,n. competence 的复数形式
glasshouses,n. glasshouse 的复数形式
kilograms,n. kilogram 的复数形式
reviewers,n. reviewer 的复数形式
liberties,n. liberty 的复数形式
backaches,n. backache 的复数形式
occupations,n. occupation 的复数形式
underlined,v. underline 的过去式
underlining,v. underline 的现在分词
cowboys,n. cowboy 的复数形式
driers,n. drier 的复数形式
heard,v. hearing 的过去式
rewarded,v. reward 的过去式
signaled,v. signal 的过去式
signaling,v. signal 的现在分词
arguments,n. argument 的复数形式
scholars,n. scholar 的复数形式
declined,v. decline 的过去式
declining,v. decline 的现在分词
surgeons,n. surgeon 的复数形式
polished,v. polish 的过去式
polishing,v. polish 的现在分词
principles,n. principle 的复数形式
reputations,n. reputation 的复数形式
bellies,n. belly 的复数形式
bacons,n. bacon 的复数形式
poisoned,v. poison 的过去式
poisoning,v. poison 的现在分词
motorbikes,n. motorbike 的复数形式
embassies,n. embassy 的复数形式
graphs,n. graph 的复数形式
lasers,n. laser 的复数形式
entrances,n. entrance 的复数形式
omelettes,n. omelette 的复数形式
transported,v. transport 的过去式
transporting,v. transport 的现在分词
erupted,v. erupt 的过去式
erupting,v. erupt 的现在分词
emperors,n. emperor 的复数形式
bingos,n. bingo 的复数形式
operators,n. operator 的复数形式
apologies,n. apology 的复数形式
devotions,n. devotion 的复数形式
sheltered,v. shelter 的过去式
sheltering,v. shelter 的现在分词
barbershops,n. barbershop 的复数形式
midnights,n. midnight 的复数形式
additions,n. addition 的复数形式
weathermans,n. weatherman 的复数形式
permitted,v. permit 的过去式
permitting,v. permit 的现在分词
obtained,v. obtain 的过去式
obtaining,v. obtain 的现在分词
coloured,v. colour 的过去式
colouring,v. colour 的现在分词
acres,n. acre 的复数形式
waysides,n. wayside 的复数形式
requested,v. request 的过去式
requesting,v. request 的现在分词
absorbed,v. absorb 的过去式
absorbing,v. absorb 的现在分词
multiplied,v. multiply 的过去式
multiplying,v. multiply 的现在分词
cheques,n. cheque 的复数形式
tibetans,n. tibetan 的复数形式
temples,n. temple 的复数形式
parcels,n. parcel 的复数形式
flashlights,n. flashlight 的复数形式
candidates,n. candidate 的复数形式
traditions,n. tradition 的复数形式
overcame,v. overcome 的过去式
overcoming,v. overcome 的现在分词
advocated,v. advocate 的过去式
advocating,v. advocate 的现在分词
goodnesses,n. goodness 的复数形式
irrigations,n. irrigation 的复数形式
buffets,n. buffet 的复数形式
scanned,v. scan 的过去式
scanning,v. scan 的现在分词
anecdotes,n. anecdote 的复数形式
benches,n. bench 的复数形式
vests,n. vest 的复数形式
weaknesses,n. weakness 的复数形式
journeys,n. journey 的复数形式
chimneys,n. chimney 的复数形式
zoomed,v. zoom 的过去式
zooming,v. zoom 的现在分词
pianists,n. pianist 的复数形式
ballpoints,n. ballpoint 的复数形式
roosters,n. rooster 的复数形式
capsules,n. capsule 的复数形式
attractions,n. attraction 的复数形式
beehives,n. beehive 的复数形式
dusks,n. dusk 的复数形式
mottos,n. motto 的复数形式
skyscrapers,n. skyscraper 的复数形式
chemists,n. chemist 的复数形式
conveyed,v. convey 的过去式
conveying,v. convey 的现在分词
bathrobes,n. bathrobe 的复数形式
platforms,n. platform 的复数形式
confirmed,v. confirm 的过去式
confirming,v. confirm 的现在分词
scratched,v. scratch 的过去式
scratching,v. scratch 的现在分词
cleaners,n. cleaner 的复数形式
patented,v. patent 的过去式
patenting,v. patent 的现在分词
laboured,v. labour 的过去式
labouring,v. labour 的现在分词
textbooks,n. textbook 的复数形式
feathers,n. feather 的复数形式
foreheads,n. forehead 的复数形式
barriers,n. barrier 的复数形式
runners,n. runner 的复数形式
courtyards,n. courtyard 的复数形式
ballets,n. ballet 的复数形式
jewels,n. jewel 的复数形式
contained,v. contain 的过去式
containing,v. contain 的现在分词
comforted,v. comfort 的过去式
comforting,v. comfort 的现在分词
sessions,n. session 的复数形式
workdays,n. workday 的复数形式
inspired,v. inspire 的过去式
screamed,v. scream 的过去式
screaming,v. scream 的现在分词
agendas,n. agenda 的复数形式
assistances,n. assistance 的复数形式
outed,v. outing 的过去式
buddhists,n. buddhist 的复数形式
algebras,n. algebra 的复数形式
curricula,n. curriculum 的复数形式
razors,n. razor 的复数形式
universes,n. universe 的复数形式
attracted,v. attract 的过去式
attracting,v. attract 的现在分词
negotiated,v. negotiate 的过去式
negotiating,v. negotiate 的现在分词
feasts,n. feast 的复数形式
techniques,n. technique 的复数形式
referees,n. referee 的复数形式
policemans,n. policeman 的复数形式
memorized,v. memorize 的过去式
memorizing,v. memorize 的现在分词
educators,n. educator 的复数形式
wrestled,v. wrestle 的过去式
wrestling,v. wrestle 的现在分词
scored,v. scores 的过去式
scoring,v. scores 的现在分词
buckets,n. bucket 的复数形式
mushrooms,n. mushroom 的复数形式
receptions,n. reception 的复数形式
workforces,n. workforce 的复数形式
concepts,n. concept 的复数形式
insured,v. insure 的过去式
insuring,v. insure 的现在分词
radia,n. radium 的复数形式
heroines,n. heroine 的复数形式
commitments,n. commitment 的复数形式
recovered,v. recover 的过去式
recovering,v. recover 的现在分词
equalities,n. equality 的复数形式
consisted,v. consist 的过去式
consisting,v. consist 的现在分词
circulated,v. circulate 的过去式
circulating,v. circulate 的现在分词
nurseries,n. nursery 的复数形式
regarded,v. regards 的过去式
accomplished,v. accomplish 的过去式
accomplishing,v. accomplish 的现在分词
heaps,n. heap 的复数形式
cellars,n. cellar 的复数形式
fireplaces,n. fireplace 的复数形式
fluencies,n. fluency 的复数形式
survivals,n. survival 的复数形式
slaveries,n. slavery 的复数形式
explorers,n. explorer 的复数形式
admissions,n. admission 的复数形式
brunches,n. brunch 的复数形式
braveries,n. bravery 的复数形式
struggled,v. struggle 的过去式
struggling,v. struggle 的现在分词
relays,n. relay 的复数形式
satellites,n. satellite 的复数形式
haircuts,n. haircut 的复数形式
frictions,n. friction 的复数形式
moustaches,n. moustache 的复数形式
geese,n. goose 的复数形式
absences,n. absence 的复数形式
valleys,n. valley 的复数形式
choirs,n. choir 的复数形式
pillows,n. pillow 的复数形式
analyses,n. analysis 的复数形式
cassettes,n. cassette 的复数形式
laundries,n. laundry 的复数形式
decreased,v. decrease 的过去式
decreasing,v. decrease 的现在分词
inserted,v. insert 的过去式
inserting,v. insert 的现在分词
allowances,n. allowance 的复数形式
adaptations,n. adaptation 的复数形式
inventors,n. inventor 的复数形式
shopped,v. shopping 的过去式
forecasted,v. forecast 的过去式
forecasting,v. forecast 的现在分词
airmails,n. airmail 的复数形式
triangles,n. triangle 的复数形式
paddles,n. paddle 的复数形式
invitations,n. invitation 的复数形式
bathtubs,n. bathtub 的复数形式
delighting,v. delight 的现在分词
registered,v. register 的过去式
registering,v. register 的现在分词
opened,v. opening 的过去式
puzzles,n. puzzle 的复数形式
hurricanes,n. hurricane 的复数形式
apologized,v. apologize 的过去式
apologizing,v. apologize 的现在分词
spelled,v. spelling 的过去式
astronomies,n. astronomy 的复数形式
harboured,v. harbour 的过去式
harbouring,v. harbour 的现在分词
dictations,n. dictation 的复数形式
cathedrals,n. cathedral 的复数形式
respected,v. respect 的过去式
respecting,v. respect 的现在分词
expressions,n. expression 的复数形式
dioxides,n. dioxide 的复数形式
villagers,n. villager 的复数形式
guidances,n. guidance 的复数形式
referred,v. refer 的过去式
referring,v. refer 的现在分词
booths,n. booth 的复数形式
bookmarks,n. bookmark 的复数形式
walkmans,n. walkman 的复数形式
burials,n. burial 的复数形式
possessed,v. possess 的过去式
possessing,v. possess 的现在分词
drawbacks,n. drawback 的复数形式
databases,n. database 的复数形式
hunters,n. hunter 的复数形式
signatures,n. signature 的复数形式
accelerated,v. accelerate 的过去式
accelerating,v. accelerate 的现在分词
carbons,n. carbon 的复数形式
lifetimes,n. lifetime 的复数形式
instructed,v. instruct 的过去式
instructing,v. instruct 的现在分词
amusements,n. amusement 的复数形式
defenses,n. defense 的复数形式
accumulated,v. accumulate 的过去式
accumulating,v. accumulate 的现在分词
glared,v. glare 的过去式
glaring,v. glare 的现在分词
wept,v. weep 的过去式
weeping,v. weep 的现在分词
tombs,n. tomb 的复数形式
seized,v. seize 的过去式
seizing,v. seize 的现在分词
bungalows,n. bungalow 的复数形式
competitors,n. competitor 的复数形式
eyewitnesses,n. eyewitness 的复数形式
outputs,n. output 的复数形式
headmasters,n. headmaster 的复数形式
dashed,v. dash 的过去式
dashing,v. dash 的现在分词
ambitions,n. ambition 的复数形式
sharpeners,n. sharpener 的复数形式
bookshelfs,n. bookshelf 的复数形式
analyzed,v. analyze 的过去式
analyzing,v. analyze 的现在分词
outcomes,n. outcome 的复数形式
clarified,v. clarify 的过去式
clarifying,v. clarify 的现在分词
biographies,n. biography 的复数形式
employs,n. employ 的复数形式
prayers,n. prayer 的复数形式
greeted,v. greet 的过去式
greeting,v. greet 的现在分词
prayed,v. pray 的过去式
praying,v. pray 的现在分词
burdened,v. burden 的过去式
burdening,v. burden 的现在分词
advertised,v. advertise 的过去式
advertising,v. advertise 的现在分词
forgave,v. forgive 的过去式
forgiving,v. forgive 的现在分词
collections,n. collection 的复数形式
chokes,n. choke 的复数形式
geometries,n. geometry 的复数形式
carriages,n. carriage 的复数形式
storages,n. storage 的复数形式
childhoods,n. childhood 的复数形式
violated,v. violate 的过去式
violating,v. violate 的现在分词
restricted,v. restrict 的过去式
restricting,v. restrict 的现在分词
harvested,v. harvest 的过去式
harvesting,v. harvest 的现在分词
altitudes,n. altitude 的复数形式
trunks,n. trunk 的复数形式
trams,n. tram 的复数形式
prejudices,n. prejudice 的复数形式
dials,n. dial 的复数形式
varieties,n. variety 的复数形式
peaches,n. peach 的复数形式
alleys,n. alley 的复数形式
smogs,n. smog 的复数形式
survived,v. survive 的过去式
surviving,v. survive 的现在分词
stewardesses,n. stewardess 的复数形式
minibuses,n. minibus 的复数形式
arrivals,n. arrival 的复数形式
whistled,v. whistle 的过去式
whistling,v. whistle 的现在分词
fantasies,n. fantasy 的复数形式
aeroplanes,n. aeroplane 的复数形式
recognised,v. recognise 的过去式
recognising,v. recognise 的现在分词
spades,n. spade 的复数形式
saluted,v. salute 的过去式
saluting,v. salute 的现在分词
enterprises,n. enterprise 的复数形式
maples,n. maple 的复数形式
swords,n. sword 的复数形式
consulted,v. consult 的过去式
consulting,v. consult 的现在分词
preserved,v. preserve 的过去式
preserving,v. preserve 的现在分词
accountants,n. accountant 的复数形式
veals,n. veal 的复数形式
cautioned,v. caution 的过去式
cautioning,v. caution 的现在分词
fountains,n. fountain 的复数形式
bakeries,n. bakery 的复数形式
undertook,v. undertake 的过去式
undertaking,v. undertake 的现在分词
punctuated,v. punctuate 的过去式
punctuating,v. punctuate 的现在分词
carriers,n. carrier 的复数形式
quakes,n. quake 的复数形式
patterns,n. pattern 的复数形式
remarked,v. remark 的过去式
remarking,v. remark 的现在分词
savages,n. savage 的复数形式
novelists,n. novelist 的复数形式
assisted,v. assist 的过去式
assisting,v. assist 的现在分词
kettles,n. kettle 的复数形式
easters,n. easter 的复数形式
tournaments,n. tournament 的复数形式
whispered,v. whisper 的过去式
whispering,v. whisper 的现在分词
consensuses,n. consensus 的复数形式
middays,n. midday 的复数形式
virtues,n. virtue 的复数形式
glances,n. glance 的复数形式
conflicted,v. conflict 的过去式
conflicting,v. conflict 的现在分词
boxed,v. boxing 的过去式
tobaccos,n. tobacco 的复数形式
snatched,v. snatch 的过去式
snatching,v. snatch 的现在分词
tortoises,n. tortoise 的复数形式
informing,v. inform 的现在分词
frontiers,n. frontier 的复数形式
dined,v. dine 的过去式
fists,n. fist 的复数形式
divisions,n. division 的复数形式
amazed,v. amaze 的过去式
journalists,n. journalist 的复数形式
gestures,n. gesture 的复数形式
accompanied,v. accompany 的过去式
accompanying,v. accompany 的现在分词
subscribed,v. subscribe 的过去式
subscribing,v. subscribe 的现在分词
dilemmas,n. dilemma 的复数形式
stained,v. stain 的过去式
staining,v. stain 的现在分词
aluminia,n. aluminium 的复数形式
bachelors,n. bachelor 的复数形式
mailboxes,n. mailbox 的复数形式
accustoming,v. accustomed 的现在分词
acquiring,v. acquire 的现在分词
pineapples,n. pineapple 的复数形式
contributed,v. contribute 的过去式
contributing,v. contribute 的现在分词
identities,n. identity 的复数形式
observed,v. observe 的过去式
observing,v. observe 的现在分词
professions,n. profession 的复数形式
ceremonies,n. ceremony 的复数形式
sniffed,v. sniff 的过去式
sniffing,v. sniff 的现在分词
annoying,v. annoy 的现在分词
programmed,v. programme 的过去式
programming,v. programme 的现在分词
grocers,n. grocer 的复数形式
confused,v. confuse 的过去式
confusing,v. confuse 的现在分词
cottages,n. cottage 的复数形式
nursed,v. nursing 的过去式
compensated,v. compensate 的过去式
compensating,v. compensate 的现在分词
origins,n. origin 的复数形式
garlics,n. garlic 的复数形式
tailored,v. tailor 的过去式
tailoring,v. tailor 的现在分词
catered,v. cater 的过去式
catering,v. cater 的现在分词
centimetres,n. centimetre 的复数形式
telescopes,n. telescope 的复数形式
equipped,v. equip 的过去式
equipping,v. equip 的现在分词
idioms,n. idiom 的复数形式
incidents,n. incident 的复数形式
receipts,n. receipt 的复数形式
globes,n. globe 的复数形式
extensions,n. extension 的复数形式
rectangles,n. rectangle 的复数形式
sneakers,n. sneaker 的复数形式
enlarged,v. enlarge 的过去式
enlarging,v. enlarge 的现在分词
conclusions,n. conclusion 的复数形式
labourers,n. labourer 的复数形式
interrupted,v. interrupt 的过去式
interrupting,v. interrupt 的现在分词
atmospheres,n. atmosphere 的复数形式
commanded,v. command 的过去式
commanding,v. command 的现在分词
astronauts,n. astronaut 的复数形式
keepers,n. keeper 的复数形式
realities,n. reality 的复数形式
boundaries,n. boundary 的复数形式
cocoas,n. cocoa 的复数形式
sockets,n. socket 的复数形式
burglars,n. burglar 的复数形式
pedestrians,n. pedestrian 的复数形式
badmintons,n. badminton 的复数形式
postboxes,n. postbox 的复数形式
voyages,n. voyage 的复数形式
telegraphs,n. telegraph 的复数形式
swaps,n. swap 的复数形式
tissues,n. tissue 的复数形式
condemned,v. condemn 的过去式
condemning,v. condemn 的现在分词
bargained,v. bargain 的过去式
bargaining,v. bargain 的现在分词
starved,v. starve 的过去式
starving,v. starve 的现在分词
slaves,n. slave 的复数形式
adjusted,v. adjust 的过去式
adjusting,v. adjust 的现在分词
possessions,n. possession 的复数形式
blankets,n. blanket 的复数形式
graduates,n. graduate 的复数形式
inspected,v. inspect 的过去式
inspecting,v. inspect 的现在分词
protections,n. protection 的复数形式
fastened,v. fasten 的过去式
fastening,v. fasten 的现在分词
tankers,n. tanker 的复数形式
westerners,n. westerner 的复数形式
painted,v. painting 的过去式
advancing,v. advance 的现在分词
privileges,n. privilege 的复数形式
carpets,n. carpet 的复数形式
affections,n. affection 的复数形式
locusts,n. locust 的复数形式
beams,n. beam 的复数形式
embarrassing,v. embarrass 的现在分词
referenced,v. reference 的过去式
referencing,v. reference 的现在分词
eggplants,n. eggplant 的复数形式
tolerated,v. tolerate 的过去式
tolerating,v. tolerate 的现在分词
waitresses,n. waitress 的复数形式
suffered,v. suffering 的过去式
astronomers,n. astronomer 的复数形式
reuses,n. reuse 的复数形式
settlements,n. settlement 的复数形式
resisted,v. resist 的过去式
resisting,v. resist 的现在分词
playmates,n. playmate 的复数形式
thrillers,n. thriller 的复数形式
accuracies,n. accuracy 的复数形式
departures,n. departure 的复数形式
salesmans,n. salesman 的复数形式
choruses,n. chorus 的复数形式
trainers,n. trainer 的复数形式
punishments,n. punishment 的复数形式
parked,v. parking 的过去式
irrigated,v. irrigate 的过去式
irrigating,v. irrigate 的现在分词
deserting,v. desert 的现在分词
rescues,n. rescue 的复数形式
lectured,v. lecture 的过去式
lecturing,v. lecture 的现在分词
amateurs,n. amateur 的复数形式
workplaces,n. workplace 的复数形式
graduations,n. graduation 的复数形式
spears,n. spear 的复数形式
empires,n. empire 的复数形式
playrooms,n. playroom 的复数形式
fingernails,n. fingernail 的复数形式
assessed,v. assess 的过去式
assessing,v. assess 的现在分词
cartoons,n. cartoon 的复数形式
receivers,n. receiver 的复数形式
grilled,v. grill 的过去式
grilling,v. grill 的现在分词
softballs,n. softball 的复数形式
seaweeds,n. seaweed 的复数形式
rhymed,v. rhyme 的过去式
rhyming,v. rhyme 的现在分词
frenchmans,n. frenchman 的复数形式
socialisms,n. socialism 的复数形式
applicants,n. applicant 的复数形式
saleswomans,n. saleswoman 的复数形式
disabilities,n. disability 的复数形式
betrayed,v. betray 的过去式
betraying,v. betray 的现在分词
sunsets,n. sunset 的复数形式
brides,n. bride 的复数形式
cushions,n. cushion 的复数形式
squids,n. squid 的复数形式
missiles,n. missile 的复数形式
climates,n. climate 的复数形式
deleted,v. delete 的过去式
deleting,v. delete 的现在分词
orbited,v. orbit 的过去式
orbiting,v. orbit 的现在分词
communisms,n. communism 的复数形式
alphabets,n. alphabet 的复数形式
strengthened,v. strengthen 的过去式
strengthening,v. strengthen 的现在分词
reflected,v. reflect 的过去式
reflecting,v. reflect 的现在分词
prohibited,v. prohibit 的过去式
prohibiting,v. prohibit 的现在分词
financed,v. finance 的过去式
financing,v. finance 的现在分词
revolutions,n. revolution 的复数形式
troops,n. troop 的复数形式
squirrels,n. squirrel 的复数形式
differed,v. differ 的过去式
differing,v. differ 的现在分词
seamans,n. seaman 的复数形式
bishops,n. bishop 的复数形式
refusals,n. refusal 的复数形式
defences,n. defence 的复数形式
approvals,n. approval 的复数形式
directions,n. direction 的复数形式
aluminums,n. aluminum 的复数形式
pavements,n. pavement 的复数形式
symptoms,n. symptom 的复数形式
barked,v. bark 的过去式
barking,v. bark 的现在分词
taxpayers,n. taxpayer 的复数形式
groceries,n. grocery 的复数形式
hesitated,v. hesitate 的过去式
hesitating,v. hesitate 的现在分词
widows,n. widow 的复数形式
shrinking,v. shrink 的现在分词
pesticides,n. pesticide 的复数形式
trolleybuses,n. trolleybus 的复数形式
seminars,n. seminar 的复数形式
practised,v. practise 的过去式
practising,v. practise 的现在分词
paradoxes,n. paradox 的复数形式
standpoints,n. standpoint 的复数形式
flaws,n. flaw 的复数形式
obstacles,n. obstacle 的复数形式
specialized,v. specialize 的过去式
specializing,v. specialize 的现在分词
startled,v. startle 的过去式
emissions,n. emission 的复数形式
awarenesses,n. awareness 的复数形式
exhausted,v. exhaust 的过去式
exhausting,v. exhaust 的现在分词
subsidized,v. subsidize 的过去式
subsidizing,v. subsidize 的现在分词
incidences,n. incidence 的复数形式
underwent,v. undergo 的过去式
undergoing,v. undergo 的现在分词
recessions,n. recession 的复数形式
triumphs,n. triumph 的复数形式
detections,n. detection 的复数形式
aviated,v. aviate 的过去式
aviating,v. aviate 的现在分词
relieving,v. relieve 的现在分词
generosities,n. generosity 的复数形式
columns,n. column 的复数形式
inquired,v. inquire 的过去式
inquiring,v. inquire 的现在分词
adversities,n. adversity 的复数形式
technicians,n. technician 的复数形式
hindered,v. hinder 的过去式
hindering,v. hinder 的现在分词
selections,n. selection 的复数形式
exposures,n. exposure 的复数形式
contrasted,v. contrast 的过去式
contrasting,v. contrast 的现在分词
cruelties,n. cruelty 的复数形式
threatened,v. threaten 的过去式
threatening,v. threaten 的现在分词
renewed,v. renew 的过去式
renewing,v. renew 的现在分词
takeoffs,n. takeoff 的复数形式
dropouts,n. dropout 的复数形式
imitated,v. imitate 的过去式
imitating,v. imitate 的现在分词
ingredients,n. ingredient 的复数形式
revenues,n. revenue 的复数形式
tumors,n. tumor 的复数形式
swayed,v. sway 的过去式
swaying,v. sway 的现在分词
soared,v. soar 的过去式
soaring,v. soar 的现在分词
embraced,v. embrace 的过去式
embracing,v. embrace 的现在分词
privacies,n. privacy 的复数形式
distracting,v. distract 的现在分词
yielded,v. yield 的过去式
yielding,v. yield 的现在分词
contacted,v. contact 的过去式
contacting,v. contact 的现在分词
simplicities,n. simplicity 的复数形式
enrollments,n. enrollment 的复数形式
enriched,v. enrich 的过去式
enriching,v. enrich 的现在分词
consented,v. consent 的过去式
consenting,v. consent 的现在分词
utilities,n. utility 的复数形式
interpreted,v. interpret 的过去式
interpreting,v. interpret 的现在分词
initiated,v. initiate 的过去式
initiating,v. initiate 的现在分词
enabled,v. enable 的过去式
enabling,v. enable 的现在分词
overcharged,v. overcharge 的过去式
overcharging,v. overcharge 的现在分词
shortcuts,n. shortcut 的复数形式
densities,n. density 的复数形式
spheres,n. sphere 的复数形式
margins,n. margin 的复数形式
dictators,n. dictator 的复数形式
diversities,n. diversity 的复数形式
enrolled,v. enroll 的过去式
enrolling,v. enroll 的现在分词
quotations,n. quotation 的复数形式
invaded,v. invade 的过去式
invading,v. invade 的现在分词
strained,v. strain 的过去式
straining,v. strain 的现在分词
rearranged,v. rearrange 的过去式
rearranging,v. rearrange 的现在分词
vanished,v. vanish 的过去式
vanishing,v. vanish 的现在分词
caregivers,n. caregiver 的复数形式
overwhelmed,v. overwhelm 的过去式
overwhelming,v. overwhelm 的现在分词
eliminated,v. eliminate 的过去式
eliminating,v. eliminate 的现在分词
retirements,n. retirement 的复数形式
elements,n. element 的复数形式
assignments,n. assignment 的复数形式
disputed,v. dispute 的过去式
disputing,v. dispute 的现在分词
esteems,n. esteem 的复数形式
lessened,v. lessen 的过去式
lessening,v. lessen 的现在分词
penalties,n. penalty 的复数形式
socialized,v. socialize 的过去式
socializing,v. socialize 的现在分词
bureaus,n. bureau 的复数形式
perceived,v. perceive 的过去式
perceiving,v. perceive 的现在分词
innovations,n. innovation 的复数形式
formulated,v. formulate 的过去式
formulating,v. formulate 的现在分词
publicized,v. publicize 的过去式
publicizing,v. publicize 的现在分词
criticisms,n. criticism 的复数形式
clues,n. clue 的复数形式
griefs,n. grief 的复数形式
resistances,n. resistance 的复数形式
installed,v. install 的过去式
installing,v. install 的现在分词
pledges,n. pledge 的复数形式
exiles,n. exile 的复数形式
rendered,v. render 的过去式
rendering,v. render 的现在分词
traits,n. trait 的复数形式
reframed,v. reframe 的过去式
reframing,v. reframe 的现在分词
donations,n. donation 的复数形式
specified,v. specify 的过去式
specifying,v. specify 的现在分词
complemented,v. complement 的过去式
complementing,v. complement 的现在分词
homemakers,n. homemaker 的复数形式
exceptions,n. exception 的复数形式
triggered,v. trigger 的过去式
triggering,v. trigger 的现在分词
estimated,v. estimate 的过去式
estimating,v. estimate 的现在分词
downsized,v. downsize 的过去式
downsizing,v. downsize 的现在分词
genders,n. gender 的复数形式
complaints,n. complaint 的复数形式
implemented,v. implement 的过去式
implementing,v. implement 的现在分词
scopes,n. scope 的复数形式
critics,n. critic 的复数形式
advocators,n. advocator 的复数形式
transferred,v. transfer 的过去式
transferring,v. transfer 的现在分词
anticipated,v. anticipate 的过去式
anticipating,v. anticipate 的现在分词
qualified,v. qualify 的过去式
qualifying,v. qualify 的现在分词
emergences,n. emergence 的复数形式
merited,v. merit 的过去式
meriting,v. merit 的现在分词
forums,n. forum 的复数形式
therapies,n. therapy 的复数形式
creativities,n. creativity 的复数形式
contexts,n. context 的复数形式
occasions,n. occasion 的复数形式
initiatives,n. initiative 的复数形式
insights,n. insight 的复数形式
loyalties,n. loyalty 的复数形式
objections,n. objection 的复数形式
assigned,v. assign 的过去式
assigning,v. assign 的现在分词
excluded,v. exclude 的过去式
excluding,v. exclude 的现在分词
evaluations,n. evaluation 的复数形式
irritated,v. irritate 的过去式
irritating,v. irritate 的现在分词
missions,n. mission 的复数形式
migrations,n. migration 的复数形式
skyrocketed,v. skyrocket 的过去式
skyrocketing,v. skyrocket 的现在分词
enhanced,v. enhance 的过去式
enhancing,v. enhance 的现在分词
integrities,n. integrity 的复数形式
inquiries,n. inquiry 的复数形式
attendances,n. attendance 的复数形式
retails,n. retail 的复数形式
inspectors,n. inspector 的复数形式
endurances,n. endurance 的复数形式
boosted,v. boost 的过去式
boosting,v. boost 的现在分词
misguiding,v. misguide 的现在分词
foundations,n. foundation 的复数形式
prevailed,v. prevail 的过去式
counselled,v. counsel 的过去式
counselling,v. counsel 的现在分词
reinforced,v. reinforce 的过去式
reinforcing,v. reinforce 的现在分词
tuitions,n. tuition 的复数形式
engagements,n. engagement 的复数形式
households,n. household 的复数形式
saints,n. saint 的复数形式
definitions,n. definition 的复数形式
mechanisms,n. mechanism 的复数形式
contests,n. contest 的复数形式
dominations,n. domination 的复数形式
curiosities,n. curiosity 的复数形式
induced,v. induce 的过去式
inducing,v. induce 的现在分词
located,v. locate 的过去式
locating,v. locate 的现在分词
tightened,v. tighten 的过去式
tightening,v. tighten 的现在分词
footholds,n. foothold 的复数形式
discharged,v. discharge 的过去式
discharging,v. discharge 的现在分词
conformed,v. conform 的过去式
conforming,v. conform 的现在分词
recharged,v. recharge 的过去式
recharging,v. recharge 的现在分词
frowned,v. frown 的过去式
frowning,v. frown 的现在分词
originated,v. originate 的过去式
originating,v. originate 的现在分词
prospects,n. prospect 的复数形式
incentives,n. incentive 的复数形式
cultivated,v. cultivate 的过去式
cultivating,v. cultivate 的现在分词
persuasions,n. persuasion 的复数形式
undermined,v. undermine 的过去式
undermining,v. undermine 的现在分词
fatigues,n. fatigue 的复数形式
endangering,v. endanger 的现在分词
inflated,v. inflate 的过去式
inflating,v. inflate 的现在分词
exaggerated,v. exaggerate 的过去式
exaggerating,v. exaggerate 的现在分词
illustrated,v. illustrate 的过去式
illustrating,v. illustrate 的现在分词
overflowed,v. overflow 的过去式
overflowing,v. overflow 的现在分词
fantasized,v. fantasize 的过去式
fantasizing,v. fantasize 的现在分词
generated,v. generate 的过去式
generating,v. generate 的现在分词
particles,n. particle 的复数形式
reproduced,v. reproduce 的过去式
reproducing,v. reproduce 的现在分词
worsened,v. worsen 的过去式
worsening,v. worsen 的现在分词
feedbacks,n. feedback 的复数形式
motivated,v. motivate 的过去式
motivating,v. motivate 的现在分词
compelled,v. compel 的过去式
revised,v. revise 的过去式
revising,v. revise 的现在分词
dampened,v. dampen 的过去式
dampening,v. dampen 的现在分词
prosperities,n. prosperity 的复数形式
humanities,n. humanity 的复数形式
pursued,v. pursue 的过去式
pursuing,v. pursue 的现在分词
innovated,v. innovate 的过去式
innovating,v. innovate 的现在分词
explosions,n. explosion 的复数形式
guidelines,n. guideline 的复数形式
dishwashers,n. dishwasher 的复数形式
dictated,v. dictate 的过去式
dictating,v. dictate 的现在分词
prospered,v. prosper 的过去式
prospering,v. prosper 的现在分词
retreated,v. retreat 的过去式
retreating,v. retreat 的现在分词
insulted,v. insult 的过去式
insulting,v. insult 的现在分词
neglected,v. neglect 的过去式
neglecting,v. neglect 的现在分词
inclined,v. incline 的过去式
inclining,v. incline 的现在分词
assets,n. asset 的复数形式
overtook,v. overtake 的过去式
overtaking,v. overtake 的现在分词
emphasized,v. emphasize 的过去式
emphasizing,v. emphasize 的现在分词
lodged,v. lodge 的过去式
surpassed,v. surpass 的过去式
surpassing,v. surpass 的现在分词
aviations,n. aviation 的复数形式
distressing,v. distress 的现在分词
invested,v. invest 的过去式
investing,v. invest 的现在分词
liabilities,n. liability 的复数形式
restored,v. restore 的过去式
restoring,v. restore 的现在分词
refined,v. refine 的过去式
refining,v. refine 的现在分词
complied,v. comply 的过去式
complying,v. comply 的现在分词
provoked,v. provoke 的过去式
provoking,v. provoke 的现在分词
lobbied,v. lobby 的过去式
lobbying,v. lobby 的现在分词
startups,n. startup 的复数形式
endured,v. endure 的过去式
enduring,v. endure 的现在分词
assemblies,n. assembly 的复数形式
opponents,n. opponent 的复数形式
confronted,v. confront 的过去式
confronting,v. confront 的现在分词
attributed,v. attribute 的过去式
attributing,v. attribute 的现在分词
grids,n. grid 的复数形式
highlighted,v. highlight 的过去式
highlighting,v. highlight 的现在分词
justifying,v. justify 的现在分词
proposals,n. proposal 的复数形式
advisories,n. advisory 的复数形式
derived,v. derive 的过去式
deriving,v. derive 的现在分词
priorities,n. priority 的复数形式
symbolized,v. symbolize 的过去式
symbolizing,v. symbolize 的现在分词
intakes,n. intake 的复数形式
addictions,n. addiction 的复数形式
retrained,v. retrain 的过去式
retraining,v. retrain 的现在分词
evolved,v. evolve 的过去式
evolving,v. evolve 的现在分词
regulated,v. regulate 的过去式
regulating,v. regulate 的现在分词
retailers,n. retailer 的复数形式
programmers,n. programmer 的复数形式
admirations,n. admiration 的复数形式
makeups,n. makeup 的复数形式
assembled,v. assemble 的过去式
assembling,v. assemble 的现在分词
visibilities,n. visibility 的复数形式
chaps,n. chap 的复数形式
inadequacies,n. inadequacy 的复数形式
facilitated,v. facilitate 的过去式
facilitating,v. facilitate 的现在分词
reassessed,v. reassess 的过去式
reassessing,v. reassess 的现在分词
stimulated,v. stimulate 的过去式
stimulating,v. stimulate 的现在分词
fascinating,v. fascinate 的现在分词
durabilities,n. durability 的复数形式
constituted,v. constitute 的过去式
constituting,v. constitute 的现在分词
detected,v. detect 的过去式
detecting,v. detect 的现在分词
forefingers,n. forefinger 的复数形式
repaved,v. repave 的过去式
repaving,v. repave 的现在分词
downfalls,n. downfall 的复数形式
perceptions,n. perception 的复数形式
facilities,n. facility 的复数形式
proportions,n. proportion 的复数形式
hazards,n. hazard 的复数形式
undervalued,v. undervalue 的过去式
undervaluing,v. undervalue 的现在分词
fitnesses,n. fitness 的复数形式
protested,v. protest 的过去式
protesting,v. protest 的现在分词
refuelled,v. refuel 的过去式
refuelling,v. refuel 的现在分词
tackled,v. tackle 的过去式
tackling,v. tackle 的现在分词
dissatisfied,v. dissatisfy 的过去式
dissatisfying,v. dissatisfy 的现在分词
offenses,n. offense 的复数形式
weakened,v. weaken 的过去式
weakening,v. weaken 的现在分词
recruits,n. recruit 的复数形式
overstated,v. overstate 的过去式
overstating,v. overstate 的现在分词
restocked,v. restock 的过去式
restocking,v. restock 的现在分词
convicted,v. convict 的过去式
convicting,v. convict 的现在分词
deepened,v. deepen 的过去式
deepening,v. deepen 的现在分词
territories,n. territory 的复数形式
resolved,v. resolve 的过去式
resolving,v. resolve 的现在分词
amplified,v. amplify 的过去式
amplifying,v. amplify 的现在分词
dragons,n. dragon 的复数形式
aroused,v. arouse 的过去式
arousing,v. arouse 的现在分词
modified,v. modify 的过去式
modifying,v. modify 的现在分词
realms,n. realm 的复数形式
levers,n. lever 的复数形式
midsts,n. midst 的复数形式
ribbons,n. ribbon 的复数形式
conquered,v. conquer 的过去式
conquering,v. conquer 的现在分词
enthusiasms,n. enthusiasm 的复数形式
broods,n. brood 的复数形式
executed,v. execute 的过去式
executing,v. execute 的现在分词
concealed,v. conceal 的过去式
concealing,v. conceal 的现在分词
messengers,n. messenger 的复数形式
governors,n. governor 的复数形式
stung,v. sting 的过去式
stinging,v. sting 的现在分词
cabinets,n. cabinet 的复数形式
stacked,v. stack 的过去式
stacking,v. stack 的现在分词
emphases,n. emphasis 的复数形式
shortages,n. shortage 的复数形式
stretched,v. stretch 的过去式
stretching,v. stretch 的现在分词
patched,v. patch 的过去式
patching,v. patch 的现在分词
ornaments,n. ornament 的复数形式
hares,n. hare 的复数形式
brooks,n. brook 的复数形式
sympathized,v. sympathize 的过去式
sympathizing,v. sympathize 的现在分词
meadows,n. meadow 的复数形式
complicated,v. complicate 的过去式
complicating,v. complicate 的现在分词
gardeners,n. gardener 的复数形式
conversions,n. conversion 的复数形式
trumpets,n. trumpet 的复数形式
congresses,n. congress 的复数形式
frequencies,n. frequency 的复数形式
confessed,v. confess 的过去式
confessing,v. confess 的现在分词
inhabited,v. inhabit 的过去式
inhabiting,v. inhabit 的现在分词
turbines,n. turbine 的复数形式
contempts,n. contempt 的复数形式
dews,n. dew 的复数形式
palms,n. palm 的复数形式
moans,n. moan 的复数形式
barns,n. barn 的复数形式
rhythms,n. rhythm 的复数形式
shields,n. shield 的复数形式
clasps,n. clasp 的复数形式
cliffs,n. cliff 的复数形式
orphans,n. orphan 的复数形式
properties,n. property 的复数形式
suspicions,n. suspicion 的复数形式
orchestras,n. orchestra 的复数形式
berries,n. berry 的复数形式
banners,n. banner 的复数形式
marxisms,n. marxism 的复数形式
dripped,v. drip 的过去式
dripping,v. drip 的现在分词
germs,n. germ 的复数形式
bullets,n. bullet 的复数形式
condensed,v. condense 的过去式
condensing,v. condense 的现在分词
exerted,v. exert 的过去式
exerting,v. exert 的现在分词
steamers,n. steamer 的复数形式
formations,n. formation 的复数形式
dissolved,v. dissolve 的过去式
dissolving,v. dissolve 的现在分词
liners,n. liner 的复数形式
coils,n. coil 的复数形式
computed,v. compute 的过去式
computing,v. compute 的现在分词
alloys,n. alloy 的复数形式
suspended,v. suspend 的过去式
suspending,v. suspend 的现在分词
workmans,n. workman 的复数形式
leaderships,n. leadership 的复数形式
descended,v. descend 的过去式
descending,v. descend 的现在分词
fahrenheits,n. fahrenheit 的复数形式
lumbers,n. lumber 的复数形式
encountered,v. encounter 的过去式
encountering,v. encounter 的现在分词
composing,v. compose 的现在分词
drifted,v. drift 的过去式
drifting,v. drift 的现在分词
gliding,v. glide 的现在分词
drained,v. drain 的过去式
draining,v. drain 的现在分词
apparatuses,n. apparatus 的复数形式
prefaces,n. preface 的复数形式
adjectives,n. adjective 的复数形式
blooms,n. bloom 的复数形式
railroads,n. railroad 的复数形式
precisions,n. precision 的复数形式
deceits,n. deceit 的复数形式
doses,n. dose 的复数形式
groans,n. groan 的复数形式
fables,n. fable 的复数形式
trails,n. trail 的复数形式
meantimes,n. meantime 的复数形式
portions,n. portion 的复数形式
restraints,n. restraint 的复数形式
verified,v. verify 的过去式
verifying,v. verify 的现在分词
conquests,n. conquest 的复数形式
bristles,n. bristle 的复数形式
delegations,n. delegation 的复数形式
sulphurs,n. sulphur 的复数形式
appliances,n. appliance 的复数形式
inspections,n. inspection 的复数形式
ventured,v. venture 的过去式
venturing,v. venture 的现在分词
inputs,n. input 的复数形式
roared,v. roar 的过去式
roaring,v. roar 的现在分词
spoiled,v. spoil 的过去式
spoiling,v. spoil 的现在分词
pigeons,n. pigeon 的复数形式
trays,n. tray 的复数形式
diameters,n. diameter 的复数形式
glitters,n. glitter 的复数形式
infants,n. infant 的复数形式
conventions,n. convention 的复数形式
woke,v. waken 的过去式
waking,v. waken 的现在分词
stripes,n. stripe 的复数形式
inferred,v. infer 的过去式
inferring,v. infer 的现在分词
indications,n. indication 的复数形式
submarines,n. submarine 的复数形式
straps,n. strap 的复数形式
barrels,n. barrel 的复数形式
plunged,v. plunge 的过去式
plunging,v. plunge 的现在分词
philosophies,n. philosophy 的复数形式
thrived,v. thrive 的过去式
thriving,v. thrive 的现在分词
firemans,n. fireman 的复数形式
liars,n. liar 的复数形式
dairies,n. dairy 的复数形式
restrained,v. restrain 的过去式
restraining,v. restrain 的现在分词
observers,n. observer 的复数形式
canvases,n. canvas 的复数形式
oppressed,v. oppress 的过去式
oppressing,v. oppress 的现在分词
latins,n. latin 的复数形式
devised,v. devise 的过去式
devising,v. devise 的现在分词
fulfilled,v. fulfil 的过去式
fulfiling,v. fulfil 的现在分词
campuses,n. campus 的复数形式
compiled,v. compile 的过去式
compiling,v. compile 的现在分词
miracles,n. miracle 的复数形式
resumed,v. resume 的过去式
resuming,v. resume 的现在分词
breezes,n. breeze 的复数形式
residences,n. residence 的复数形式
geniuses,n. genius 的复数形式
axes,n. axis 的复数形式
successions,n. succession 的复数形式
gazed,v. gaze 的过去式
gazing,v. gaze 的现在分词
presences,n. presence 的复数形式
colonels,n. colonel 的复数形式
slitting,v. slit 的现在分词
despised,v. despise 的过去式
despising,v. despise 的现在分词
volts,n. volt 的复数形式
torches,n. torch 的复数形式
bubbled,v. bubble 的过去式
bubbling,v. bubble 的现在分词
uncovered,v. uncover 的过去式
uncovering,v. uncover 的现在分词
interiors,n. interior 的复数形式
disciplined,v. discipline 的过去式
disciplining,v. discipline 的现在分词
listeners,n. listener 的复数形式
fertilizers,n. fertilizer 的复数形式
donkeys,n. donkey 的复数形式
filtered,v. filter 的过去式
filtering,v. filter 的现在分词
crusts,n. crust 的复数形式
outlets,n. outlet 的复数形式
subtracted,v. subtract 的过去式
subtracting,v. subtract 的现在分词
outsets,n. outset 的复数形式
disguised,v. disguise 的过去式
disguising,v. disguise 的现在分词
shrieks,n. shriek 的复数形式
occurrences,n. occurrence 的复数形式
isolated,v. isolate 的过去式
isolating,v. isolate 的现在分词
supplemented,v. supplement 的过去式
supplementing,v. supplement 的现在分词
efficiencies,n. efficiency 的复数形式
comprised,v. comprise 的过去式
comprising,v. comprise 的现在分词
despairs,n. despair 的复数形式
enforced,v. enforce 的过去式
enforcing,v. enforce 的现在分词
grammes,n. gramme 的复数形式
displeased,v. displease 的过去式
displeasing,v. displease 的现在分词
certainties,n. certainty 的复数形式
magnets,n. magnet 的复数形式
hasted,v. hasten 的过去式
hasting,v. hasten 的现在分词
generators,n. generator 的复数形式
scattering,v. scatter 的现在分词
commanders,n. commander 的复数形式
limbs,n. limb 的复数形式
disposals,n. disposal 的复数形式
repetitions,n. repetition 的复数形式
locations,n. location 的复数形式
cements,n. cement 的复数形式
accessaries,n. accessary 的复数形式
omitted,v. omit 的过去式
omitting,v. omit 的现在分词
announcers,n. announcer 的复数形式
formulae,n. formula 的复数形式
lieutenants,n. lieutenant 的复数形式
utmosts,n. utmost 的复数形式
cooperated,v. cooperate 的过去式
cooperating,v. cooperate 的现在分词
grieved,v. grieve 的过去式
grieving,v. grieve 的现在分词
gymnasia,n. gymnasium 的复数形式
brims,n. brim 的复数形式
prescribed,v. prescribe 的过去式
prescribing,v. prescribe 的现在分词
relativities,n. relativity 的复数形式
brandies,n. brandy 的复数形式
beggars,n. beggar 的复数形式
colonies,n. colony 的复数形式
reservoirs,n. reservoir 的复数形式
ridges,n. ridge 的复数形式
exceeded,v. exceed 的过去式
exceeding,v. exceed 的现在分词
cabins,n. cabin 的复数形式
harnessed,v. harness 的过去式
harnessing,v. harness 的现在分词
organisms,n. organism 的复数形式
radii,n. radius 的复数形式
nuisances,n. nuisance 的复数形式
accordances,n. accordance 的复数形式
greenhouses,n. greenhouse 的复数形式
evaporated,v. evaporate 的过去式
evaporating,v. evaporate 的现在分词
faculties,n. faculty 的复数形式
capacities,n. capacity 的复数形式
knelt,v. kneel 的过去式
kneeling,v. kneel 的现在分词
crept,v. creep 的过去式
creeping,v. creep 的现在分词
spilled,v. spill 的过去式
spilling,v. spill 的现在分词
molecules,n. molecule 的复数形式
motions,n. motion 的复数形式
landlords,n. landlord 的复数形式
microphones,n. microphone 的复数形式
dorms,n. dorm 的复数形式
discarded,v. discard 的过去式
discarding,v. discard 的现在分词
exclaimed,v. exclaim 的过去式
exclaiming,v. exclaim 的现在分词
brows,n. brow 的复数形式
footsteps,n. footstep 的复数形式
boughs,n. bough 的复数形式
treaties,n. treaty 的复数形式
disposed,v. dispose 的过去式
disposing,v. dispose 的现在分词
brightened,v. brighten 的过去式
brightening,v. brighten 的现在分词
sulfurs,n. sulfur 的复数形式
beginners,n. beginner 的复数形式
slammed,v. slam 的过去式
decayed,v. decay 的过去式
decaying,v. decay 的现在分词
gunpowders,n. gunpowder 的复数形式
electrons,n. electron 的复数形式
limes,n. lime 的复数形式
coppers,n. copper 的复数形式
deliveries,n. delivery 的复数形式
cafes,n. cafe 的复数形式
payments,n. payment 的复数形式
flared,v. flare 的过去式
flaring,v. flare 的现在分词
modes,n. mode 的复数形式
infected,v. infect 的过去式
infecting,v. infect 的现在分词
linens,n. linen 的复数形式
gasolines,n. gasoline 的复数形式
deceived,v. deceive 的过去式
deceiving,v. deceive 的现在分词
voltages,n. voltage 的复数形式
dialogs,n. dialog 的复数形式
worshipping,v. worship 的现在分词
glimpses,n. glimpse 的复数形式
dialects,n. dialect 的复数形式
unloaded,v. unload 的过去式
unloading,v. unload 的现在分词
binding,v. bind 的现在分词
employees,n. employee 的复数形式
nuclei,n. nucleus 的复数形式
portraits,n. portrait 的复数形式
cords,n. cord 的复数形式
invasions,n. invasion 的复数形式
loosened,v. loosen 的过去式
loosening,v. loosen 的现在分词
cargos,n. cargo 的复数形式
plantations,n. plantation 的复数形式
immigrants,n. immigrant 的复数形式
glowed,v. glow 的过去式
glowing,v. glow 的现在分词
equations,n. equation 的复数形式
brasses,n. brass 的复数形式
proceeded,v. proceed 的过去式
expansions,n. expansion 的复数形式
honeymoons,n. honeymoon 的复数形式
proposed,v. propose 的过去式
proposing,v. propose 的现在分词
lawns,n. lawn 的复数形式
instincts,n. instinct 的复数形式
awaited,v. await 的过去式
awaiting,v. await 的现在分词
droughts,n. drought 的复数形式
miners,n. miner 的复数形式
transistors,n. transistor 的复数形式
knobs,n. knob 的复数形式
vitamins,n. vitamin 的复数形式
wrecked,v. wreck 的过去式
wrecking,v. wreck 的现在分词
chilled,v. chill 的过去式
chilling,v. chill 的现在分词
wove,v. weave 的过去式
weaving,v. weave 的现在分词
heirs,n. heir 的复数形式
exhibited,v. exhibit 的过去式
exhibiting,v. exhibit 的现在分词
millimetres,n. millimetre 的复数形式
crows,n. crow 的复数形式
behaviors,n. behavior 的复数形式
vessels,n. vessel 的复数形式
motives,n. motive 的复数形式
captured,v. capture 的过去式
capturing,v. capture 的现在分词
tempted,v. tempt 的过去式
corridors,n. corridor 的复数形式
durations,n. duration 的复数形式
moulds,n. mould 的复数形式
horsepowers,n. horsepower 的复数形式
disclosed,v. disclose 的过去式
disclosing,v. disclose 的现在分词
cowards,n. coward 的复数形式
trimmed,v. trim 的过去式
trimming,v. trim 的现在分词
vibrated,v. vibrate 的过去式
vibrating,v. vibrate 的现在分词
substances,n. substance 的复数形式
processions,n. procession 的复数形式
rifles,n. rifle 的复数形式
ounces,n. ounce 的复数形式
devils,n. devil 的复数形式
waggons,n. waggon 的复数形式
loops,n. loop 的复数形式
moistures,n. moisture 的复数形式
investments,n. investment 的复数形式
summarized,v. summarize 的过去式
summarizing,v. summarize 的现在分词
cigarets,n. cigaret 的复数形式
thicknesses,n. thickness 的复数形式
scraped,v. scrape 的过去式
bibles,n. bible 的复数形式
saddles,n. saddle 的复数形式
reactions,n. reaction 的复数形式
outlooks,n. outlook 的复数形式
reductions,n. reduction 的复数形式
nouns,n. noun 的复数形式
blended,v. blend 的过去式
blending,v. blend 的现在分词
gulfs,n. gulf 的复数形式
misters,n. mister 的复数形式
crawled,v. crawl 的过去式
crawling,v. crawl 的现在分词
dreads,n. dread 的复数形式
furnaces,n. furnace 的复数形式
accorded,v. accord 的过去式
petroleums,n. petroleum 的复数形式
veterans,n. veteran 的复数形式
collapsed,v. collapse 的过去式
collapsing,v. collapse 的现在分词
assured,v. assure 的过去式
assuring,v. assure 的现在分词
radars,n. radar 的复数形式
gauges,n. gauge 的复数形式
rusted,v. rust 的过去式
rusting,v. rust 的现在分词
automobiles,n. automobile 的复数形式
grinding,v. grind 的现在分词
excursions,n. excursion 的复数形式
horizons,n. horizon 的复数形式
proteins,n. protein 的复数形式
revolts,n. revolt 的复数形式
chambers,n. chamber 的复数形式
scouts,n. scout 的复数形式
layouts,n. layout 的复数形式
tortured,v. torture 的过去式
torturing,v. torture 的现在分词
shivered,v. shiver 的过去式
shivering,v. shiver 的现在分词
ratios,n. ratio 的复数形式
textiles,n. textile 的复数形式
employers,n. employer 的复数形式
vapours,n. vapour 的复数形式
civilizing,v. civilize 的现在分词
comparisons,n. comparison 的复数形式
bosoms,n. bosom 的复数形式
fleets,n. fleet 的复数形式
liters,n. liter 的复数形式
crystals,n. crystal 的复数形式
reflexions,n. reflexion 的复数形式
widened,v. widen 的过去式
widening,v. widen 的现在分词
amperes,n. ampere 的复数形式
blasted,v. blast 的过去式
blasting,v. blast 的现在分词
cloaks,n. cloak 的复数形式
mistresses,n. mistress 的复数形式
rotations,n. rotation 的复数形式
persisted,v. persist 的过去式
persisting,v. persist 的现在分词
automations,n. automation 的复数形式
variations,n. variation 的复数形式
reflections,n. reflection 的复数形式
removals,n. removal 的复数形式
fabrics,n. fabric 的复数形式
freights,n. freight 的复数形式
licked,v. lick 的过去式
licking,v. lick 的现在分词
thrusting,v. thrust 的现在分词
spurred,v. spur 的过去式
spurring,v. spur 的现在分词
curses,n. curse 的复数形式
penetrated,v. penetrate 的过去式
penetrating,v. penetrate 的现在分词
boasted,v. boast 的过去式
boasting,v. boast 的现在分词
lightened,v. lighten 的过去式
lightening,v. lighten 的现在分词
commissions,n. commission 的复数形式
converted,v. convert 的过去式
converting,v. convert 的现在分词
submerged,v. submerge 的过去式
submerging,v. submerge 的现在分词
soaked,v. soak 的过去式
soaking,v. soak 的现在分词
odours,n. odour 的复数形式
enclosed,v. enclose 的过去式
enclosing,v. enclose 的现在分词
disabling,v. disable 的现在分词
famines,n. famine 的复数形式
princesses,n. princess 的复数形式
provisions,n. provision 的复数形式
coordinated,v. coordinate 的过去式
coordinating,v. coordinate 的现在分词
horrors,n. horror 的复数形式
deduced,v. deduce 的过去式
deducing,v. deduce 的现在分词
acceptances,n. acceptance 的复数形式
recoveries,n. recovery 的复数形式
departed,v. depart 的过去式
departing,v. depart 的现在分词
cranes,n. crane 的复数形式
fractions,n. fraction 的复数形式
parades,n. parade 的复数形式
negros,n. negro 的复数形式
storeys,n. storey 的复数形式
muscles,n. muscle 的复数形式
imprisoned,v. imprison 的过去式
imprisoning,v. imprison 的现在分词
ghosts,n. ghost 的复数形式
bulls,n. bull 的复数形式
cucumbers,n. cucumber 的复数形式
sketches,n. sketch 的复数形式
halts,n. halt 的复数形式
sequences,n. sequence 的复数形式
rotated,v. rotate 的过去式
rotating,v. rotate 的现在分词
ploughs,n. plough 的复数形式
extents,n. extent 的复数形式
journals,n. journal 的复数形式
liquors,n. liquor 的复数形式
limitations,n. limitation 的复数形式
stooped,v. stoop 的过去式
stooping,v. stoop 的现在分词
parliaments,n. parliament 的复数形式
wolding,v. weld 的现在分词
cannons,n. cannon 的复数形式
mercuries,n. mercury 的复数形式
injections,n. injection 的复数形式
carts,n. cart 的复数形式
herds,n. herd 的复数形式
sportsmans,n. sportsman 的复数形式
intensities,n. intensity 的复数形式
violets,n. violet 的复数形式
landladies,n. landlady 的复数形式
bolts,n. bolt 的复数形式
murderers,n. murderer 的复数形式
inhabitants,n. inhabitant 的复数形式
velocities,n. velocity 的复数形式
crickets,n. cricket 的复数形式
precautions,n. precaution 的复数形式
agonies,n. agony 的复数形式
utilized,v. utilize 的过去式
utilizing,v. utilize 的现在分词
sexisms,n. sexism 的复数形式
christs,n. christ 的复数形式
draughts,n. draught 的复数形式
senators,n. senator 的复数形式
obligations,n. obligation 的复数形式
clauses,n. clause 的复数形式
deceptions,n. deception 的复数形式
solicitors,n. solicitor 的复数形式
deputies,n. deputy 的复数形式
alliances,n. alliance 的复数形式
wagons,n. wagon 的复数形式
sodas,n. soda 的复数形式
compassions,n. compassion 的复数形式
rallied,v. rally 的过去式
rallying,v. rally 的现在分词
pluralisms,n. pluralism 的复数形式
brackets,n. bracket 的复数形式
convictions,n. conviction 的复数形式
priests,n. priest 的复数形式
inferences,n. inference 的复数形式
heaves,n. heave 的复数形式
refugees,n. refugee 的复数形式
spokesmans,n. spokesman 的复数形式
suburbs,n. suburb 的复数形式
guitars,n. guitar 的复数形式
coupons,n. coupon 的复数形式
memberships,n. membership 的复数形式
newsstands,n. newsstand 的复数形式
landscapes,n. landscape 的复数形式
fairies,n. fairy 的复数形式
slaps,n. slap 的复数形式
breakdowns,n. breakdown 的复数形式
copyrights,n. copyright 的复数形式
charters,n. charter 的复数形式
viewpoints,n. viewpoint 的复数形式
scripts,n. script 的复数形式
internships,n. internship 的复数形式
estates,n. estate 的复数形式
rumours,n. rumour 的复数形式
radicals,n. radical 的复数形式
concessions,n. concession 的复数形式
accusations,n. accusation 的复数形式
notions,n. notion 的复数形式
segments,n. segment 的复数形式
summits,n. summit 的复数形式
connexions,n. connexion 的复数形式
protocols,n. protocol 的复数形式
cruises,n. cruise 的复数形式
cashiers,n. cashier 的复数形式
depressions,n. depression 的复数形式
gaols,n. gaol 的复数形式
applauses,n. applause 的复数形式
enquired,v. enquire 的过去式
enquiring,v. enquire 的现在分词
integrated,v. integrate 的过去式
integrating,v. integrate 的现在分词
survivors,n. survivor 的复数形式
clashes,n. clash 的复数形式
sanctions,n. sanction 的复数形式
youngsters,n. youngster 的复数形式
consumers,n. consumer 的复数形式
medications,n. medication 的复数形式
respondents,n. respondent 的复数形式
episodes,n. episode 的复数形式
scandals,n. scandal 的复数形式
attorneys,n. attorney 的复数形式
mainframes,n. mainframe 的复数形式
speculated,v. speculate 的过去式
speculating,v. speculate 的现在分词
epidemics,n. epidemic 的复数形式
excitements,n. excitement 的复数形式
nightmares,n. nightmare 的复数形式
sociologies,n. sociology 的复数形式
wildfires,n. wildfire 的复数形式
defied,v. defy 的过去式
defying,v. defy 的现在分词
servers,n. server 的复数形式
rustled,v. rustle 的过去式
rustling,v. rustle 的现在分词
diversions,n. diversion 的复数形式
merged,v. merge 的过去式
merging,v. merge 的现在分词
outnumbered,v. outnumber 的过去式
outnumbering,v. outnumber 的现在分词
supervisors,n. supervisor 的复数形式
fluctuated,v. fluctuate 的过去式
fluctuating,v. fluctuate 的现在分词
misfortunes,n. misfortune 的复数形式
citations,n. citation 的复数形式
diluted,v. dilute 的过去式
diluting,v. dilute 的现在分词
imbalances,n. imbalance 的复数形式
oppositions,n. opposition 的复数形式
displaced,v. displace 的过去式
displacing,v. displace 的现在分词
violations,n. violation 的复数形式
calories,n. calorie 的复数形式
scarcities,n. scarcity 的复数形式
recruiters,n. recruiter 的复数形式
reunions,n. reunion 的复数形式
conformities,n. conformity 的复数形式
inactions,n. inaction 的复数形式
monopolized,v. monopolize 的过去式
monopolizing,v. monopolize 的现在分词
workloads,n. workload 的复数形式
regimes,n. regime 的复数形式
upgraded,v. upgrade 的过去式
upgrading,v. upgrade 的现在分词
legalized,v. legalize 的过去式
legalizing,v. legalize 的现在分词
certified,v. certify 的过去式
certifying,v. certify 的现在分词
insurers,n. insurer 的复数形式
obscurities,n. obscurity 的复数形式
dolphins,n. dolphin 的复数形式
severities,n. severity 的复数形式
robberies,n. robbery 的复数形式
baffled,v. baffle 的过去式
baffling,v. baffle 的现在分词
milestones,n. milestone 的复数形式
collided,v. collide 的过去式
colliding,v. collide 的现在分词
prevalences,n. prevalence 的复数形式
designated,v. designate 的过去式
designating,v. designate 的现在分词
ventilated,v. ventilate 的过去式
ventilating,v. ventilate 的现在分词
expelled,v. expel 的过去式
expelling,v. expel 的现在分词
modernized,v. modernize 的过去式
modernizing,v. modernize 的现在分词
vegetarians,n. vegetarian 的复数形式
portrayed,v. portray 的过去式
portraying,v. portray 的现在分词
transcended,v. transcend 的过去式
transcending,v. transcend 的现在分词
kidnapped,v. kidnap 的过去式
kidnaping,v. kidnap 的现在分词
stabilized,v. stabilize 的过去式
stabilizing,v. stabilize 的现在分词
migrated,v. migrate 的过去式
migrating,v. migrate 的现在分词
isolations,n. isolation 的复数形式
monopolies,n. monopoly 的复数形式
contestants,n. contestant 的复数形式
permeated,v. permeate 的过去式
permeating,v. permeate 的现在分词
variances,n. variance 的复数形式
landmarks,n. landmark 的复数形式
lingered,v. linger 的过去式
lingering,v. linger 的现在分词
testified,v. testify 的过去式
testifying,v. testify 的现在分词
drummers,n. drummer 的复数形式
revived,v. revive 的过去式
reviving,v. revive 的现在分词
suppressed,v. suppress 的过去式
suppressing,v. suppress 的现在分词
diminished,v. diminish 的过去式
diminishing,v. diminish 的现在分词
reconciled,v. reconcile 的过去式
reconciling,v. reconcile 的现在分词
navigated,v. navigate 的过去式
navigating,v. navigate 的现在分词
discerned,v. discern 的过去式
discerning,v. discern 的现在分词
motels,n. motel 的复数形式
conserved,v. conserve 的过去式
conserving,v. conserve 的现在分词
payrolls,n. payroll 的复数形式
constrained,v. constrain 的过去式
constraining,v. constrain 的现在分词
soothed,v. soothe 的过去式
soothing,v. soothe 的现在分词
fixtures,n. fixture 的复数形式
scents,n. scent 的复数形式
subsidies,n. subsidy 的复数形式
smuggled,v. smuggle 的过去式
smuggling,v. smuggle 的现在分词
inhaled,v. inhale 的过去式
inhaling,v. inhale 的现在分词
clarities,n. clarity 的复数形式
interacted,v. interact 的过去式
interacting,v. interact 的现在分词
conferred,v. confer 的过去式
conferring,v. confer 的现在分词
perished,v. perish 的过去式
perishing,v. perish 的现在分词
rigors,n. rigor 的复数形式
adventurers,n. adventurer 的复数形式
quickened,v. quicken 的过去式
quickening,v. quicken 的现在分词
diverted,v. divert 的过去式
diverting,v. divert 的现在分词
contentions,n. contention 的复数形式
hijacked,v. hijack 的过去式
hijacking,v. hijack 的现在分词
dwellers,n. dweller 的复数形式
textures,n. texture 的复数形式
manuscripts,n. manuscript 的复数形式
ecosystems,n. ecosystem 的复数形式
regained,v. regain 的过去式
regaining,v. regain 的现在分词
spectacles,n. spectacle 的复数形式
mobilities,n. mobility 的复数形式
ascended,v. ascend 的过去式
ascending,v. ascend 的现在分词
addicts,n. addict 的复数形式
extinguished,v. extinguish 的过去式
extinguishing,v. extinguish 的现在分词
simulated,v. simulate 的过去式
simulating,v. simulate 的现在分词
counselors,n. counselor 的复数形式
assimilated,v. assimilate 的过去式
assimilating,v. assimilate 的现在分词
croplands,n. cropland 的复数形式
oriented,v. orient 的过去式
orienting,v. orient 的现在分词
accrued,v. accrue 的过去式
accruing,v. accrue 的现在分词
nominated,v. nominate 的过去式
nominating,v. nominate 的现在分词
disconnected,v. disconnect 的过去式
disconnecting,v. disconnect 的现在分词
asserted,v. assert 的过去式
asserting,v. assert 的现在分词
presidencies,n. presidency 的复数形式
quotas,n. quota 的复数形式
elevating,v. elevate 的现在分词
pastures,n. pasture 的复数形式
dividends,n. dividend 的复数形式
derailed,v. derail 的过去式
derailing,v. derail 的现在分词
ingenuities,n. ingenuity 的复数形式
bribed,v. bribe 的过去式
bribing,v. bribe 的现在分词
badges,n. badge 的复数形式
descendants,n. descendant 的复数形式
amended,v. amend 的过去式
amending,v. amend 的现在分词
overturned,v. overturn 的过去式
overturning,v. overturn 的现在分词
testimonies,n. testimony 的复数形式
lawsuits,n. lawsuit 的复数形式
eradicated,v. eradicate 的过去式
eradicating,v. eradicate 的现在分词
redefined,v. redefine 的过去式
redefining,v. redefine 的现在分词
deviated,v. deviate 的过去式
deviating,v. deviate 的现在分词
indulged,v. indulge 的过去式
indulging,v. indulge 的现在分词
squalors,n. squalor 的复数形式
casualties,n. casualty 的复数形式
prestiges,n. prestige 的复数形式
dispatched,v. dispatch 的过去式
dispatching,v. dispatch 的现在分词
deficits,n. deficit 的复数形式
distorted,v. distort 的过去式
distorting,v. distort 的现在分词
assaults,n. assault 的复数形式
footnotes,n. footnote 的复数形式
manifested,v. manifest 的过去式
manifesting,v. manifest 的现在分词
mortalities,n. mortality 的复数形式
literacies,n. literacy 的复数形式
apathies,n. apathy 的复数形式
debrises,n. debris 的复数形式
embodied,v. embody 的过去式
embodying,v. embody 的现在分词
backups,n. backup 的复数形式
readjusted,v. readjust 的过去式
readjusting,v. readjust 的现在分词
thresholds,n. threshold 的复数形式
donors,n. donor 的复数形式
jeopardized,v. jeopardize 的过去式
jeopardizing,v. jeopardize 的现在分词
illuminated,v. illuminate 的过去式
illuminating,v. illuminate 的现在分词
blueprints,n. blueprint 的复数形式
paradises,n. paradise 的复数形式
paved,v. pave 的过去式
paving,v. pave 的现在分词
signified,v. signify 的过去式
signifying,v. signify 的现在分词
rituals,n. ritual 的复数形式
descents,n. descent 的复数形式
carpentries,n. carpentry 的复数形式
decoded,v. decode 的过去式
decoding,v. decode 的现在分词
ideologies,n. ideology 的复数形式
laymans,n. layman 的复数形式
magnified,v. magnify 的过去式
magnifying,v. magnify 的现在分词
expeditions,n. expedition 的复数形式
overlapped,v. overlap 的过去式
overlapping,v. overlap 的现在分词
diligences,n. diligence 的复数形式
fertilities,n. fertility 的复数形式
visualized,v. visualize 的过去式
visualizing,v. visualize 的现在分词
exertions,n. exertion 的复数形式
promotions,n. promotion 的复数形式
paralyzed,v. paralyze 的过去式
paralyzing,v. paralyze 的现在分词
agonized,v. agonize 的过去式
agonizing,v. agonize 的现在分词
hypotheses,n. hypothesis 的复数形式
domains,n. domain 的复数形式
thrones,n. throne 的复数形式
abolitions,n. abolition 的复数形式
rebellions,n. rebellion 的复数形式
geologies,n. geology 的复数形式
extinctions,n. extinction 的复数形式
optimisms,n. optimism 的复数形式
memoranda,n. memorandum 的复数形式
imparted,v. impart 的过去式
imparting,v. impart 的现在分词
maturities,n. maturity 的复数形式
legislators,n. legislator 的复数形式
disarmed,v. disarm 的过去式
disarming,v. disarm 的现在分词
validations,n. validation 的复数形式
prioritized,v. prioritize 的过去式
prioritizing,v. prioritize 的现在分词
reluctances,n. reluctance 的复数形式
alleviated,v. alleviate 的过去式
alleviating,v. alleviate 的现在分词
aggravated,v. aggravate 的过去式
aggravating,v. aggravate 的现在分词
momenta,n. momentum 的复数形式
hacked,v. hack 的过去式
hacking,v. hack 的现在分词
recurrences,n. recurrence 的复数形式
memos,n. memo 的复数形式
manipulated,v. manipulate 的过去式
manipulating,v. manipulate 的现在分词
coverages,n. coverage 的复数形式
neutralities,n. neutrality 的复数形式
underscored,v. underscore 的过去式
underscoring,v. underscore 的现在分词
sanitations,n. sanitation 的复数形式
deductions,n. deduction 的复数形式
precedents,n. precedent 的复数形式
activated,v. activate 的过去式
activating,v. activate 的现在分词
pessimists,n. pessimist 的复数形式
reaped,v. reap 的过去式
reaping,v. reap 的现在分词
commodities,n. commodity 的复数形式
pursuits,n. pursuit 的复数形式
lobbyists,n. lobbyist 的复数形式
handguns,n. handgun 的复数形式
stimuli,n. stimulus 的复数形式
snuck,v. sneak 的过去式
sneaking,v. sneak 的现在分词
turbulences,n. turbulence 的复数形式
hiked,v. hike 的过去式
hiking,v. hike 的现在分词
composers,n. composer 的复数形式
sufficed,v. suffice 的过去式
sufficing,v. suffice 的现在分词
conceits,n. conceit 的复数形式
endowed,v. endow 的过去式
endowing,v. endow 的现在分词
woodpeckers,n. woodpecker 的复数形式
shipments,n. shipment 的复数形式
arrays,n. array 的复数形式
torques,n. torque 的复数形式
injected,v. inject 的过去式
injecting,v. inject 的现在分词
ejected,v. eject 的过去式
ejecting,v. eject 的现在分词
jewelleries,n. jewellery 的复数形式
perimeters,n. perimeter 的复数形式
neutrons,n. neutron 的复数形式
protons,n. proton 的复数形式
fabricated,v. fabricate 的过去式
fabricating,v. fabricate 的现在分词
denoted,v. denote 的过去式
denoting,v. denote 的现在分词
instructors,n. instructor 的复数形式
vocations,n. vocation 的复数形式
weavers,n. weaver 的复数形式
braces,n. brace 的复数形式
conquerors,n. conqueror 的复数形式
gusts,n. gust 的复数形式
sincerities,n. sincerity 的复数形式
summoned,v. summon 的过去式
summoning,v. summon 的现在分词
marshes,n. marsh 的复数形式
hindrances,n. hindrance 的复数形式
hoses,n. hose 的复数形式
warfares,n. warfare 的复数形式
clung,v. cling 的过去式
clinging,v. cling 的现在分词
mints,n. mint 的复数形式
hymns,n. hymn 的复数形式
glorified,v. glorify 的过去式
glorifying,v. glorify 的现在分词
roamed,v. roam 的过去式
roaming,v. roam 的现在分词
domes,n. dome 的复数形式
cylinders,n. cylinder 的复数形式
prototypes,n. prototype 的复数形式
vowels,n. vowel 的复数形式
prophets,n. prophet 的复数形式
prophecies,n. prophecy 的复数形式
preventions,n. prevention 的复数形式
tulips,n. tulip 的复数形式
intonations,n. intonation 的复数形式
torpedoes,n. torpedo 的复数形式
beads,n. bead 的复数形式
yachts,n. yacht 的复数形式
urania,n. uranium 的复数形式
cutters,n. cutter 的复数形式
emigrated,v. emigrate 的过去式
emigrating,v. emigrate 的现在分词
stiffnesses,n. stiffness 的复数形式
ignited,v. ignite 的过去式
igniting,v. ignite 的现在分词
derivations,n. derivation 的复数形式
bankers,n. banker 的复数形式
forsaken,v. forsake 的过去式
forsaking,v. forsake 的现在分词
colonists,n. colonist 的复数形式
wardrobes,n. wardrobe 的复数形式
islams,n. islam 的复数形式
stitched,v. stitch 的过去式
stitching,v. stitch 的现在分词
clusters,n. cluster 的复数形式
forts,n. fort 的复数形式
postulated,v. postulate 的过去式
postulating,v. postulate 的现在分词
cradles,n. cradle 的复数形式
oxides,n. oxide 的复数形式
oxidized,v. oxidize 的过去式
oxidizing,v. oxidize 的现在分词
anodes,n. anode 的复数形式
proverbs,n. proverb 的复数形式
banquets,n. banquet 的复数形式
pickles,n. pickle 的复数形式
opia,n. opium 的复数形式
squashes,n. squash 的复数形式
melodies,n. melody 的复数形式
overhanging,v. overhang 的现在分词
propagandas,n. propaganda 的复数形式
narrations,n. narration 的复数形式
requisites,n. requisite 的复数形式
embroideries,n. embroidery 的复数形式
eloquences,n. eloquence 的复数形式
novelties,n. novelty 的复数形式
crabs,n. crab 的复数形式
subscripts,n. subscript 的复数形式
gradients,n. gradient 的复数形式
wedges,n. wedge 的复数形式
footpaths,n. footpath 的复数形式
puppies,n. puppy 的复数形式
closets,n. closet 的复数形式
pamphlets,n. pamphlet 的复数形式
ivories,n. ivory 的复数形式
yearned,v. yearn 的过去式
yearning,v. yearn 的现在分词
pilgrims,n. pilgrim 的复数形式
incenses,n. incense 的复数形式
analogies,n. analogy 的复数形式
coincided,v. coincide 的过去式
coinciding,v. coincide 的现在分词
rambled,v. ramble 的过去式
rambling,v. ramble 的现在分词
preceded,v. precede 的过去式
tapers,n. taper 的复数形式
filaments,n. filament 的复数形式
spectrums,n. spectrum 的复数形式
quenched,v. quench 的过去式
quenching,v. quench 的现在分词
absorptions,n. absorption 的复数形式
luncheons,n. luncheon 的复数形式
noughts,n. nought 的复数形式
filths,n. filth 的复数形式
snails,n. snail 的复数形式
compliments,n. compliment 的复数形式
stationeries,n. stationery 的复数形式
softnesses,n. softness 的复数形式
grazed,v. graze 的过去式
localities,n. locality 的复数形式
latitudes,n. latitude 的复数形式
venuses,n. venus 的复数形式
idealisms,n. idealism 的复数形式
masts,n. mast 的复数形式
enclosures,n. enclosure 的复数形式
pleaded,v. plead 的过去式
pleading,v. plead 的现在分词
calculuses,n. calculus 的复数形式
gleamed,v. gleam 的过去式
gleaming,v. gleam 的现在分词
perils,n. peril 的复数形式
meshes,n. mesh 的复数形式
trifled,v. trifle 的过去式
trifling,v. trifle 的现在分词
completions,n. completion 的复数形式
hulls,n. hull 的复数形式
watts,n. watt 的复数形式
propulsions,n. propulsion 的复数形式
overthrew,v. overthrow 的过去式
overthrowing,v. overthrow 的现在分词
impulses,n. impulse 的复数形式
solidarities,n. solidarity 的复数形式
regiments,n. regiment 的复数形式
bandits,n. bandit 的复数形式
projectors,n. projector 的复数形式
miseries,n. misery 的复数形式
torments,n. torment 的复数形式
likenesses,n. likeness 的复数形式
blacksmiths,n. blacksmith 的复数形式
modulated,v. modulate 的过去式
modulating,v. modulate 的现在分词
mischiefs,n. mischief 的复数形式
sweetnesses,n. sweetness 的复数形式
purified,v. purify 的过去式
purifying,v. purify 的现在分词
outlaws,n. outlaw 的复数形式
probed,v. probe 的过去式
probing,v. probe 的现在分词
charcoals,n. charcoal 的复数形式
pedals,n. pedal 的复数形式
deformed,v. deform 的过去式
deforming,v. deform 的现在分词
scraps,n. scrap 的复数形式
shorthands,n. shorthand 的复数形式
hisses,n. hiss 的复数形式
treasurers,n. treasurer 的复数形式
expositions,n. exposition 的复数形式
preached,v. preach 的过去式
preaching,v. preach 的现在分词
couches,n. couch 的复数形式
slumbers,n. slumber 的复数形式
buffaloes,n. buffalo 的复数形式
harps,n. harp 的复数形式
dependants,n. dependant 的复数形式
misers,n. miser 的复数形式
trolleys,n. trolley 的复数形式
handbooks,n. handbook 的复数形式
adoptions,n. adoption 的复数形式
oaths,n. oath 的复数形式
snobs,n. snob 的复数形式
automated,v. automate 的过去式
automating,v. automate 的现在分词
lengthened,v. lengthen 的过去式
lengthening,v. lengthen 的现在分词
freshened,v. freshen 的过去式
freshening,v. freshen 的现在分词
lubricated,v. lubricate 的过去式
lubricating,v. lubricate 的现在分词
softened,v. soften 的过去式
softening,v. soften 的现在分词
paralysed,v. paralyse 的过去式
paralysing,v. paralyse 的现在分词
deafened,v. deafen 的过去式
deafening,v. deafen 的现在分词
insulated,v. insulate 的过去式
insulating,v. insulate 的现在分词
degraded,v. degrade 的过去式
degrading,v. degrade 的现在分词
tangling,v. tangle 的现在分词
sweetened,v. sweeten 的过去式
sweetening,v. sweeten 的现在分词
thickened,v. thicken 的过去式
thickening,v. thicken 的现在分词
vectors,n. vector 的复数形式
pantries,n. pantry 的复数形式
executions,n. execution 的复数形式
quartzes,n. quartz 的复数形式
graphites,n. graphite 的复数形式
whitewashes,n. whitewash 的复数形式
limestones,n. limestone 的复数形式
humidities,n. humidity 的复数形式
handouts,n. handout 的复数形式
verses,n. verse 的复数形式
disgraces,n. disgrace 的复数形式
remainders,n. remainder 的复数形式
excelled,v. excel 的过去式
excelling,v. excel 的现在分词
producers,n. producer 的复数形式
hoisted,v. hoist 的过去式
hoisting,v. hoist 的现在分词
kidneys,n. kidney 的复数形式
shrines,n. shrine 的复数形式
trenches,n. trench 的复数形式
conceived,v. conceive 的过去式
conceiving,v. conceive 的现在分词
serpents,n. serpent 的复数形式
maidens,n. maiden 的复数形式
scorched,v. scorch 的过去式
scorching,v. scorch 的现在分词
tradesmans,n. tradesman 的复数形式
traders,n. trader 的复数形式
dealers,n. dealer 的复数形式
wares,n. ware 的复数形式
sifted,v. sift 的过去式
sifting,v. sift 的现在分词
gravels,n. gravel 的复数形式
sardines,n. sardine 的复数形式
uproars,n. uproar 的复数形式
proses,n. prose 的复数形式
strolls,n. stroll 的复数形式
hostages,n. hostage 的复数形式
combustions,n. combustion 的复数形式
whiskers,n. whisker 的复数形式
quantified,v. quantify 的过去式
quantifying,v. quantify 的现在分词
deficiencies,n. deficiency 的复数形式
extracted,v. extract 的过去式
extracting,v. extract 的现在分词
cranks,n. crank 的复数形式
dissipated,v. dissipate 的过去式
dissipating,v. dissipate 的现在分词
pleas,n. plea 的复数形式
petitions,n. petition 的复数形式
mosques,n. mosque 的复数形式
constraints,n. constraint 的复数形式
denounced,v. denounce 的过去式
denouncing,v. denounce 的现在分词
modesties,n. modesty 的复数形式
kilowatts,n. kilowatt 的复数形式
utensils,n. utensil 的复数形式
followers,n. follower 的复数形式
sirens,n. siren 的复数形式
motorways,n. motorway 的复数形式
barometers,n. barometer 的复数形式
enlightened,v. enlighten 的过去式
enlightening,v. enlighten 的现在分词
knights,n. knight 的复数形式
marvels,n. marvel 的复数形式
bushels,n. bushel 的复数形式
raisins,n. raisin 的复数形式
fractured,v. fracture 的过去式
fracturing,v. fracture 的现在分词
persecuted,v. persecute 的过去式
persecuting,v. persecute 的现在分词
flasks,n. flask 的复数形式
tacked,v. tack 的过去式
tacking,v. tack 的现在分词
terraces,n. terrace 的复数形式
deflections,n. deflection 的复数形式
capes,n. cape 的复数形式
foams,n. foam 的复数形式
bypassed,v. bypass 的过去式
bypassing,v. bypass 的现在分词
factions,n. faction 的复数形式
drainages,n. drainage 的复数形式
reptiles,n. reptile 的复数形式
overheared,v. overhear 的过去式
overhearing,v. overhear 的现在分词
ohms,n. ohm 的复数形式
goddesses,n. goddess 的复数形式
radiators,n. radiator 的复数形式
strove,v. strive 的过去式
striving,v. strive 的现在分词
distortions,n. distortion 的复数形式
shortened,v. shorten 的过去式
shortening,v. shorten 的现在分词
wrenches,n. wrench 的复数形式
wrung,v. wring 的过去式
wringing,v. wring 的现在分词
nickels,n. nickel 的复数形式
capabilities,n. capability 的复数形式
pumpkins,n. pumpkin 的复数形式
barons,n. baron 的复数形式
sodia,n. sodium 的复数形式
oysters,n. oyster 的复数形式
magicians,n. magician 的复数形式
modules,n. module 的复数形式
destinies,n. destiny 的复数形式
dooms,n. doom 的复数形式
brightnesses,n. brightness 的复数形式
depositions,n. deposition 的复数形式
enchanted,v. enchant 的过去式
enchanting,v. enchant 的现在分词
perplexed,v. perplex 的过去式
bewildered,v. bewilder 的过去式
bewildering,v. bewilder 的现在分词
vines,n. vine 的复数形式
expired,v. expire 的过去式
expiring,v. expire 的现在分词
wharves,n. wharf 的复数形式
propellers,n. propeller 的复数形式
theses,n. thesis 的复数形式
reeds,n. reed 的复数形式
leakages,n. leakage 的复数形式
stairways,n. stairway 的复数形式
bridles,n. bridle 的复数形式
streamlines,n. streamline 的复数形式
fluxes,n. flux 的复数形式
gramophones,n. gramophone 的复数形式
consuls,n. consul 的复数形式
groves,n. grove 的复数形式
vicinities,n. vicinity 的复数形式
fissions,n. fission 的复数形式
preyed,v. prey 的过去式
preying,v. prey 的现在分词
martyrs,n. martyr 的复数形式
blushes,n. blush 的复数形式
ripples,n. ripple 的复数形式
mittens,n. mitten 的复数形式
attachments,n. attachment 的复数形式
junctions,n. junction 的复数形式
chestnuts,n. chestnut 的复数形式
stereos,n. stereo 的复数形式
historians,n. historian 的复数形式
intellects,n. intellect 的复数形式
slangs,n. slang 的复数形式
courtesies,n. courtesy 的复数形式
twilights,n. twilight 的复数形式
prisms,n. prism 的复数形式
analogues,n. analogue 的复数形式
similarities,n. similarity 的复数形式
flanks,n. flank 的复数形式
comprehended,v. comprehend 的过去式
comprehending,v. comprehend 的现在分词
idlenesses,n. idleness 的复数形式
raptures,n. rapture 的复数形式
furies,n. fury 的复数形式
rapidities,n. rapidity 的复数形式
bitternesses,n. bitterness 的复数形式
withered,v. wither 的过去式
withering,v. wither 的现在分词
fasteners,n. fastener 的复数形式
stammers,n. stammer 的复数形式
peacocks,n. peacock 的复数形式
likelihoods,n. likelihood 的复数形式
falling,v. fell 的现在分词
inaugurated,v. inaugurate 的过去式
inaugurating,v. inaugurate 的现在分词
commenced,v. commence 的过去式
commencing,v. commence 的现在分词
reclaimed,v. reclaim 的过去式
reclaiming,v. reclaim 的现在分词
unlocked,v. unlock 的过去式
unlocking,v. unlock 的现在分词
sheriffs,n. sheriff 的复数形式
monarches,n. monarch 的复数形式
bugles,n. bugle 的复数形式
reeled,v. reel 的过去式
reeling,v. reel 的现在分词
polymers,n. polymer 的复数形式
repelled,v. repel 的过去式
repelling,v. repel 的现在分词
upheld,v. uphold 的过去式
upholding,v. uphold 的现在分词
exemplified,v. exemplify 的过去式
exemplifying,v. exemplify 的现在分词
resided,v. reside 的过去式
residing,v. reside 的现在分词
dwelled,v. dwell 的过去式
inductions,n. induction 的复数形式
symposia,n. symposium 的复数形式
rectified,v. rectify 的过去式
rectifying,v. rectify 的现在分词
veins,n. vein 的复数形式
contended,v. contend 的过去式
contending,v. contend 的现在分词
refineries,n. refinery 的复数形式
dismays,n. dismay 的复数形式
longitudes,n. longitude 的复数形式
inlets,n. inlet 的复数形式
perfections,n. perfection 的复数形式
untied,v. untie 的过去式
untying,v. untie 的现在分词
yeasts,n. yeast 的复数形式
doctrines,n. doctrine 的复数形式
reefs,n. reef 的复数形式
discourses,n. discourse 的复数形式
gingers,n. ginger 的复数形式
splashed,v. splash 的过去式
splashing,v. splash 的现在分词
clipped,v. clip 的过去式
clipping,v. clip 的现在分词
firmnesses,n. firmness 的复数形式
persevered,v. persevere 的过去式
persevering,v. persevere 的现在分词
shams,n. sham 的复数形式
beetles,n. beetle 的复数形式
clamps,n. clamp 的复数形式
poultries,n. poultry 的复数形式
heaters,n. heater 的复数形式
heightened,v. heighten 的过去式
heightening,v. heighten 的现在分词
stillnesses,n. stillness 的复数形式
successors,n. successor 的复数形式
bazaars,n. bazaar 的复数形式
polarities,n. polarity 的复数形式
tacts,n. tact 的复数形式
fellowships,n. fellowship 的复数形式
pistons,n. piston 的复数形式
vigours,n. vigour 的复数形式
mixers,n. mixer 的复数形式
wielded,v. wield 的过去式
wielding,v. wield 的现在分词
wasps,n. wasp 的复数形式
royalties,n. royalty 的复数形式
illusions,n. illusion 的复数形式
fossils,n. fossil 的复数形式
gliders,n. glider 的复数形式
pulleys,n. pulley 的复数形式
rubies,n. ruby 的复数形式
monks,n. monk 的复数形式
hinges,n. hinge 的复数形式
composites,n. composite 的复数形式
syntheses,n. synthesis 的复数形式
aerospaces,n. aerospace 的复数形式
seaports,n. seaport 的复数形式
orchards,n. orchard 的复数形式
boilers,n. boiler 的复数形式
silicons,n. silicon 的复数形式
regularities,n. regularity 的复数形式
amplitudes,n. amplitude 的复数形式
shrubs,n. shrub 的复数形式
coffins,n. coffin 的复数形式
agitations,n. agitation 的复数形式
skeletons,n. skeleton 的复数形式
thighs,n. thigh 的复数形式
hounds,n. hound 的复数形式
gutters,n. gutter 的复数形式
vaults,n. vault 的复数形式
dukes,n. duke 的复数形式
workpieces,n. workpiece 的复数形式
energized,v. energize 的过去式
energizing,v. energize 的现在分词
vaccinated,v. vaccinate 的过去式
vaccinating,v. vaccinate 的现在分词
insulators,n. insulator 的复数形式
lattices,n. lattice 的复数形式
plateaus,n. plateau 的复数形式
elevations,n. elevation 的复数形式
olives,n. olive 的复数形式
sentiments,n. sentiment 的复数形式
sensations,n. sensation 的复数形式
conceptions,n. conception 的复数形式
generalized,v. generalize 的过去式
generalizing,v. generalize 的现在分词
complexities,n. complexity 的复数形式
corrosions,n. corrosion 的复数形式
erosions,n. erosion 的复数形式
vetoes,n. veto 的复数形式
denials,n. denial 的复数形式
dedicated,v. dedicate 的过去式
dedicating,v. dedicate 的现在分词
flattered,v. flatter 的过去式
flattering,v. flatter 的现在分词
seams,n. seam 的复数形式
windmills,n. windmill 的复数形式
abundances,n. abundance 的复数形式
shattered,v. shatter 的过去式
shattering,v. shatter 的现在分词
offsetting,v. offset 的现在分词
detaching,v. detach 的现在分词
partitions,n. partition 的复数形式
diverged,v. diverge 的过去式
diverging,v. diverge 的现在分词
gangsters,n. gangster 的复数形式
imitations,n. imitation 的复数形式
hampered,v. hamper 的过去式
hampering,v. hamper 的现在分词
blunders,n. blunder 的复数形式
reactors,n. reactor 的复数形式
propagated,v. propagate 的过去式
propagating,v. propagate 的现在分词
tossed,v. toss 的过去式
tossing,v. toss 的现在分词
flannels,n. flannel 的复数形式
valves,n. valve 的复数形式
detectors,n. detector 的复数形式
dynamos,n. dynamo 的复数形式
rattled,v. rattle 的过去式
rattling,v. rattle 的现在分词
baits,n. bait 的复数形式
offsprings,n. offspring 的复数形式
yokes,n. yoke 的复数形式
symmetries,n. symmetry 的复数形式
resented,v. resent 的过去式
resenting,v. resent 的现在分词
alignments,n. alignment 的复数形式
cuckoos,n. cuckoo 的复数形式
gambles,n. gamble 的复数形式
solos,n. solo 的复数形式
fighters,n. fighter 的复数形式
cavities,n. cavity 的复数形式
mobilized,v. mobilize 的过去式
mobilizing,v. mobilize 的现在分词
greases,n. grease 的复数形式
theorems,n. theorem 的复数形式
capacitors,n. capacitor 的复数形式
electrodes,n. electrode 的复数形式
telexes,n. telex 的复数形式
magistrates,n. magistrate 的复数形式
mortgages,n. mortgage 的复数形式
murmurs,n. murmur 的复数形式
burners,n. burner 的复数形式
clatters,n. clatter 的复数形式
moralities,n. morality 的复数形式
yolks,n. yolk 的复数形式
gorillas,n. gorilla 的复数形式
magnitudes,n. magnitude 的复数形式
massacres,n. massacre 的复数形式
strides,n. stride 的复数形式
mansions,n. mansion 的复数形式
multitudes,n. multitude 的复数形式
barleys,n. barley 的复数形式
infinities,n. infinity 的复数形式
lighters,n. lighter 的复数形式
catalysts,n. catalyst 的复数形式
pricks,n. prick 的复数形式
magnetisms,n. magnetism 的复数形式
porcelains,n. porcelain 的复数形式
glossaries,n. glossary 的复数形式
lipsticks,n. lipstick 的复数形式
shipwrecks,n. shipwreck 的复数形式
romances,n. romance 的复数形式
heralds,n. herald 的复数形式
missionaries,n. missionary 的复数形式
sensors,n. sensor 的复数形式
leaflets,n. leaflet 的复数形式
antennae,n. antenna 的复数形式
virgins,n. virgin 的复数形式
extractions,n. extraction 的复数形式
strifes,n. strife 的复数形式
equators,n. equator 的复数形式
commended,v. commend 的过去式
commending,v. commend 的现在分词
meditated,v. meditate 的过去式
meditating,v. meditate 的现在分词
immersed,v. immerse 的过去式
immersing,v. immerse 的现在分词
repealed,v. repeal 的过去式
repealing,v. repeal 的现在分词
lathes,n. lathe 的复数形式
mocked,v. mock 的过去式
mocking,v. mock 的现在分词
nicknames,n. nickname 的复数形式
haunted,v. haunt 的过去式
haunting,v. haunt 的现在分词
shovels,n. shovel 的复数形式
toads,n. toad 的复数形式
diesels,n. diesel 的复数形式
errands,n. errand 的复数形式
grooves,n. groove 的复数形式
napkins,n. napkin 的复数形式
spectators,n. spectator 的复数形式
parameters,n. parameter 的复数形式
sermons,n. sermon 的复数形式
disregarded,v. disregard 的过去式
disregarding,v. disregard 的现在分词
impurities,n. impurity 的复数形式
mammals,n. mammal 的复数形式
villas,n. villa 的复数形式
norms,n. norm 的复数形式
alterations,n. alteration 的复数形式
verges,n. verge 的复数形式
hearths,n. hearth 的复数形式
patrons,n. patron 的复数形式
essences,n. essence 的复数形式
deviations,n. deviation 的复数形式
wraths,n. wrath 的复数形式
tyrants,n. tyrant 的复数形式
panthers,n. panther 的复数形式
leopards,n. leopard 的复数形式
grumbled,v. grumble 的过去式
grumbling,v. grumble 的现在分词
fortresses,n. fortress 的复数形式
assurances,n. assurance 的复数形式
fuses,n. fuse 的复数形式
saturations,n. saturation 的复数形式
sieges,n. siege 的复数形式
hemispheres,n. hemisphere 的复数形式
shutters,n. shutter 的复数形式
lilies,n. lily 的复数形式
idiots,n. idiot 的复数形式
tabulated,v. tabulate 的过去式
tabulating,v. tabulate 的现在分词
bestowed,v. bestow 的过去式
bestowing,v. bestow 的现在分词
subdivided,v. subdivide 的过去式
subdividing,v. subdivide 的现在分词
straightened,v. straighten 的过去式
straightening,v. straighten 的现在分词
flattened,v. flatten 的过去式
flattening,v. flatten 的现在分词
ascribed,v. ascribe 的过去式
ascribing,v. ascribe 的现在分词
patriots,n. patriot 的复数形式
dwarves,n. dwarf 的复数形式
scriptures,n. scripture 的复数形式
pendulums,n. pendulum 的复数形式
outbreaks,n. outbreak 的复数形式
climaxes,n. climax 的复数形式
epochs,n. epoch 的复数形式
shrimps,n. shrimp 的复数形式
canes,n. cane 的复数形式
immigrated,v. immigrate 的过去式
immigrating,v. immigrate 的现在分词
dispersed,v. disperse 的过去式
dispersing,v. disperse 的现在分词
elapsed,v. elapse 的过去式
elapsing,v. elapse 的现在分词
eclipses,n. eclipse 的复数形式
quivered,v. quiver 的过去式
quivering,v. quiver 的现在分词
perches,n. perch 的复数形式
piers,n. pier 的复数形式
frocks,n. frock 的复数形式
clowns,n. clown 的复数形式
popes,n. pope 的复数形式
axles,n. axle 的复数形式
chords,n. chord 的复数形式
pyjamases,n. pyjamas 的复数形式
kernels,n. kernel 的复数形式
shafts,n. shaft 的复数形式
buzzed,v. buzz 的过去式
buzzing,v. buzz 的现在分词
deans,n. dean 的复数形式
ranches,n. ranch 的复数形式
flung,v. fling 的过去式
flinging,v. fling 的现在分词
scrubs,n. scrub 的复数形式
slanders,n. slander 的复数形式
escorts,n. escort 的复数形式
menaces,n. menace 的复数形式
tramps,n. tramp 的复数形式
trampled,v. trample 的过去式
trampling,v. trample 的现在分词
deflected,v. deflect 的过去式
deflecting,v. deflect 的现在分词
revolved,v. revolve 的过去式
revolving,v. revolve 的现在分词
defaults,n. default 的复数形式
broadened,v. broaden 的过去式
broadening,v. broaden 的现在分词
decomposed,v. decompose 的过去式
decomposing,v. decompose 的现在分词
supervised,v. supervise 的过去式
supervising,v. supervise 的现在分词
bewared,v. beware 的过去式
bewaring,v. beware 的现在分词
terminated,v. terminate 的过去式
terminating,v. terminate 的现在分词
solidified,v. solidify 的过去式
solidifying,v. solidify 的现在分词
dazzled,v. dazzle 的过去式
trotted,v. trot 的过去式
trotting,v. trot 的现在分词
ridicules,n. ridicule 的复数形式
chatters,n. chatter 的复数形式
sneers,n. sneer 的复数形式
plunders,n. plunder 的复数形式
endeavors,n. endeavor 的复数形式
scrambles,n. scramble 的复数形式
flaps,n. flap 的复数形式
slaughters,n. slaughter 的复数形式
bulletins,n. bulletin 的复数形式
ruptures,n. rupture 的复数形式
rehearsals,n. rehearsal 的复数形式
narratives,n. narrative 的复数形式
blurred,v. blur 的过去式
blurring,v. blur 的现在分词
staircases,n. staircase 的复数形式
barricades,n. barricade 的复数形式
postures,n. posture 的复数形式
facets,n. facet 的复数形式
huddles,n. huddle 的复数形式
booklets,n. booklet 的复数形式
syndromes,n. syndrome 的复数形式
pastries,n. pastry 的复数形式
entities,n. entity 的复数形式
tempos,n. tempo 的复数形式
paperbacks,n. paperback 的复数形式
skulls,n. skull 的复数形式
ammunitions,n. ammunition 的复数形式
pacts,n. pact 的复数形式
notations,n. notation 的复数形式
pollutants,n. pollutant 的复数形式
scrutinies,n. scrutiny 的复数形式
tariffs,n. tariff 的复数形式
retentions,n. retention 的复数形式
creations,n. creation 的复数形式
clans,n. clan 的复数形式
radiated,v. radiate 的过去式
radiating,v. radiate 的现在分词
pastimes,n. pastime 的复数形式
batches,n. batch 的复数形式
proximities,n. proximity 的复数形式
lashed,v. lash 的过去式
lashing,v. lash 的现在分词
ozones,n. ozone 的复数形式
cocktails,n. cocktail 的复数形式
calcia,n. calcium 的复数形式
recipients,n. recipient 的复数形式
glands,n. gland 的复数形式
premises,n. premise 的复数形式
tenants,n. tenant 的复数形式
battered,v. batter 的过去式
battering,v. batter 的现在分词
heritages,n. heritage 的复数形式
pretexts,n. pretext 的复数形式
porches,n. porch 的复数形式
outcries,n. outcry 的复数形式
paralyses,n. paralysis 的复数形式
chapels,n. chapel 的复数形式
censuses,n. census 的复数形式
corpses,n. corpse 的复数形式
comets,n. comet 的复数形式
pistols,n. pistol 的复数形式
penguins,n. penguin 的复数形式
layoffs,n. layoff 的复数形式
glamors,n. glamor 的复数形式
armors,n. armor 的复数形式
diplomats,n. diplomat 的复数形式
rivalries,n. rivalry 的复数形式
brews,n. brew 的复数形式
sieves,n. sieve 的复数形式
coalitions,n. coalition 的复数形式
aisles,n. aisle 的复数形式
streaks,n. streak 的复数形式
transits,n. transit 的复数形式
cocaines,n. cocaine 的复数形式
rackets,n. racket 的复数形式
outfits,n. outfit 的复数形式
setbacks,n. setback 的复数形式
sobered,v. sober 的过去式
sobering,v. sober 的现在分词
galaxies,n. galaxy 的复数形式
swamps,n. swamp 的复数形式
peninsulas,n. peninsula 的复数形式
stabbed,v. stab 的过去式
stabbing,v. stab 的现在分词
salvations,n. salvation 的复数形式
arenas,n. arena 的复数形式
looms,n. loom 的复数形式
squads,n. squad 的复数形式
sergeants,n. sergeant 的复数形式
delusions,n. delusion 的复数形式
refuges,n. refuge 的复数形式
corroded,v. corrode 的过去式
corroding,v. corrode 的现在分词
spines,n. spine 的复数形式
parasites,n. parasite 的复数形式
remnants,n. remnant 的复数形式
paternities,n. paternity 的复数形式
defendants,n. defendant 的复数形式
rejections,n. rejection 的复数形式
slogans,n. slogan 的复数形式
chunks,n. chunk 的复数形式
spouses,n. spouse 的复数形式
isles,n. isle 的复数形式
scorns,n. scorn 的复数形式
terrains,n. terrain 的复数形式
sprinkled,v. sprinkle 的过去式
sprinkling,v. sprinkle 的现在分词
subcultures,n. subculture 的复数形式
maneuvers,n. maneuver 的复数形式
federations,n. federation 的复数形式
autonomies,n. autonomy 的复数形式
intuitions,n. intuition 的复数形式
artilleries,n. artillery 的复数形式
fusions,n. fusion 的复数形式
scoops,n. scoop 的复数形式
strands,n. strand 的复数形式
expectancies,n. expectancy 的复数形式
tolled,v. toll 的过去式
tolling,v. toll 的现在分词
tribes,n. tribe 的复数形式
slots,n. slot 的复数形式
nils,n. nil 的复数形式
migrants,n. migrant 的复数形式
repertoires,n. repertoire 的复数形式
pearls,n. pearl 的复数形式
pregnancies,n. pregnancy 的复数形式
odors,n. odor 的复数形式
beverages,n. beverage 的复数形式
cemeteries,n. cemetery 的复数形式
bowels,n. bowel 的复数形式
puddings,n. pudding 的复数形式
slums,n. slum 的复数形式
defiances,n. defiance 的复数形式
trademarks,n. trademark 的复数形式
complexions,n. complexion 的复数形式
continuities,n. continuity 的复数形式
intensified,v. intensify 的过去式
intensifying,v. intensify 的现在分词
purities,n. purity 的复数形式
femininities,n. femininity 的复数形式
reliances,n. reliance 的复数形式
brinks,n. brink 的复数形式
hierarchies,n. hierarchy 的复数形式
arteries,n. artery 的复数形式
sponges,n. sponge 的复数形式
vents,n. vent 的复数形式
deducted,v. deduct 的过去式
deducting,v. deduct 的现在分词
plasters,n. plaster 的复数形式
aspirations,n. aspiration 的复数形式
fragrances,n. fragrance 的复数形式
verdicts,n. verdict 的复数形式
lures,n. lure 的复数形式
whirls,n. whirl 的复数形式
slumps,n. slump 的复数形式
clearances,n. clearance 的复数形式
guardians,n. guardian 的复数形式
thorns,n. thorn 的复数形式
outrages,n. outrage 的复数形式
champagnes,n. champagne 的复数形式
specialties,n. specialty 的复数形式
decencies,n. decency 的复数形式
falsehoods,n. falsehood 的复数形式
hustles,n. hustle 的复数形式
glooms,n. gloom 的复数形式
revelations,n. revelation 的复数形式
longevities,n. longevity 的复数形式
inventories,n. inventory 的复数形式
turnovers,n. turnover 的复数形式
militants,n. militant 的复数形式
intricacies,n. intricacy 的复数形式
impetuses,n. impetus 的复数形式
briefcases,n. briefcase 的复数形式
insulations,n. insulation 的复数形式
frauds,n. fraud 的复数形式
repressions,n. repression 的复数形式
quarts,n. quart 的复数形式
appraisals,n. appraisal 的复数形式
meditations,n. meditation 的复数形式
doctorates,n. doctorate 的复数形式
puppets,n. puppet 的复数形式
millimeters,n. millimeter 的复数形式
escalated,v. escalate 的过去式
escalating,v. escalate 的现在分词
daytimes,n. daytime 的复数形式
inverses,n. inverse 的复数形式
recollected,v. recollect 的过去式
recollecting,v. recollect 的现在分词
advents,n. advent 的复数形式
acrobats,n. acrobat 的复数形式
metaphors,n. metaphor 的复数形式
specialities,n. speciality 的复数形式
agitated,v. agitate 的过去式
agitating,v. agitate 的现在分词
conspiracies,n. conspiracy 的复数形式
legacies,n. legacy 的复数形式
paradigms,n. paradigm 的复数形式
aspired,v. aspire 的过去式
aspiring,v. aspire 的现在分词
metropolises,n. metropolis 的复数形式
apologised,v. apologise 的过去式
apologising,v. apologise 的现在分词
celebrities,n. celebrity 的复数形式
caresses,n. caress 的复数形式
panoramas,n. panorama 的复数形式
evacuated,v. evacuate 的过去式
evacuating,v. evacuate 的现在分词
capitalisms,n. capitalism 的复数形式
holders,n. holder 的复数形式
abounded,v. abound 的过去式
abounding,v. abound 的现在分词
acclaims,n. acclaim 的复数形式
realised,v. realise 的过去式
realising,v. realise 的现在分词
fumes,n. fume 的复数形式
dozed,v. doze 的过去式
dozing,v. doze 的现在分词
laptops,n. laptop 的复数形式
augmented,v. augment 的过去式
augmenting,v. augment 的现在分词
lotteries,n. lottery 的复数形式
heroins,n. heroin 的复数形式
thrifts,n. thrift 的复数形式
ballots,n. ballot 的复数形式
administered,v. administer 的过去式
administering,v. administer 的现在分词
raked,v. rake 的过去式
raking,v. rake 的现在分词
humiliated,v. humiliate 的过去式
humiliating,v. humiliate 的现在分词
pharmacies,n. pharmacy 的复数形式
treasons,n. treason 的复数形式
renovated,v. renovate 的过去式
renovating,v. renovate 的现在分词
zeals,n. zeal 的复数形式
robes,n. robe 的复数形式
rumors,n. rumor 的复数形式
gallops,n. gallop 的复数形式
plights,n. plight 的复数形式
madames,n. madame 的复数形式
blackmails,n. blackmail 的复数形式
waterfalls,n. waterfall 的复数形式
clergies,n. clergy 的复数形式
sprouts,n. sprout 的复数形式
audits,n. audit 的复数形式
auditoria,n. auditorium 的复数形式
intruded,v. intrude 的过去式
intruding,v. intrude 的现在分词
shillings,n. shilling 的复数形式
feats,n. feat 的复数形式
doorways,n. doorway 的复数形式
goodbies,n. goodby 的复数形式
harbors,n. harbor 的复数形式
cyberspaces,n. cyberspace 的复数形式
anguishes,n. anguish 的复数形式
erased,v. erase 的过去式
erasing,v. erase 的现在分词
stools,n. stool 的复数形式
obsessions,n. obsession 的复数形式
statutes,n. statute 的复数形式
pails,n. pail 的复数形式
amplifiers,n. amplifier 的复数形式
witches,n. witch 的复数形式
pickups,n. pickup 的复数形式
hypocrisies,n. hypocrisy 的复数形式
snowstorms,n. snowstorm 的复数形式
sophomores,n. sophomore 的复数形式
swarms,n. swarm 的复数形式
lapses,n. lapse 的复数形式
wreaths,n. wreath 的复数形式
lockers,n. locker 的复数形式
twinkles,n. twinkle 的复数形式
jargons,n. jargon 的复数形式
psychiatries,n. psychiatry 的复数形式
peanuts,n. peanut 的复数形式
fibers,n. fiber 的复数形式
traitors,n. traitor 的复数形式
harassments,n. harassment 的复数形式
excerpts,n. excerpt 的复数形式
ebbs,n. ebb 的复数形式
despatches,n. despatch 的复数形式
peeps,n. peep 的复数形式
humors,n. humor 的复数形式
browses,n. browse 的复数形式
plumbers,n. plumber 的复数形式
obstructed,v. obstruct 的过去式
obstructing,v. obstruct 的现在分词
chancellors,n. chancellor 的复数形式
eyebrows,n. eyebrow 的复数形式
tumours,n. tumour 的复数形式
swans,n. swan 的复数形式
scenarios,n. scenario 的复数形式
plaintiffs,n. plaintiff 的复数形式
analogs,n. analog 的复数形式
gasolenes,n. gasolene 的复数形式
fertilisers,n. fertiliser 的复数形式
deferred,v. defer 的过去式
deferring,v. defer 的现在分词
portfolios,n. portfolio 的复数形式
habitats,n. habitat 的复数形式
toils,n. toil 的复数形式
allegiances,n. allegiance 的复数形式
gages,n. gage 的复数形式
physiologies,n. physiology 的复数形式
licences,n. licence 的复数形式
overhauls,n. overhaul 的复数形式
genres,n. genre 的复数形式
criticised,v. criticise 的过去式
criticising,v. criticise 的现在分词
rehearsed,v. rehearse 的过去式
rehearsing,v. rehearse 的现在分词
dependences,n. dependence 的复数形式
turmoils,n. turmoil 的复数形式
censorships,n. censorship 的复数形式
blogs,n. blog 的复数形式
hormones,n. hormone 的复数形式
pebbles,n. pebble 的复数形式
summarised,v. summarise 的过去式
summarising,v. summarise 的现在分词
embryos,n. embryo 的复数形式
generalised,v. generalise 的过去式
generalising,v. generalise 的现在分词
culprits,n. culprit 的复数形式
archeologies,n. archeology 的复数形式
endeavours,n. endeavour 的复数形式
instalments,n. instalment 的复数形式
whiskeys,n. whiskey 的复数形式
glamours,n. glamour 的复数形式
centimeters,n. centimeter 的复数形式
passerbies,n. passerby 的复数形式
guilds,n. guild 的复数形式
manoeuvred,v. manoeuvre 的过去式
manoeuvring,v. manoeuvre 的现在分词
vaccines,n. vaccine 的复数形式
hygienes,n. hygiene 的复数形式
glaciers,n. glacier 的复数形式
researchers,n. researcher 的复数形式
icebergs,n. iceberg 的复数形式
predators,n. predator 的复数形式
artisans,n. artisan 的复数形式
meteorites,n. meteorite 的复数形式
whigs,n. whig 的复数形式
helia,n. helium 的复数形式
democrats,n. democrat 的复数形式
aquifers,n. aquifer 的复数形式
craters,n. crater 的复数形式
pheromones,n. pheromone 的复数形式
geologists,n. geologist 的复数形式
strata,n. stratum 的复数形式
nutrients,n. nutrient 的复数形式
cambrians,n. cambrian 的复数形式
lichens,n. lichen 的复数形式
burs,n. bur 的复数形式
ecologists,n. ecologist 的复数形式
timberlines,n. timberline 的复数形式
mayas,n. maya 的复数形式
acorns,n. acorn 的复数形式
obsidians,n. obsidian 的复数形式
sculptors,n. sculptor 的复数形式
alders,n. alder 的复数形式
pullmans,n. pullman 的复数形式
ogallalas,n. ogallala 的复数形式
cetaceans,n. cetacean 的复数形式
planktons,n. plankton 的复数形式
asteroids,n. asteroid 的复数形式
potteries,n. pottery 的复数形式
chimpanzees,n. chimpanzee 的复数形式
projections,n. projection 的复数形式
snowfalls,n. snowfall 的复数形式
seawaters,n. seawater 的复数形式
millennia,n. millennium 的复数形式
glaciations,n. glaciation 的复数形式
stencils,n. stencil 的复数形式
gulls,n. gull 的复数形式
herbivores,n. herbivore 的复数形式
tornados,n. tornado 的复数形式
isotopes,n. isotope 的复数形式
parlors,n. parlor 的复数形式
motifs,n. motif 的复数形式
challengers,n. challenger 的复数形式
beavers,n. beaver 的复数形式
pueblos,n. pueblo 的复数形式
sumerians,n. sumerian 的复数形式
gazelles,n. gazelle 的复数形式
sandstones,n. sandstone 的复数形式
salinities,n. salinity 的复数形式
vertebrates,n. vertebrate 的复数形式
wildebeests,n. wildebeest 的复数形式
pellets,n. pellet 的复数形式
gars,n. gar 的复数形式
colonized,v. colonize 的过去式
colonizing,v. colonize 的现在分词
flippers,n. flipper 的复数形式
droplets,n. droplet 的复数形式
apprentices,n. apprentice 的复数形式
ferns,n. fern 的复数形式
auroras,n. aurora 的复数形式
canopies,n. canopy 的复数形式
potashes,n. potash 的复数形式
exhibitors,n. exhibitor 的复数形式
shales,n. shale 的复数形式
makers,n. maker 的复数形式
investors,n. investor 的复数形式
rites,n. rite 的复数形式
islanders,n. islander 的复数形式
proxies,n. proxy 的复数形式
spores,n. spore 的复数形式
runoffs,n. runoff 的复数形式
watercolors,n. watercolor 的复数形式
mantles,n. mantle 的复数形式
crossbills,n. crossbill 的复数形式
kittiwakes,n. kittiwake 的复数形式
sanctuaries,n. sanctuary 的复数形式
laborers,n. laborer 的复数形式
eruptions,n. eruption 的复数形式
glazes,n. glaze 的复数形式
fossilized,v. fossilize 的过去式
fossilizing,v. fossilize 的现在分词
potters,n. potter 的复数形式
excavated,v. excavate 的过去式
excavating,v. excavate 的现在分词
biologists,n. biologist 的复数形式
engraved,v. engrave 的过去式
turnpikes,n. turnpike 的复数形式
secreted,v. secrete 的过去式
secreting,v. secrete 的现在分词
eries,n. erie 的复数形式
alkalis,n. alkali 的复数形式
harvards,n. harvard 的复数形式
himalayas,n. himalaya 的复数形式
publishers,n. publisher 的复数形式
outflows,n. outflow 的复数形式
freshwaters,n. freshwater 的复数形式
seafloors,n. seafloor 的复数形式
artworks,n. artwork 的复数形式
kilns,n. kiln 的复数形式
iridia,n. iridium 的复数形式
footprints,n. footprint 的复数形式
collectors,n. collector 的复数形式
enzymes,n. enzyme 的复数形式
silts,n. silt 的复数形式
surveyors,n. surveyor 的复数形式
larvae,n. larva 的复数形式
rainwaters,n. rainwater 的复数形式
realisms,n. realism 的复数形式
lavas,n. lava 的复数形式
decos,n. deco 的复数形式
stonewares,n. stoneware 的复数形式
barbs,n. barb 的复数形式
forages,n. forage 的复数形式
nitinols,n. nitinol 的复数形式
plovers,n. plover 的复数形式
warblers,n. warbler 的复数形式
twigs,n. twig 的复数形式
workweeks,n. workweek 的复数形式
telluria,n. tellurium 的复数形式
hopewells,n. hopewell 的复数形式
faunas,n. fauna 的复数形式
indicators,n. indicator 的复数形式
steamboats,n. steamboat 的复数形式
disclaimers,n. disclaimer 的复数形式
naturalists,n. naturalist 的复数形式
sloths,n. sloth 的复数形式
falcons,n. falcon 的复数形式
orchids,n. orchid 的复数形式
siblings,n. sibling 的复数形式
kestrels,n. kestrel 的复数形式
animations,n. animation 的复数形式
saharas,n. sahara 的复数形式
wavelengths,n. wavelength 的复数形式
molts,n. molt 的复数形式
proponents,n. proponent 的复数形式
niches,n. niche 的复数形式
primates,n. primate 的复数形式
snowflakes,n. snowflake 的复数形式
pterosaurs,n. pterosaur 的复数形式
realists,n. realist 的复数形式
populated,v. populate 的过去式
populating,v. populate 的现在分词
tirednesses,n. tiredness 的复数形式
iodines,n. iodine 的复数形式
songbirds,n. songbird 的复数形式
interplays,n. interplay 的复数形式
topis,n. topi 的复数形式
iceboxes,n. icebox 的复数形式
roosts,n. roost 的复数形式
carvers,n. carver 的复数形式
kohouteks,n. kohoutek 的复数形式
gills,n. gill 的复数形式
exchangers,n. exchanger 的复数形式
lighthouses,n. lighthouse 的复数形式
farmlands,n. farmland 的复数形式
gallia,n. gallium 的复数形式
eggshells,n. eggshell 的复数形式
invaders,n. invader 的复数形式
pigments,n. pigment 的复数形式
biomes,n. biome 的复数形式
reformers,n. reformer 的复数形式
magmas,n. magma 的复数形式
inclusions,n. inclusion 的复数形式
cadmia,n. cadmium 的复数形式
dominances,n. dominance 的复数形式
cones,n. cone 的复数形式
dispersals,n. dispersal 的复数形式
firns,n. firn 的复数形式
adulthoods,n. adulthood 的复数形式
nomadisms,n. nomadism 的复数形式
selenia,n. selenium 的复数形式
bantus,n. bantu 的复数形式
eddies,n. eddy 的复数形式
metabolisms,n. metabolism 的复数形式
repressed,v. repress 的过去式
repressing,v. repress 的现在分词
peepshows,n. peepshow 的复数形式
anemones,n. anemone 的复数形式
handednesses,n. handedness 的复数形式
billfishes,n. billfish 的复数形式
figurines,n. figurine 的复数形式
polygons,n. polygon 的复数形式
depletions,n. depletion 的复数形式
asphalts,n. asphalt 的复数形式
evergreens,n. evergreen 的复数形式
lizards,n. lizard 的复数形式
advertisers,n. advertiser 的复数形式
persians,n. persian 的复数形式
wartimes,n. wartime 的复数形式
gypsums,n. gypsum 的复数形式
meltwaters,n. meltwater 的复数形式
frontalities,n. frontality 的复数形式
burgesses,n. burgess 的复数形式
manganeses,n. manganese 的复数形式
zealands,n. zealand 的复数形式
lomases,n. lomas 的复数形式
fertilized,v. fertilize 的过去式
fertilizing,v. fertilize 的现在分词
rafts,n. raft 的复数形式
compactions,n. compaction 的复数形式
kerosenes,n. kerosene 的复数形式
wildernesses,n. wilderness 的复数形式
woodcuts,n. woodcut 的复数形式
deltas,n. delta 的复数形式
depleted,v. deplete 的过去式
depleting,v. deplete 的现在分词
toddlers,n. toddler 的复数形式
argons,n. argon 的复数形式
robins,n. robin 的复数形式
worksheets,n. worksheet 的复数形式
seabeds,n. seabed 的复数形式
angiosperms,n. angiosperm 的复数形式
seaways,n. seaway 的复数形式
moths,n. moth 的复数形式
zoologists,n. zoologist 的复数形式
wetlands,n. wetland 的复数形式
comas,n. coma 的复数形式
chondrites,n. chondrite 的复数形式
allendes,n. allende 的复数形式
hinterlands,n. hinterland 的复数形式
mechanized,v. mechanize 的过去式
mechanizing,v. mechanize 的现在分词
finches,n. finch 的复数形式
steppes,n. steppe 的复数形式
mandans,n. mandan 的复数形式
termites,n. termite 的复数形式
inabilities,n. inability 的复数形式
reindeers,n. reindeer 的复数形式
slushes,n. slush 的复数形式
voyagers,n. voyager 的复数形式
phonographs,n. phonograph 的复数形式
cobalts,n. cobalt 的复数形式
wales,n. wale 的复数形式
concurred,v. concur 的过去式
concurring,v. concur 的现在分词
flukes,n. fluke 的复数形式
bombarded,v. bombard 的过去式
bombarding,v. bombard 的现在分词
backbones,n. backbone 的复数形式
potassia,n. potassium 的复数形式
cascades,n. cascade 的复数形式
journeymans,n. journeyman 的复数形式
chondrules,n. chondrule 的复数形式
homos,n. homo 的复数形式
incubations,n. incubation 的复数形式
waterways,n. waterway 的复数形式
excavations,n. excavation 的复数形式
mutualisms,n. mutualism 的复数形式
tentacles,n. tentacle 的复数形式
stagecoaches,n. stagecoach 的复数形式
overcasted,v. overcast 的过去式
overcasting,v. overcast 的现在分词
cheeps,n. cheep 的复数形式
pollinators,n. pollinator 的复数形式
reshaped,v. reshape 的过去式
reshaping,v. reshape 的现在分词
forerunners,n. forerunner 的复数形式
alertnesses,n. alertness 的复数形式
moraines,n. moraine 的复数形式
horseshoes,n. horseshoe 的复数形式
envisioned,v. envision 的过去式
envisioning,v. envision 的现在分词
upsides,n. upside 的复数形式
capsized,v. capsize 的过去式
capsizing,v. capsize 的现在分词
financiers,n. financier 的复数形式
rodents,n. rodent 的复数形式
seafarers,n. seafarer 的复数形式
repudiated,v. repudiate 的过去式
repudiating,v. repudiate 的现在分词
nighttimes,n. nighttime 的复数形式
simulations,n. simulation 的复数形式
designers,n. designer 的复数形式
karsts,n. karst 的复数形式
refilled,v. refill 的过去式
refilling,v. refill 的现在分词
caravans,n. caravan 的复数形式
inequalities,n. inequality 的复数形式
mounds,n. mound 的复数形式
sects,n. sect 的复数形式
carnivores,n. carnivore 的复数形式
theorized,v. theorize 的过去式
theorizing,v. theorize 的现在分词
tundras,n. tundra 的复数形式
localized,v. localize 的过去式
localizing,v. localize 的现在分词
anomalies,n. anomaly 的复数形式
cuneiforms,n. cuneiform 的复数形式
gammas,n. gamma 的复数形式
nebulae,n. nebula 的复数形式
richnesses,n. richness 的复数形式
steamships,n. steamship 的复数形式
voters,n. voter 的复数形式
antiquities,n. antiquity 的复数形式
adobes,n. adobe 的复数形式
stunts,n. stunt 的复数形式
cannonballs,n. cannonball 的复数形式
mackerels,n. mackerel 的复数形式
midwests,n. midwest 的复数形式
mutoscopes,n. mutoscope 的复数形式
cottonwoods,n. cottonwood 的复数形式
theorists,n. theorist 的复数形式
resiliences,n. resilience 的复数形式
neons,n. neon 的复数形式
bladders,n. bladder 的复数形式
coronas,n. corona 的复数形式
silicas,n. silica 的复数形式
otters,n. otter 的复数形式
grasslands,n. grassland 的复数形式
broadsides,n. broadside 的复数形式
deciphered,v. decipher 的过去式
deciphering,v. decipher 的现在分词
ravens,n. raven 的复数形式
commuters,n. commuter 的复数形式
reheated,v. reheat 的过去式
reheating,v. reheat 的现在分词
outworks,n. outwork 的复数形式
eohippuses,n. eohippus 的复数形式
handcrafts,n. handcraft 的复数形式
porosities,n. porosity 的复数形式
understories,n. understory 的复数形式
shamans,n. shaman 的复数形式
stylizing,v. stylize 的现在分词
pipelines,n. pipeline 的复数形式
dandelions,n. dandelion 的复数形式
landforms,n. landform 的复数形式
pinpointed,v. pinpoint 的过去式
pinpointing,v. pinpoint 的现在分词
ranchers,n. rancher 的复数形式
maturations,n. maturation 的复数形式
lofts,n. loft 的复数形式
flagellums,n. flagellum 的复数形式
chloroses,n. chlorosis 的复数形式
pieceworks,n. piecework 的复数形式
polynesians,n. polynesian 的复数形式
garrisons,n. garrison 的复数形式
crevices,n. crevice 的复数形式
scavengers,n. scavenger 的复数形式
legumes,n. legume 的复数形式
cohesions,n. cohesion 的复数形式
synthesized,v. synthesize 的过去式
synthesizing,v. synthesize 的现在分词
chisels,n. chisel 的复数形式
bloodhounds,n. bloodhound 的复数形式
tannins,n. tannin 的复数形式
prehistories,n. prehistory 的复数形式
centralized,v. centralize 的过去式
centralizing,v. centralize 的现在分词
cajuns,n. cajun 的复数形式
gratified,v. gratify 的过去式
gratifying,v. gratify 的现在分词
ledges,n. ledge 的复数形式
shellfishes,n. shellfish 的复数形式
adorned,v. adorn 的过去式
adorning,v. adorn 的现在分词
rainforests,n. rainforest 的复数形式
endocrines,n. endocrine 的复数形式
hemlocks,n. hemlock 的复数形式
parasitisms,n. parasitism 的复数形式
boredoms,n. boredom 的复数形式
warriors,n. warrior 的复数形式
struts,n. strut 的复数形式
ekas,n. eka 的复数形式
softwoods,n. softwood 的复数形式
reptilians,n. reptilian 的复数形式
honeybees,n. honeybee 的复数形式
diffusions,n. diffusion 的复数形式
stiffened,v. stiffen 的过去式
stiffening,v. stiffen 的现在分词
fetuses,n. fetus 的复数形式
feeders,n. feeder 的复数形式
reminders,n. reminder 的复数形式
foodstuffs,n. foodstuff 的复数形式
informants,n. informant 的复数形式
cedars,n. cedar 的复数形式
slabs,n. slab 的复数形式
coexisted,v. coexist 的过去式
coexisting,v. coexist 的现在分词
kryptons,n. krypton 的复数形式
xenons,n. xenon 的复数形式
penicillins,n. penicillin 的复数形式
incubated,v. incubate 的过去式
incubating,v. incubate 的现在分词
hectares,n. hectare 的复数形式
creators,n. creator 的复数形式
ospreys,n. osprey 的复数形式
darkened,v. darken 的过去式
darkening,v. darken 的现在分词
disoriented,v. disorient 的过去式
disorienting,v. disorient 的现在分词
watercrafts,n. watercraft 的复数形式
buildups,n. buildup 的复数形式
varnishes,n. varnish 的复数形式
symbioses,n. symbiosis 的复数形式
detractors,n. detractor 的复数形式
timescales,n. timescale 的复数形式
sailfishes,n. sailfish 的复数形式
swordfishes,n. swordfish 的复数形式
renewals,n. renewal 的复数形式
kinships,n. kinship 的复数形式
replenished,v. replenish 的过去式
replenishing,v. replenish 的现在分词
tutelages,n. tutelage 的复数形式
freudians,n. freudian 的复数形式
blubbers,n. blubber 的复数形式
basalts,n. basalt 的复数形式
predations,n. predation 的复数形式
boules,n. boule 的复数形式
underlay,v. underlies 的过去式
permanences,n. permanence 的复数形式
tines,n. tine 的复数形式
joiners,n. joiner 的复数形式
patronages,n. patronage 的复数形式
carmans,n. carman 的复数形式
incised,v. incise 的过去式
incising,v. incise 的现在分词
newborns,n. newborn 的复数形式
chapbooks,n. chapbook 的复数形式
devastated,v. devastate 的过去式
devastating,v. devastate 的现在分词
hollands,n. holland 的复数形式
arcades,n. arcade 的复数形式
camouflages,n. camouflage 的复数形式
waterpowers,n. waterpower 的复数形式
breas,n. brea 的复数形式
toolmakers,n. toolmaker 的复数形式
wallpapers,n. wallpaper 的复数形式
igloos,n. igloo 的复数形式
formalized,v. formalize 的过去式
formalizing,v. formalize 的现在分词
geographers,n. geographer 的复数形式
fieldstones,n. fieldstone 的复数形式
lumieres,n. lumiere 的复数形式
mules,n. mule 的复数形式
krills,n. krill 的复数形式
coastlines,n. coastline 的复数形式
draperies,n. drapery 的复数形式
utes,n. ute 的复数形式
relocated,v. relocate 的过去式
relocating,v. relocate 的现在分词
pangaeas,n. pangaea 的复数形式
lyses,n. lys 的复数形式
sacs,n. sac 的复数形式
mainstays,n. mainstay 的复数形式
brilliances,n. brilliance 的复数形式
farces,n. farce 的复数形式
aborigines,n. aborigine 的复数形式
attested,v. attest 的过去式
attesting,v. attest 的现在分词
biographers,n. biographer 的复数形式
anglos,n. anglo 的复数形式
revivals,n. revival 的复数形式
signalers,n. signaler 的复数形式
penchants,n. penchant 的复数形式
sinkholes,n. sinkhole 的复数形式
cyanides,n. cyanide 的复数形式
flaxes,n. flax 的复数形式
timers,n. timer 的复数形式
revitalized,v. revitalize 的过去式
revitalizing,v. revitalize 的现在分词
protruded,v. protrude 的过去式
protruding,v. protrude 的现在分词
warped,v. warp 的过去式
warping,v. warp 的现在分词
baboons,n. baboon 的复数形式
blowholes,n. blowhole 的复数形式
receptors,n. receptor 的复数形式
valses,n. valse 的复数形式
discoverers,n. discoverer 的复数形式
conifers,n. conifer 的复数形式
botanists,n. botanist 的复数形式
narrators,n. narrator 的复数形式
incas,n. inca 的复数形式
incursions,n. incursion 的复数形式
subsided,v. subside 的过去式
subsiding,v. subside 的现在分词
tenements,n. tenement 的复数形式
rending,v. rend 的现在分词
masers,n. maser 的复数形式
resins,n. resin 的复数形式
caverns,n. cavern 的复数形式
enveloped,v. envelop 的过去式
enveloping,v. envelop 的现在分词
microns,n. micron 的复数形式
fodders,n. fodder 的复数形式
photoflashes,n. photoflash 的复数形式
cramping,v. cramp 的现在分词
reversals,n. reversal 的复数形式
virtuosities,n. virtuosity 的复数形式
retracted,v. retract 的过去式
retracting,v. retract 的现在分词
retrievals,n. retrieval 的复数形式
navigators,n. navigator 的复数形式
airflows,n. airflow 的复数形式
detracted,v. detract 的过去式
detracting,v. detract 的现在分词
bluefins,n. bluefin 的复数形式
providences,n. providence 的复数形式
catharses,n. catharsis 的复数形式
chlorides,n. chloride 的复数形式
aristocrats,n. aristocrat 的复数形式
magnesia,n. magnesium 的复数形式
engulfed,v. engulf 的过去式
engulfing,v. engulf 的现在分词
symbolisms,n. symbolism 的复数形式
hardnesses,n. hardness 的复数形式
alps,n. alp 的复数形式
affinities,n. affinity 的复数形式
disproved,v. disprove 的过去式
disproving,v. disprove 的现在分词
woodworkers,n. woodworker 的复数形式
babylonians,n. babylonian 的复数形式
inscribed,v. inscribe 的过去式
inscribing,v. inscribe 的现在分词
uplifted,v. uplift 的过去式
uplifting,v. uplift 的现在分词
typified,v. typify 的过去式
typifying,v. typify 的现在分词
peregrines,n. peregrine 的复数形式
tapestries,n. tapestry 的复数形式
influxes,n. influx 的复数形式
landmasses,n. landmass 的复数形式
glassmakers,n. glassmaker 的复数形式
nsses,n. nss 的复数形式
seashores,n. seashore 的复数形式
fairgrounds,n. fairground 的复数形式
naturalisms,n. naturalism 的复数形式
stances,n. stance 的复数形式
thaws,n. thaw 的复数形式
quarries,n. quarry 的复数形式
ethologies,n. ethology 的复数形式
amendments,n. amendment 的复数形式
foragers,n. forager 的复数形式
impended,v. impend 的过去式
topsoils,n. topsoil 的复数形式
outsiders,n. outsider 的复数形式
sellers,n. seller 的复数形式
castes,n. caste 的复数形式
antecedents,n. antecedent 的复数形式
disloyalties,n. disloyalty 的复数形式
nystatins,n. nystatin 的复数形式
gatherers,n. gatherer 的复数形式
sprawled,v. sprawl 的过去式
sprawling,v. sprawl 的现在分词
petals,n. petal 的复数形式
germania,n. germanium 的复数形式
statuaries,n. statuary 的复数形式
hyphas,n. hypha 的复数形式
fattened,v. fatten 的过去式
fattening,v. fatten 的现在分词
expanses,n. expanse 的复数形式
prams,n. pram 的复数形式
boulders,n. boulder 的复数形式
bathhouses,n. bathhouse 的复数形式
ionized,v. ionize 的过去式
ionizing,v. ionize 的现在分词
hollywoods,n. hollywood 的复数形式
ducts,n. duct 的复数形式
reelections,n. reelection 的复数形式
midairs,n. midair 的复数形式
crocodiles,n. crocodile 的复数形式
usefulnesses,n. usefulness 的复数形式
updrafts,n. updraft 的复数形式
flagpoles,n. flagpole 的复数形式
invoked,v. invoke 的过去式
invoking,v. invoke 的现在分词
twains,n. twain 的复数形式
pathogens,n. pathogen 的复数形式
inuits,n. inuit 的复数形式
feldspars,n. feldspar 的复数形式
needleworks,n. needlework 的复数形式
impositions,n. imposition 的复数形式
caribous,n. caribou 的复数形式
onsets,n. onset 的复数形式
constricted,v. constrict 的过去式
constricting,v. constrict 的现在分词
virginians,n. virginian 的复数形式
drynesses,n. dryness 的复数形式
locales,n. locale 的复数形式
rodeos,n. rodeo 的复数形式
mussels,n. mussel 的复数形式
cyans,n. cyan 的复数形式
clams,n. clam 的复数形式
mismatched,v. mismatch 的过去式
mismatching,v. mismatch 的现在分词
extolled,v. extol 的过去式
extolling,v. extol 的现在分词
prizefights,n. prizefight 的复数形式
inactivities,n. inactivity 的复数形式
spawned,v. spawn 的过去式
spawning,v. spawn 的现在分词
lobes,n. lobe 的复数形式
firearms,n. firearm 的复数形式
linguists,n. linguist 的复数形式
cortices,n. cortex 的复数形式
artifacts,n. artifact 的复数形式
curators,n. curator 的复数形式
originators,n. originator 的复数形式
pacifiers,n. pacifier 的复数形式
puls,n. pul 的复数形式
humannesses,n. humanness 的复数形式
intruders,n. intruder 的复数形式
rhetorics,n. rhetoric 的复数形式
clumps,n. clump 的复数形式
immaturities,n. immaturity 的复数形式
overcrowded,v. overcrowd 的过去式
overcrowding,v. overcrowd 的现在分词
brines,n. brine 的复数形式
jades,n. jade 的复数形式
lapises,n. lapis 的复数形式
lazulis,n. lazuli 的复数形式
sewages,n. sewage 的复数形式
imageries,n. imagery 的复数形式
hydropowers,n. hydropower 的复数形式
granules,n. granule 的复数形式
circumvented,v. circumvent 的过去式
circumventing,v. circumvent 的现在分词
achondrites,n. achondrite 的复数形式
foliages,n. foliage 的复数形式
maximized,v. maximize 的过去式
maximizing,v. maximize 的现在分词
bushmans,n. bushman 的复数形式
porcupines,n. porcupine 的复数形式
percussions,n. percussion 的复数形式
crisscrosses,n. crisscross 的复数形式
rifts,n. rift 的复数形式
clavichords,n. clavichord 的复数形式
trilobites,n. trilobite 的复数形式
converters,n. converter 的复数形式
octopi,n. octopus 的复数形式
minimalists,n. minimalist 的复数形式
storefronts,n. storefront 的复数形式
cacti,n. cactus 的复数形式
improvised,v. improvise 的过去式
improvising,v. improvise 的现在分词
showmans,n. showman 的复数形式
alaskans,n. alaskan 的复数形式
perpetuated,v. perpetuate 的过去式
perpetuating,v. perpetuate 的现在分词
afterlives,n. afterlife 的复数形式
shoemakers,n. shoemaker 的复数形式
handicrafts,n. handicraft 的复数形式
airstreams,n. airstream 的复数形式
flashbulbs,n. flashbulb 的复数形式
icicles,n. icicle 的复数形式
funnels,n. funnel 的复数形式
overshadowed,v. overshadow 的过去式
overshadowing,v. overshadow 的现在分词
broadleafs,n. broadleaf 的复数形式
brants,n. brant 的复数形式
megawatts,n. megawatt 的复数形式
limners,n. limner 的复数形式
swimmers,n. swimmer 的复数形式
husbandries,n. husbandry 的复数形式
matrices,n. matrix 的复数形式
epitomes,n. epitome 的复数形式
dropstones,n. dropstone 的复数形式
portrayals,n. portrayal 的复数形式
hexagons,n. hexagon 的复数形式
ascents,n. ascent 的复数形式
talbots,n. talbot 的复数形式
oversaw,v. oversee 的过去式
overseeing,v. oversee 的现在分词
deities,n. deity 的复数形式
phosphoruses,n. phosphorus 的复数形式
burrows,n. burrow 的复数形式
yarns,n. yarn 的复数形式
plasmas,n. plasma 的复数形式
ironworks,n. ironwork 的复数形式
unearthed,v. unearth 的过去式
unearthing,v. unearth 的现在分词
situating,v. situate 的现在分词
mallets,n. mallet 的复数形式
guncottons,n. guncotton 的复数形式
fathoms,n. fathom 的复数形式
pantomimes,n. pantomime 的复数形式
alligators,n. alligator 的复数形式
continuums,n. continuum 的复数形式
shorelines,n. shoreline 的复数形式
sedges,n. sedge 的复数形式
laments,n. lament 的复数形式
estuaries,n. estuary 的复数形式
withdrawals,n. withdrawal 的复数形式
embers,n. ember 的复数形式
sorghums,n. sorghum 的复数形式
locomotions,n. locomotion 的复数形式
dimes,n. dime 的复数形式
disruptions,n. disruption 的复数形式
growers,n. grower 的复数形式
raindrops,n. raindrop 的复数形式
sunflowers,n. sunflower 的复数形式
instigated,v. instigate 的过去式
instigating,v. instigate 的现在分词
gateways,n. gateway 的复数形式
tricycles,n. tricycle 的复数形式
orogenies,n. orogeny 的复数形式
composts,n. compost 的复数形式
residencies,n. residency 的复数形式
brewsters,n. brewster 的复数形式
lithographs,n. lithograph 的复数形式
yews,n. yew 的复数形式
coerced,v. coerce 的过去式
coercing,v. coerce 的现在分词
revered,v. revere 的过去式
revering,v. revere 的现在分词
birches,n. birch 的复数形式
prospectors,n. prospector 的复数形式
battleships,n. battleship 的复数形式
skepticisms,n. skepticism 的复数形式
economists,n. economist 的复数形式
delineated,v. delineate 的过去式
delineating,v. delineate 的现在分词
referents,n. referent 的复数形式
outwashes,n. outwash 的复数形式
intersected,v. intersect 的过去式
intersecting,v. intersect 的现在分词
yales,n. yale 的复数形式
redwoods,n. redwood 的复数形式
shrinkages,n. shrinkage 的复数形式
detachments,n. detachment 的复数形式
gullies,n. gully 的复数形式
innovators,n. innovator 的复数形式
taverns,n. tavern 的复数形式
shins,n. shin 的复数形式
mandarins,n. mandarin 的复数形式
guildes,n. guilde 的复数形式
iroquoises,n. iroquois 的复数形式
ectotherms,n. ectotherm 的复数形式
aqueducts,n. aqueduct 的复数形式
befriended,v. befriend 的过去式
befriending,v. befriend 的现在分词
ryes,n. rye 的复数形式
titania,n. titanium 的复数形式
antagonisms,n. antagonism 的复数形式
dramatized,v. dramatize 的过去式
dramatizing,v. dramatize 的现在分词
delfts,n. delft 的复数形式
chariots,n. chariot 的复数形式
platelets,n. platelet 的复数形式
accreted,v. accrete 的过去式
accreting,v. accrete 的现在分词
metalworks,n. metalwork 的复数形式
bulldozers,n. bulldozer 的复数形式
alchemists,n. alchemist 的复数形式
reelected,v. reelect 的过去式
reelecting,v. reelect 的现在分词
tapeworms,n. tapeworm 的复数形式
languished,v. languish 的过去式
languishing,v. languish 的现在分词
mythologies,n. mythology 的复数形式
latenesses,n. lateness 的复数形式
newcomers,n. newcomer 的复数形式
prerecorded,v. prerecord 的过去式
prerecording,v. prerecord 的现在分词
dispensed,v. dispense 的过去式
dispensing,v. dispense 的现在分词
gibbons,n. gibbon 的复数形式
raccoons,n. raccoon 的复数形式
arousals,n. arousal 的复数形式
avalanches,n. avalanche 的复数形式
ibexes,n. ibex 的复数形式
cessations,n. cessation 的复数形式
snowdrifts,n. snowdrift 的复数形式
accordions,n. accordion 的复数形式
manures,n. manure 的复数形式
clovers,n. clover 的复数形式
masonries,n. masonry 的复数形式
tributaries,n. tributary 的复数形式
epistles,n. epistle 的复数形式
bergs,n. berg 的复数形式
corpora,n. corpus 的复数形式
methyls,n. methyl 的复数形式
worshippers,n. worshipper 的复数形式
receptacles,n. receptacle 的复数形式
imitators,n. imitator 的复数形式
edifices,n. edifice 的复数形式
surmised,v. surmise 的过去式
surmising,v. surmise 的现在分词
disdains,n. disdain 的复数形式
antis,n. anti 的复数形式
predisposed,v. predispose 的过去式
predisposing,v. predispose 的现在分词
aviators,n. aviator 的复数形式
subtleties,n. subtlety 的复数形式
streetcars,n. streetcar 的复数形式
oscillated,v. oscillate 的过去式
oscillating,v. oscillate 的现在分词
developers,n. developer 的复数形式
gourds,n. gourd 的复数形式
landowners,n. landowner 的复数形式
panes,n. pane 的复数形式
redbuds,n. redbud 的复数形式
bullrushes,n. bullrush 的复数形式
speculators,n. speculator 的复数形式
nodules,n. nodule 的复数形式
dormancies,n. dormancy 的复数形式
basketries,n. basketry 的复数形式
emulsions,n. emulsion 的复数形式
deprecated,v. deprecate 的过去式
deprecating,v. deprecate 的现在分词
infusions,n. infusion 的复数形式
coconuts,n. coconut 的复数形式
infancies,n. infancy 的复数形式
credences,n. credence 的复数形式
maroons,n. maroon 的复数形式
immunities,n. immunity 的复数形式
peripheries,n. periphery 的复数形式
condensers,n. condenser 的复数形式
alkaloids,n. alkaloid 的复数形式
televised,v. televise 的过去式
televising,v. televise 的现在分词
labellums,n. labellum 的复数形式
fisheries,n. fishery 的复数形式
necroses,n. necrosis 的复数形式
stags,n. stag 的复数形式
encroached,v. encroach 的过去式
encroaching,v. encroach 的现在分词
syllables,n. syllable 的复数形式
temperas,n. tempera 的复数形式
dogwoods,n. dogwood 的复数形式
planks,n. plank 的复数形式
neutralized,v. neutralize 的过去式
neutralizing,v. neutralize 的现在分词
condors,n. condor 的复数形式
attainments,n. attainment 的复数形式
waterfronts,n. waterfront 的复数形式
regularized,v. regularize 的过去式
regularizing,v. regularize 的现在分词
contours,n. contour 的复数形式
kiwis,n. kiwi 的复数形式
diffused,v. diffuses 的过去式
diffusing,v. diffuses 的现在分词
backdrops,n. backdrop 的复数形式
journalisms,n. journalism 的复数形式
nectars,n. nectar 的复数形式
adornments,n. adornment 的复数形式
assortments,n. assortment 的复数形式
astounded,v. astound 的过去式
germinated,v. germinate 的过去式
germinating,v. germinate 的现在分词
viscosities,n. viscosity 的复数形式
dated,v. dating 的过去式
supporters,n. supporter 的复数形式
vacancies,n. vacancy 的复数形式
augers,n. auger 的复数形式
validated,v. validate 的过去式
validating,v. validate 的现在分词
sulfides,n. sulfide 的复数形式
ethers,n. ether 的复数形式
tenons,n. tenon 的复数形式
whittles,n. whittle 的复数形式
dehydrated,v. dehydrate 的过去式
dehydrating,v. dehydrate 的现在分词
aminos,n. amino 的复数形式
regoliths,n. regolith 的复数形式
marrows,n. marrow 的复数形式
ptarmigans,n. ptarmigan 的复数形式
percolated,v. percolate 的过去式
percolating,v. percolate 的现在分词
mineralized,v. mineralize 的过去式
mineralizing,v. mineralize 的现在分词
bedcovers,n. bedcover 的复数形式
pinheads,n. pinhead 的复数形式
immersions,n. immersion 的复数形式
scubas,n. scuba 的复数形式
landslides,n. landslide 的复数形式
counteracted,v. counteract 的过去式
counteracting,v. counteract 的现在分词
statures,n. stature 的复数形式
spurges,n. spurge 的复数形式
calotypes,n. calotype 的复数形式
needlefishes,n. needlefish 的复数形式
fireballs,n. fireball 的复数形式
meteors,n. meteor 的复数形式
etched,v. etch 的过去式
artistries,n. artistry 的复数形式
magnetized,v. magnetize 的过去式
magnetizing,v. magnetize 的现在分词
recesses,n. recess 的复数形式
bonitos,n. bonito 的复数形式
elongated,v. elongate 的过去式
elongating,v. elongate 的现在分词
linoleums,n. linoleum 的复数形式
utterances,n. utterance 的复数形式
treasuries,n. treasury 的复数形式
heartbeats,n. heartbeat 的复数形式
scats,n. scat 的复数形式
uplands,n. upland 的复数形式
wingspans,n. wingspan 的复数形式
anvils,n. anvil 的复数形式
excellences,n. excellence 的复数形式
loggerheads,n. loggerhead 的复数形式
dikes,n. dike 的复数形式
rooftops,n. rooftop 的复数形式
caputs,n. caput 的复数形式
animated,v. animate 的过去式
animating,v. animate 的现在分词
acreages,n. acreage 的复数形式
reabsorbed,v. reabsorb 的过去式
reabsorbing,v. reabsorb 的现在分词
rawhides,n. rawhide 的复数形式
flutes,n. flute 的复数形式
pedagogies,n. pedagogy 的复数形式
reapers,n. reaper 的复数形式
nomads,n. nomad 的复数形式
lifeways,n. lifeway 的复数形式
facades,n. facade 的复数形式
neurons,n. neuron 的复数形式
commensals,n. commensal 的复数形式
metabolized,v. metabolize 的过去式
metabolizing,v. metabolize 的现在分词
diversified,v. diversify 的过去式
diversifying,v. diversify 的现在分词
neurosporas,n. neurospora 的复数形式
paucities,n. paucity 的复数形式
burins,n. burin 的复数形式
walruses,n. walrus 的复数形式
incubators,n. incubator 的复数形式
poorhouses,n. poorhouse 的复数形式
excitations,n. excitation 的复数形式
porpoises,n. porpoise 的复数形式
emanated,v. emanate 的过去式
emanating,v. emanate 的现在分词
shunned,v. shun 的过去式
shunning,v. shun 的现在分词
sleepinesses,n. sleepiness 的复数形式
onenesses,n. oneness 的复数形式
excreted,v. excrete 的过去式
excreting,v. excrete 的现在分词
infections,n. infection 的复数形式
analysts,n. analyst 的复数形式
regulators,n. regulator 的复数形式
morphologies,n. morphology 的复数形式
hiccups,n. hiccup 的复数形式
platypuses,n. platypus 的复数形式
halites,n. halite 的复数形式
subsisted,v. subsist 的过去式
subsisting,v. subsist 的现在分词
conestogas,n. conestoga 的复数形式
readerships,n. readership 的复数形式
squandered,v. squander 的过去式
squandering,v. squander 的现在分词
chicopees,n. chicopee 的复数形式
verbalized,v. verbalize 的过去式
verbalizing,v. verbalize 的现在分词
celluloses,n. cellulose 的复数形式
yams,n. yam 的复数形式
allocations,n. allocation 的复数形式
vantages,n. vantage 的复数形式
objectified,v. objectify 的过去式
objectifying,v. objectify 的现在分词
vacated,v. vacate 的过去式
vacating,v. vacate 的现在分词
tusks,n. tusk 的复数形式
subtitles,n. subtitle 的复数形式
rigidities,n. rigidity 的复数形式
riverbanks,n. riverbank 的复数形式
landslips,n. landslip 的复数形式
vibrations,n. vibration 的复数形式
snouts,n. snout 的复数形式
peats,n. peat 的复数形式
mystiques,n. mystique 的复数形式
handers,n. hander 的复数形式
alphas,n. alpha 的复数形式
sleepers,n. sleeper 的复数形式
colonizers,n. colonizer 的复数形式
wellands,n. welland 的复数形式
inceptions,n. inception 的复数形式
nonfictions,n. nonfiction 的复数形式
sandals,n. sandal 的复数形式
grottos,n. grotto 的复数形式
prostrated,v. prostrate 的过去式
prostrating,v. prostrate 的现在分词
protectors,n. protector 的复数形式
humps,n. hump 的复数形式
divas,n. diva 的复数形式
cougars,n. cougar 的复数形式
smears,n. smear 的复数形式
ochers,n. ocher 的复数形式
obliterated,v. obliterate 的过去式
obliterating,v. obliterate 的现在分词
midways,n. midway 的复数形式
fungicides,n. fungicide 的复数形式
annihilated,v. annihilate 的过去式
annihilating,v. annihilate 的现在分词
divergences,n. divergence 的复数形式
gramas,n. grama 的复数形式
rhyolites,n. rhyolite 的复数形式
gessos,n. gesso 的复数形式
deferences,n. deference 的复数形式
wefts,n. weft 的复数形式
pendants,n. pendant 的复数形式
generalists,n. generalist 的复数形式
kennels,n. kennel 的复数形式
postmasters,n. postmaster 的复数形式
renounced,v. renounce 的过去式
renouncing,v. renounce 的现在分词
urbanisms,n. urbanism 的复数形式
chitins,n. chitin 的复数形式
adjuncts,n. adjunct 的复数形式
glassworks,n. glasswork 的复数形式
sated,v. sate 的过去式
sating,v. sate 的现在分词
fliers,n. flier 的复数形式
punctures,n. puncture 的复数形式
glycosides,n. glycoside 的复数形式
preforms,n. preform 的复数形式
sepals,n. sepal 的复数形式
snippets,n. snippet 的复数形式
coyotes,n. coyote 的复数形式
endowments,n. endowment 的复数形式
puddles,n. puddle 的复数形式
proboscises,n. proboscis 的复数形式
crimsons,n. crimson 的复数形式
exhaustions,n. exhaustion 的复数形式
polyphonies,n. polyphony 的复数形式
cornets,n. cornet 的复数形式
chivalries,n. chivalry 的复数形式
paraphrases,n. paraphrase 的复数形式
discos,n. disco 的复数形式
nonselfs,n. nonself 的复数形式
ragtimes,n. ragtime 的复数形式
quasars,n. quasar 的复数形式
concertinas,n. concertina 的复数形式
quills,n. quill 的复数形式
bolstered,v. bolster 的过去式
bolstering,v. bolster 的现在分词
exhaled,v. exhale 的过去式
exhaling,v. exhale 的现在分词
angstroms,n. angstrom 的复数形式
microscopies,n. microscopy 的复数形式
narcotics,n. narcotic 的复数形式
narcoses,n. narcosis 的复数形式
embolisms,n. embolism 的复数形式
abrasions,n. abrasion 的复数形式
virgos,n. virgo 的复数形式
freighters,n. freighter 的复数形式
andromedas,n. andromeda 的复数形式
yardsticks,n. yardstick 的复数形式
exalting,v. exalt 的现在分词
monoxides,n. monoxide 的复数形式
ingots,n. ingot 的复数形式
grievances,n. grievance 的复数形式
notches,n. notch 的复数形式
shorebirds,n. shorebird 的复数形式
mandibles,n. mandible 的复数形式
attires,n. attire 的复数形式
unravelled,v. unravel 的过去式
unraveling,v. unravel 的现在分词
baedekers,n. baedeker 的复数形式
burghers,n. burgher 的复数形式
puffins,n. puffin 的复数形式
immobilities,n. immobility 的复数形式
filmmakers,n. filmmaker 的复数形式
understated,v. understate 的过去式
understating,v. understate 的现在分词
narrated,v. narrate 的过去式
narrating,v. narrate 的现在分词
consorts,n. consort 的复数形式
gannets,n. gannet 的复数形式
earners,n. earner 的复数形式
wrens,n. wren 的复数形式
kinglets,n. kinglet 的复数形式
uniformities,n. uniformity 的复数形式
priestesses,n. priestess 的复数形式
foresters,n. forester 的复数形式
spoilages,n. spoilage 的复数形式
solders,n. solder 的复数形式
harshnesses,n. harshness 的复数形式
collagens,n. collagen 的复数形式
resentments,n. resentment 的复数形式
grappled,v. grapple 的过去式
grappling,v. grapple 的现在分词
armories,n. armory 的复数形式
courtships,n. courtship 的复数形式
corselets,n. corselet 的复数形式
keeling,v. keel 的现在分词
secrecies,n. secrecy 的复数形式
liras,n. lira 的复数形式
livelihoods,n. livelihood 的复数形式
impediments,n. impediment 的复数形式
silhouettes,n. silhouette 的复数形式
mudstones,n. mudstone 的复数形式
carcasses,n. carcass 的复数形式
offshoots,n. offshoot 的复数形式
weldons,n. weldon 的复数形式
stoneworks,n. stonework 的复数形式
mantels,n. mantel 的复数形式
reappeared,v. reappear 的过去式
reappearing,v. reappear 的现在分词
cartons,n. carton 的复数形式
elegances,n. elegance 的复数形式
duchennes,n. duchenne 的复数形式
waterfowls,n. waterfowl 的复数形式
riverbeds,n. riverbed 的复数形式
stipulated,v. stipulate 的过去式
stipulating,v. stipulate 的现在分词
sandbars,n. sandbar 的复数形式
contingents,n. contingent 的复数形式
faucets,n. faucet 的复数形式
homeotherms,n. homeotherm 的复数形式
drapes,n. drape 的复数形式
burgeons,n. burgeon 的复数形式
ashcans,n. ashcan 的复数形式
flyspecks,n. flyspeck 的复数形式
rennins,n. rennin 的复数形式
mandated,v. mandate 的过去式
mandating,v. mandate 的现在分词
peacetimes,n. peacetime 的复数形式
nobilities,n. nobility 的复数形式
threshers,n. thresher 的复数形式
enactments,n. enactment 的复数形式
incinerated,v. incinerate 的过去式
incinerating,v. incinerate 的现在分词
canyons,n. canyon 的复数形式
falconers,n. falconer 的复数形式
liens,n. lien 的复数形式
starfishes,n. starfish 的复数形式
phylums,n. phylum 的复数形式
spinets,n. spinet 的复数形式
supremacies,n. supremacy 的复数形式
passageways,n. passageway 的复数形式
bluffs,n. bluff 的复数形式
saguaros,n. saguaro 的复数形式
taproots,n. taproot 的复数形式
fired,v. firing 的过去式
heeds,n. heed 的复数形式
adequacies,n. adequacy 的复数形式
minstrels,n. minstrel 的复数形式
phosphates,n. phosphate 的复数形式
stretchers,n. stretcher 的复数形式
hooves,n. hoof 的复数形式
discolored,v. discolor 的过去式
forelegs,n. foreleg 的复数形式
buckskins,n. buckskin 的复数形式
fortified,v. fortify 的过去式
fortifying,v. fortify 的现在分词
suspenders,n. suspender 的复数形式
tourniquets,n. tourniquet 的复数形式
bandannas,n. bandanna 的复数形式
harems,n. harem 的复数形式
everests,n. everest 的复数形式
jawbones,n. jawbone 的复数形式
facelifts,n. facelift 的复数形式
massifs,n. massif 的复数形式
sterilized,v. sterilize 的过去式
sterilizing,v. sterilize 的现在分词
reentered,v. reenter 的过去式
reentering,v. reenter 的现在分词
rapports,n. rapport 的复数形式
gripes,n. gripe 的复数形式
railheads,n. railhead 的复数形式
quinas,n. quina 的复数形式
exhilarated,v. exhilarate 的过去式
exhilarating,v. exhilarate 的现在分词
premieres,n. premiere 的复数形式
screened,v. screening 的过去式
substrates,n. substrate 的复数形式
sustenances,n. sustenance 的复数形式
loesses,n. loess 的复数形式
roughnesses,n. roughness 的复数形式
electros,n. electro 的复数形式
ballads,n. ballad 的复数形式
ratified,v. ratify 的过去式
ratifying,v. ratify 的现在分词
conflated,v. conflate 的过去式
conflating,v. conflate 的现在分词
cardboards,n. cardboard 的复数形式
catechisms,n. catechism 的复数形式
convections,n. convection 的复数形式
creditors,n. creditor 的复数形式
crayfishes,n. crayfish 的复数形式
enforcers,n. enforcer 的复数形式
ostracized,v. ostracize 的过去式
ostracizing,v. ostracize 的现在分词
thinkers,n. thinker 的复数形式
songwriters,n. songwriter 的复数形式
inducements,n. inducement 的复数形式
vogues,n. vogue 的复数形式
grinders,n. grinder 的复数形式
aligned,v. align 的过去式
aligning,v. align 的现在分词
caucasians,n. caucasian 的复数形式
crescents,n. crescent 的复数形式
gospels,n. gospel 的复数形式
recreated,v. recreate 的过去式
recreating,v. recreate 的现在分词
resonators,n. resonator 的复数形式
jewetts,n. jewett 的复数形式
fens,n. fen 的复数形式
pretensions,n. pretension 的复数形式
digestions,n. digestion 的复数形式
secretins,n. secretin 的复数形式
hamlins,n. hamlin 的复数形式
crustaceans,n. crustacean 的复数形式
lobsters,n. lobster 的复数形式
blisses,n. bliss 的复数形式
empresses,n. empress 的复数形式
refurbished,v. refurbish 的过去式
refurbishing,v. refurbish 的现在分词
fidelities,n. fidelity 的复数形式
emblems,n. emblem 的复数形式
yuans,n. yuan 的复数形式
cheaters,n. cheater 的复数形式
discontents,n. discontent 的复数形式
bongos,n. bongo 的复数形式
recitals,n. recital 的复数形式
woodwinds,n. woodwind 的复数形式
seekers,n. seeker 的复数形式
pylons,n. pylon 的复数形式
deceases,n. decease 的复数形式
cults,n. cult 的复数形式
federalists,n. federalist 的复数形式
sonars,n. sonar 的复数形式
breakages,n. breakage 的复数形式
herbicides,n. herbicide 的复数形式
genus,n. genu 的复数形式
rarities,n. rarity 的复数形式
fended,v. fend 的过去式
fending,v. fend 的现在分词
genotypes,n. genotype 的复数形式
myxomas,n. myxoma 的复数形式
intaglios,n. intaglio 的复数形式
blockages,n. blockage 的复数形式
aphids,n. aphid 的复数形式
airways,n. airway 的复数形式
overruns,n. overrun 的复数形式
netherlands,n. netherland 的复数形式
overkilled,v. overkill 的过去式
overkilling,v. overkill 的现在分词
athenians,n. athenian 的复数形式
milligrams,n. milligram 的复数形式
suppliers,n. supplier 的复数形式
closenesses,n. closeness 的复数形式
viabilities,n. viability 的复数形式
keelboats,n. keelboat 的复数形式
reprinted,v. reprint 的过去式
reprinting,v. reprint 的现在分词
loosenesses,n. looseness 的复数形式
romanized,v. romanize 的过去式
romanizing,v. romanize 的现在分词
teacups,n. teacup 的复数形式
insistences,n. insistence 的复数形式
unbalanced,v. unbalance 的过去式
unbalancing,v. unbalance 的现在分词
hieroglyphs,n. hieroglyph 的复数形式
upheavals,n. upheaval 的复数形式
inflections,n. inflection 的复数形式
thwarted,v. thwart 的过去式
thwarting,v. thwart 的现在分词
floes,n. floe 的复数形式
synonyms,n. synonym 的复数形式
eletricities,n. eletricity 的复数形式
depictions,n. depiction 的复数形式
monoids,n. monoid 的复数形式
catchments,n. catchment 的复数形式
tambourines,n. tambourine 的复数形式
fluidities,n. fluidity 的复数形式
almanacs,n. almanac 的复数形式
loyalists,n. loyalist 的复数形式
reorganized,v. reorganize 的过去式
reorganizing,v. reorganize 的现在分词
crowbars,n. crowbar 的复数形式
residues,n. residue 的复数形式
moistened,v. moisten 的过去式
moistening,v. moisten 的现在分词
crucibles,n. crucible 的复数形式
flotations,n. flotation 的复数形式
hydrations,n. hydration 的复数形式
leafcutters,n. leafcutter 的复数形式
forebears,n. forebear 的复数形式
topographies,n. topography 的复数形式
clergymans,n. clergyman 的复数形式
kinks,n. kink 的复数形式
driveways,n. driveway 的复数形式
hermits,n. hermit 的复数形式
pathways,n. pathway 的复数形式
lvories,n. lvory 的复数形式
deluges,n. deluge 的复数形式
turnips,n. turnip 的复数形式
congestions,n. congestion 的复数形式
engendered,v. engender 的过去式
engendering,v. engender 的现在分词
landsmans,n. landsman 的复数形式
albedoes,n. albedo 的复数形式
gists,n. gist 的复数形式
forefronts,n. forefront 的复数形式
classicisms,n. classicism 的复数形式
foresights,n. foresight 的复数形式
chipmunks,n. chipmunk 的复数形式
jays,n. jay 的复数形式
implicated,v. implicate 的过去式
implicating,v. implicate 的现在分词
shortwaves,n. shortwave 的复数形式
processors,n. processor 的复数形式
fallouts,n. fallout 的复数形式
alumni,n. alumnus 的复数形式
tenets,n. tenet 的复数形式
loggers,n. logger 的复数形式
aides,n. aide 的复数形式
overgrew,v. overgrow 的过去式
overgrowing,v. overgrow 的现在分词
calibers,n. caliber 的复数形式
millets,n. millet 的复数形式
intimacies,n. intimacy 的复数形式
cavalries,n. cavalry 的复数形式
frays,n. fray 的复数形式
tinges,n. tinge 的复数形式
dyestuffs,n. dyestuff 的复数形式
southerners,n. southerner 的复数形式
outriggers,n. outrigger 的复数形式
primacies,n. primacy 的复数形式
sagos,n. sago 的复数形式
breadfruits,n. breadfruit 的复数形式
taros,n. taro 的复数形式
sugarcanes,n. sugarcane 的复数形式
nitrates,n. nitrate 的复数形式
extremities,n. extremity 的复数形式
spillages,n. spillage 的复数形式
citizenries,n. citizenry 的复数形式
smelters,n. smelter 的复数形式
pennycresses,n. pennycress 的复数形式
petioles,n. petiole 的复数形式
shoshones,n. shoshone 的复数形式
londoners,n. londoner 的复数形式
microbes,n. microbe 的复数形式
tepees,n. tepee 的复数形式
pawnees,n. pawnee 的复数形式
outcrops,n. outcrop 的复数形式
parishes,n. parish 的复数形式
totalities,n. totality 的复数形式
emigrations,n. emigration 的复数形式
patriarches,n. patriarch 的复数形式
grandeurs,n. grandeur 的复数形式
detrituses,n. detritus 的复数形式
lipids,n. lipid 的复数形式
toeholds,n. toehold 的复数形式
eons,n. eon 的复数形式
cuspidors,n. cuspidor 的复数形式
activists,n. activist 的复数形式
doorknobs,n. doorknob 的复数形式
tiebacks,n. tieback 的复数形式
mistrusted,v. mistrust 的过去式
mistrusting,v. mistrust 的现在分词
shoppers,n. shopper 的复数形式
stagecrafts,n. stagecraft 的复数形式
lifebloods,n. lifeblood 的复数形式
bedpans,n. bedpan 的复数形式
duets,n. duet 的复数形式
wands,n. wand 的复数形式
cuds,n. cud 的复数形式
inhibitions,n. inhibition 的复数形式
subjugated,v. subjugate 的过去式
subjugating,v. subjugate 的现在分词
laminas,n. lamina 的复数形式
rations,n. ration 的复数形式
exponents,n. exponent 的复数形式
seclusions,n. seclusion 的复数形式
puritans,n. puritan 的复数形式
ruminated,v. ruminate 的过去式
ruminating,v. ruminate 的现在分词
milkweeds,n. milkweed 的复数形式
permafrosts,n. permafrost 的复数形式
enamels,n. enamel 的复数形式
gossamers,n. gossamer 的复数形式
colorations,n. coloration 的复数形式
butlers,n. butler 的复数形式
caribbeans,n. caribbean 的复数形式
anatomies,n. anatomy 的复数形式
flints,n. flint 的复数形式
ciders,n. cider 的复数形式
bards,n. bard 的复数形式
flatboats,n. flatboat 的复数形式
peals,n. peal 的复数形式
corianders,n. coriander 的复数形式
tedia,n. tedium 的复数形式
foothills,n. foothill 的复数形式
chateaux,n. chateau 的复数形式
husks,n. husk 的复数形式
emigrants,n. emigrant 的复数形式
quitters,n. quitter 的复数形式
unsettled,v. unsettle 的过去式
unsettling,v. unsettle 的现在分词
reoriented,v. reorient 的过去式
reorienting,v. reorient 的现在分词
portended,v. portend 的过去式
portending,v. portend 的现在分词
neatnesses,n. neatness 的复数形式
chugs,n. chug 的复数形式
loders,n. loder 的复数形式
homespuns,n. homespun 的复数形式
discredited,v. discredit 的过去式
discrediting,v. discredit 的现在分词
exclusions,n. exclusion 的复数形式
floodplains,n. floodplain 的复数形式
sills,n. sill 的复数形式
misdeeds,n. misdeed 的复数形式
dripstones,n. dripstone 的复数形式
dapples,n. dapple 的复数形式
welts,n. welt 的复数形式
loams,n. loam 的复数形式
petticoats,n. petticoat 的复数形式
stratified,v. stratify 的过去式
stratifying,v. stratify 的现在分词
basketworks,n. basketwork 的复数形式
acidities,n. acidity 的复数形式
thimbles,n. thimble 的复数形式
buyers,n. buyer 的复数形式
pinholes,n. pinhole 的复数形式
wintertimes,n. wintertime 的复数形式
cobbles,n. cobble 的复数形式
totemisms,n. totemism 的复数形式
allusions,n. allusion 的复数形式
proclivities,n. proclivity 的复数形式
recounted,v. recount 的过去式
recounting,v. recount 的现在分词
escutcheons,n. escutcheon 的复数形式
supermodels,n. supermodel 的复数形式
stubbles,n. stubble 的复数形式
flouts,n. flout 的复数形式
inflows,n. inflow 的复数形式
onslaughts,n. onslaught 的复数形式
soloists,n. soloist 的复数形式
ponies,n. pony 的复数形式
morales,n. morale 的复数形式
sludges,n. sludge 的复数形式
hallmarks,n. hallmark 的复数形式
beaux,n. beau 的复数形式
vibratoes,n. vibrato 的复数形式
blackbirds,n. blackbird 的复数形式
lacunas,n. lacuna 的复数形式
enigmas,n. enigma 的复数形式
fiddlers,n. fiddler 的复数形式
carnivals,n. carnival 的复数形式
assemblages,n. assemblage 的复数形式
dedications,n. dedication 的复数形式
vigilances,n. vigilance 的复数形式
ordinances,n. ordinance 的复数形式
tethers,n. tether 的复数形式
syrups,n. syrup 的复数形式
sewerages,n. sewerage 的复数形式
urbanities,n. urbanity 的复数形式
avoidances,n. avoidance 的复数形式
binges,n. binge 的复数形式
quicksands,n. quicksand 的复数形式
einkorns,n. einkorn 的复数形式
pistachios,n. pistachio 的复数形式
proprieties,n. propriety 的复数形式
glasswares,n. glassware 的复数形式
singletons,n. singleton 的复数形式
joineries,n. joinery 的复数形式
swiftnesses,n. swiftness 的复数形式
seabirds,n. seabird 的复数形式
polarized,v. polarize 的过去式
polarizing,v. polarize 的现在分词
trickled,v. trickle 的过去式
trickling,v. trickle 的现在分词
admirals,n. admiral 的复数形式
slats,n. slat 的复数形式
geysers,n. geyser 的复数形式
stabilizers,n. stabilizer 的复数形式
clamors,n. clamor 的复数形式
marshlands,n. marshland 的复数形式
visceras,n. viscera 的复数形式
shipwrights,n. shipwright 的复数形式
blackened,v. blacken 的过去式
blackening,v. blacken 的现在分词
venues,n. venue 的复数形式
anathemas,n. anathema 的复数形式
bergeres,n. bergere 的复数形式
americanas,n. americana 的复数形式
strongholds,n. stronghold 的复数形式
plethoras,n. plethora 的复数形式
dungs,n. dung 的复数形式
invigorated,v. invigorate 的过去式
invigorating,v. invigorate 的现在分词
civets,n. civet 的复数形式
setups,n. setup 的复数形式
rephrased,v. rephrase 的过去式
rephrasing,v. rephrase 的现在分词
moats,n. moat 的复数形式
replicas,n. replica 的复数形式
aridities,n. aridity 的复数形式
therapists,n. therapist 的复数形式
attackers,n. attacker 的复数形式
schists,n. schist 的复数形式
rimes,n. rime 的复数形式
artistes,n. artiste 的复数形式
fallacies,n. fallacy 的复数形式
vitascopes,n. vitascope 的复数形式
bengs,n. beng 的复数形式
healers,n. healer 的复数形式
panhandles,n. panhandle 的复数形式
belters,n. belter 的复数形式
terylenes,n. terylene 的复数形式
creases,n. crease 的复数形式
rayons,n. rayon 的复数形式
indigos,n. indigo 的复数形式
woads,n. woad 的复数形式
salals,n. salal 的复数形式
acetates,n. acetate 的复数形式
saffrons,n. saffron 的复数形式
ritualized,v. ritualize 的过去式
ritualizing,v. ritualize 的现在分词
tellers,n. teller 的复数形式
abruptnesses,n. abruptness 的复数形式
sliders,n. slider 的复数形式
clevernesses,n. cleverness 的复数形式
loungers,n. lounger 的复数形式
dugouts,n. dugout 的复数形式
moccasins,n. moccasin 的复数形式
fiords,n. fiord 的复数形式
fixations,n. fixation 的复数形式
meteoroids,n. meteoroid 的复数形式
pulps,n. pulp 的复数形式
sods,n. sod 的复数形式
microcosms,n. microcosm 的复数形式
unsurenesses,n. unsureness 的复数形式
sewers,n. sewer 的复数形式
flatfishes,n. flatfish 的复数形式
attics,n. attic 的复数形式
buttes,n. butte 的复数形式
sobriquets,n. sobriquet 的复数形式
renamed,v. rename 的过去式
renaming,v. rename 的现在分词
awoke,v. awaken 的过去式
awaking,v. awaken 的现在分词
governances,n. governance 的复数形式
deformities,n. deformity 的复数形式
girders,n. girder 的复数形式
bustled,v. bustle 的过去式
bustling,v. bustle 的现在分词
abbreviated,v. abbreviate 的过去式
abbreviating,v. abbreviate 的现在分词
advisers,n. adviser 的复数形式
pathologies,n. pathology 的复数形式
helpers,n. helper 的复数形式
curvatures,n. curvature 的复数形式
endpoints,n. endpoint 的复数形式
datebases,n. datebase 的复数形式
shynesses,n. shyness 的复数形式
dissensions,n. dissension 的复数形式
breakups,n. breakup 的复数形式
bylaws,n. bylaw 的复数形式
republished,v. republish 的过去式
republishing,v. republish 的现在分词
categorized,v. categorize 的过去式
categorizing,v. categorize 的现在分词
lineages,n. lineage 的复数形式
piques,n. pique 的复数形式
newscasts,n. newscast 的复数形式
antipathies,n. antipathy 的复数形式
glistened,v. glisten 的过去式
glistening,v. glisten 的现在分词
predated,v. predate 的过去式
predating,v. predate 的现在分词
empathies,n. empathy 的复数形式
hardwoods,n. hardwood 的复数形式
sashes,n. sash 的复数形式
heredities,n. heredity 的复数形式
amenities,n. amenity 的复数形式
changeovers,n. changeover 的复数形式
meandered,v. meander 的过去式
meandering,v. meander 的现在分词
skylights,n. skylight 的复数形式
contenders,n. contender 的复数形式
emancipated,v. emancipate 的过去式
emancipating,v. emancipate 的现在分词
leos,n. leo 的复数形式
bankruptcies,n. bankruptcy 的复数形式
consortia,n. consortium 的复数形式
curios,n. curio 的复数形式
chandlers,n. chandler 的复数形式
specks,n. speck 的复数形式
encircled,v. encircle 的过去式
encircling,v. encircle 的现在分词
surmounted,v. surmount 的过去式
surmounting,v. surmount 的现在分词
mycologies,n. mycology 的复数形式
gleaned,v. glean 的过去式
gleaning,v. glean 的现在分词
watchers,n. watcher 的复数形式
ostriches,n. ostrich 的复数形式
tints,n. tint 的复数形式
varves,n. varve 的复数形式
oilskins,n. oilskin 的复数形式
ploys,n. ploy 的复数形式
squeaks,n. squeak 的复数形式
heroisms,n. heroism 的复数形式
matrons,n. matron 的复数形式
stratagems,n. stratagem 的复数形式
voles,n. vole 的复数形式
mimicked,v. mimic 的过去式
mimicing,v. mimic 的现在分词
rivets,n. rivet 的复数形式
flyways,n. flyway 的复数形式
nozzles,n. nozzle 的复数形式
bonanzas,n. bonanza 的复数形式
overburdened,v. overburden 的过去式
overburdening,v. overburden 的现在分词
creeks,n. creek 的复数形式
wasters,n. waster 的复数形式
stamfords,n. stamford 的复数形式
trappers,n. trapper 的复数形式
enthusiasts,n. enthusiast 的复数形式
shoeshines,n. shoeshine 的复数形式
confluences,n. confluence 的复数形式
crunches,n. crunch 的复数形式
mormons,n. mormon 的复数形式
trestles,n. trestle 的复数形式
ravines,n. ravine 的复数形式
wildcatters,n. wildcatter 的复数形式
onlookers,n. onlooker 的复数形式
follies,n. folly 的复数形式
trespassers,n. trespasser 的复数形式
refiners,n. refiner 的复数形式
remodelled,v. remodel 的过去式
remodeling,v. remodel 的现在分词
seepages,n. seepage 的复数形式
ponytails,n. ponytail 的复数形式
facsimiles,n. facsimile 的复数形式
birthrights,n. birthright 的复数形式
hatcheries,n. hatchery 的复数形式
depots,n. depot 的复数形式
slapsticks,n. slapstick 的复数形式
hairdos,n. hairdo 的复数形式
maracas,n. maraca 的复数形式
beaters,n. beater 的复数形式
crazes,n. craze 的复数形式
blips,n. blip 的复数形式
tapirs,n. tapir 的复数形式
vestiges,n. vestige 的复数形式
mystified,v. mystify 的过去式
mystifying,v. mystify 的现在分词
mesmerized,v. mesmerize 的过去式
mesmerizing,v. mesmerize 的现在分词
springtimes,n. springtime 的复数形式
sleds,n. sled 的复数形式
pickaxes,n. pickaxe 的复数形式
holms,n. holm 的复数形式
trainloads,n. trainload 的复数形式
ziggurats,n. ziggurat 的复数形式
troupes,n. troupe 的复数形式
foghorns,n. foghorn 的复数形式
plums,n. plum 的复数形式
stilts,n. stilt 的复数形式
steles,n. stele 的复数形式
chronologies,n. chronology 的复数形式
eminences,n. eminence 的复数形式
beacons,n. beacon 的复数形式
prearranged,v. prearrange 的过去式
prearranging,v. prearrange 的现在分词
cithers,n. cither 的复数形式
sturdinesses,n. sturdiness 的复数形式
wickers,n. wicker 的复数形式
mirages,n. mirage 的复数形式
repertories,n. repertory 的复数形式
nearnesses,n. nearness 的复数形式
pavlovas,n. pavlova 的复数形式
schoolrooms,n. schoolroom 的复数形式
ignitions,n. ignition 的复数形式
interjected,v. interject 的过去式
interjecting,v. interject 的现在分词
lightnesses,n. lightness 的复数形式
resonances,n. resonance 的复数形式
allegories,n. allegory 的复数形式
livelinesses,n. liveliness 的复数形式
stenches,n. stench 的复数形式
slimes,n. slime 的复数形式
terns,n. tern 的复数形式
storerooms,n. storeroom 的复数形式
alluded,v. allude 的过去式
alluding,v. allude 的现在分词
sunbursts,n. sunburst 的复数形式
disciples,n. disciple 的复数形式
tadpoles,n. tadpole 的复数形式
propensities,n. propensity 的复数形式
wildflowers,n. wildflower 的复数形式
stifled,v. stifle 的过去式
stifling,v. stifle 的现在分词
forays,n. foray 的复数形式
lacquers,n. lacquer 的复数形式
gobis,n. gobi 的复数形式
embroidered,v. embroider 的过去式
embroidering,v. embroider 的现在分词
drugstores,n. drugstore 的复数形式
speckles,n. speckle 的复数形式
overrode,v. override 的过去式
overriding,v. override 的现在分词
citadels,n. citadel 的复数形式
manifestos,n. manifesto 的复数形式
endeared,v. endear 的过去式
endearing,v. endear 的现在分词
frivolities,n. frivolity 的复数形式
womanhoods,n. womanhood 的复数形式
luces,n. luce 的复数形式
belles,n. belle 的复数形式
fragilities,n. fragility 的复数形式
fervors,n. fervor 的复数形式
seduced,v. seduce 的过去式
seducing,v. seduce 的现在分词
paychecks,n. paycheck 的复数形式
solitudes,n. solitude 的复数形式
farmhands,n. farmhand 的复数形式
tardinesses,n. tardiness 的复数形式
harvesters,n. harvester 的复数形式
transposed,v. transpose 的过去式
transposing,v. transpose 的现在分词
coherences,n. coherence 的复数形式
gouaches,n. gouache 的复数形式
yelps,n. yelp 的复数形式
philologies,n. philology 的复数形式
balsams,n. balsam 的复数形式
zoologies,n. zoology 的复数形式
horsebacks,n. horseback 的复数形式
replanted,v. replant 的过去式
replanting,v. replant 的现在分词
haciendas,n. hacienda 的复数形式
oversights,n. oversight 的复数形式
stingers,n. stinger 的复数形式
inundated,v. inundate 的过去式
inundating,v. inundate 的现在分词
lusters,n. luster 的复数形式
drainpipes,n. drainpipe 的复数形式
claywares,n. clayware 的复数形式
mermaids,n. mermaid 的复数形式
plazas,n. plaza 的复数形式
slayed,v. slay 的过去式
slaying,v. slay 的现在分词
epithets,n. epithet 的复数形式
difluorides,n. difluoride 的复数形式
zirconia,n. zirconium 的复数形式
blisters,n. blister 的复数形式
statuettes,n. statuette 的复数形式
impinged,v. impinge 的过去式
impinging,v. impinge 的现在分词
flavins,n. flavin 的复数形式
aluminas,n. alumina 的复数形式
worthinesses,n. worthiness 的复数形式
syntaxes,n. syntax 的复数形式
loudnesses,n. loudness 的复数形式
shrouds,n. shroud 的复数形式
landholders,n. landholder 的复数形式
moralisms,n. moralism 的复数形式
dunes,n. dune 的复数形式
monarchies,n. monarchy 的复数形式
flowerpots,n. flowerpot 的复数形式
resales,n. resale 的复数形式
profusions,n. profusion 的复数形式
seacoasts,n. seacoast 的复数形式
dislodged,v. dislodge 的过去式
dislodging,v. dislodge 的现在分词
lints,n. lint 的复数形式
shortnesses,n. shortness 的复数形式
wirephotos,n. wirephoto 的复数形式
comminuted,v. comminute 的过去式
comminuting,v. comminute 的现在分词
cognitions,n. cognition 的复数形式
forelimbs,n. forelimb 的复数形式
lagoons,n. lagoon 的复数形式
crests,n. crest 的复数形式
centralities,n. centrality 的复数形式
procured,v. procure 的过去式
procuring,v. procure 的现在分词
summertimes,n. summertime 的复数形式
meltdowns,n. meltdown 的复数形式
steppers,n. stepper 的复数形式
smoothnesses,n. smoothness 的复数形式
dichotomies,n. dichotomy 的复数形式
clippers,n. clipper 的复数形式
woks,n. wok 的复数形式
dissenters,n. dissenter 的复数形式
unanimities,n. unanimity 的复数形式
hoppers,n. hopper 的复数形式
ratchets,n. ratchet 的复数形式
conductions,n. conduction 的复数形式
kinsmans,n. kinsman 的复数形式
forefathers,n. forefather 的复数形式
torpors,n. torpor 的复数形式
trumpeters,n. trumpeter 的复数形式
clockmakers,n. clockmaker 的复数形式
linkages,n. linkage 的复数形式
vigors,n. vigor 的复数形式
rejoined,v. rejoin 的过去式
rejoining,v. rejoin 的现在分词
debtors,n. debtor 的复数形式
wrappers,n. wrapper 的复数形式
orphanages,n. orphanage 的复数形式
florists,n. florist 的复数形式
daddies,n. daddy 的复数形式
hordes,n. horde 的复数形式
reverted,v. revert 的过去式
reverting,v. revert 的现在分词
dutchmans,n. dutchman 的复数形式
pelts,n. pelt 的复数形式
lowas,n. lowa 的复数形式
pellas,n. pella 的复数形式
goldsmiths,n. goldsmith 的复数形式
woodblocks,n. woodblock 的复数形式
volatilities,n. volatility 的复数形式
pikes,n. pike 的复数形式
seaboards,n. seaboard 的复数形式
guarantors,n. guarantor 的复数形式
carnations,n. carnation 的复数形式
sties,n. sty 的复数形式
oases,n. oasis 的复数形式
venoms,n. venom 的复数形式
anteaters,n. anteater 的复数形式
vagaries,n. vagary 的复数形式
modulations,n. modulation 的复数形式
marsupials,n. marsupial 的复数形式
dwindled,v. dwindle 的过去式
dwindling,v. dwindle 的现在分词
belugas,n. beluga 的复数形式
enrichments,n. enrichment 的复数形式
printmakers,n. printmaker 的复数形式
rationales,n. rationale 的复数形式
serigraphies,n. serigraphy 的复数形式
chimps,n. chimp 的复数形式
lieus,n. lieu 的复数形式
parkways,n. parkway 的复数形式
boulevards,n. boulevard 的复数形式
omissions,n. omission 的复数形式
preexisted,v. preexist 的过去式
preexisting,v. preexist 的现在分词
sidewalks,n. sidewalk 的复数形式
brokers,n. broker 的复数形式
pollinated,v. pollinate 的过去式
pollinating,v. pollinate 的现在分词
runways,n. runway 的复数形式
intrusions,n. intrusion 的复数形式
inactivated,v. inactivate 的过去式
inactivating,v. inactivate 的现在分词
boons,n. boon 的复数形式
racetracks,n. racetrack 的复数形式
boomers,n. boomer 的复数形式
strugglers,n. struggler 的复数形式
impregnated,v. impregnate 的过去式
impregnating,v. impregnate 的现在分词
bequests,n. bequest 的复数形式
cuticles,n. cuticle 的复数形式
immobilized,v. immobilize 的过去式
immobilizing,v. immobilize 的现在分词
deterrents,n. deterrent 的复数形式
infested,v. infest 的过去式
infesting,v. infest 的现在分词
ranchos,n. rancho 的复数形式
mastodons,n. mastodon 的复数形式
scams,n. scam 的复数形式
learners,n. learner 的复数形式
postdated,v. postdate 的过去式
postdating,v. postdate 的现在分词
senders,n. sender 的复数形式
affixed,v. affix 的过去式
affixing,v. affix 的现在分词
obsessed,v. obsess 的过去式
obsessing,v. obsess 的现在分词
demolished,v. demolish 的过去式
demolishing,v. demolish 的现在分词
glaciated,v. glaciate 的过去式
glaciating,v. glaciate 的现在分词
ambiences,n. ambience 的复数形式
frenzies,n. frenzy 的复数形式
melodramas,n. melodrama 的复数形式
cincinnatis,n. cincinnati 的复数形式
troves,n. trove 的复数形式
acronyms,n. acronym 的复数形式
labyrinths,n. labyrinth 的复数形式
rubbles,n. rubble 的复数形式
yesteryears,n. yesteryear 的复数形式
lores,n. lore 的复数形式
mortars,n. mortar 的复数形式
tablelands,n. tableland 的复数形式
fullnesses,n. fullness 的复数形式
recoils,n. recoil 的复数形式
fortes,n. forte 的复数形式
hammerheads,n. hammerhead 的复数形式
oats,n. oat 的复数形式
upsurges,n. upsurge 的复数形式
midoceans,n. midocean 的复数形式
omnibuses,n. omnibus 的复数形式
catalyzed,v. catalyze 的过去式
catalyzing,v. catalyze 的现在分词
scavenged,v. scavenge 的过去式
scavenging,v. scavenge 的现在分词
treetops,n. treetop 的复数形式
ancestries,n. ancestry 的复数形式
dulcimers,n. dulcimer 的复数形式
twines,n. twine 的复数形式
forecasters,n. forecaster 的复数形式
humilities,n. humility 的复数形式
precursors,n. precursor 的复数形式
economized,v. economize 的过去式
economizing,v. economize 的现在分词
havens,n. haven 的复数形式
custodians,n. custodian 的复数形式
stagnated,v. stagnate 的过去式
stagnating,v. stagnate 的现在分词
civilities,n. civility 的复数形式
shudders,n. shudder 的复数形式
insanities,n. insanity 的复数形式
pinons,n. pinon 的复数形式
junipers,n. juniper 的复数形式
eviscerated,v. eviscerate 的过去式
eviscerating,v. eviscerate 的现在分词
inanities,n. inanity 的复数形式
romancers,n. romancer 的复数形式
gourmets,n. gourmet 的复数形式
humanists,n. humanist 的复数形式
satirists,n. satirist 的复数形式
distended,v. distend 的过去式
distending,v. distend 的现在分词
compos,n. compo 的复数形式
pressurized,v. pressurize 的过去式
pressurizing,v. pressurize 的现在分词
freshnesses,n. freshness 的复数形式
wearers,n. wearer 的复数形式
reexamined,v. reexamine 的过去式
reexamining,v. reexamine 的现在分词
prodded,v. prod 的过去式
brisknesses,n. briskness 的复数形式
moralized,v. moralize 的过去式
moralizing,v. moralize 的现在分词
platitudes,n. platitude 的复数形式
comers,n. comer 的复数形式
scowls,n. scowl 的复数形式
gyrations,n. gyration 的复数形式
vaguenesses,n. vagueness 的复数形式
urbanized,v. urbanize 的过去式
urbanizing,v. urbanize 的现在分词
galvanized,v. galvanize 的过去式
galvanizing,v. galvanize 的现在分词
underworlds,n. underworld 的复数形式
foreshadowed,v. foreshadow 的过去式
foreshadowing,v. foreshadow 的现在分词
plaints,n. plaint 的复数形式
amazements,n. amazement 的复数形式
urgencies,n. urgency 的复数形式
subclasses,n. subclass 的复数形式
prominences,n. prominence 的复数形式
importers,n. importer 的复数形式
foundries,n. foundry 的复数形式
refinements,n. refinement 的复数形式
earthworms,n. earthworm 的复数形式
nostrils,n. nostril 的复数形式
uniquenesses,n. uniqueness 的复数形式
shapers,n. shaper 的复数形式
occupancies,n. occupancy 的复数形式
mastheads,n. masthead 的复数形式
gazettes,n. gazette 的复数形式
expos,n. expo 的复数形式
signers,n. signer 的复数形式
frills,n. frill 的复数形式
megafossils,n. megafossil 的复数形式
jobbers,n. jobber 的复数形式
wholesalers,n. wholesaler 的复数形式
sweatshops,n. sweatshop 的复数形式
heydays,n. heyday 的复数形式
sidelines,n. sideline 的复数形式
modicums,n. modicum 的复数形式
decorators,n. decorator 的复数形式
innkeepers,n. innkeeper 的复数形式
peddlers,n. peddler 的复数形式
contractors,n. contractor 的复数形式
cubisms,n. cubism 的复数形式
prodigies,n. prodigy 的复数形式
renters,n. renter 的复数形式
claimants,n. claimant 的复数形式
saddened,v. sadden 的过去式
saddening,v. sadden 的现在分词
starches,n. starch 的复数形式
packers,n. packer 的复数形式
negated,v. negate 的过去式
negating,v. negate 的现在分词
creepers,n. creeper 的复数形式
bluebirds,n. bluebird 的复数形式
larks,n. lark 的复数形式
figureheads,n. figurehead 的复数形式
snipes,n. snipe 的复数形式
icons,n. icon 的复数形式
antelopes,n. antelope 的复数形式
aies,n. aie 的复数形式
imbibed,v. imbibe 的过去式
imbibing,v. imbibe 的现在分词
agilities,n. agility 的复数形式
overheated,v. overheat 的过去式
overheating,v. overheat 的现在分词
rehydrated,v. rehydrate 的过去式
rehydrating,v. rehydrate 的现在分词
efficacies,n. efficacy 的复数形式
dilutions,n. dilution 的复数形式
timidities,n. timidity 的复数形式
stonemasons,n. stonemason 的复数形式
biters,n. biter 的复数形式
grits,n. grit 的复数形式
inchworms,n. inchworm 的复数形式
eyelids,n. eyelid 的复数形式
hatchets,n. hatchet 的复数形式
petrified,v. petrify 的过去式
petrifying,v. petrify 的现在分词
occupants,n. occupant 的复数形式
lotuses,n. lotus 的复数形式
unbinding,v. unbind 的现在分词
defenders,n. defender 的复数形式
volcanisms,n. volcanism 的复数形式
subductions,n. subduction 的复数形式
blackouts,n. blackout 的复数形式
jolts,n. jolt 的复数形式
bandleaders,n. bandleader 的复数形式
ballrooms,n. ballroom 的复数形式
obligated,v. obligate 的过去式
obligating,v. obligate 的现在分词
blowers,n. blower 的复数形式
goldfishes,n. goldfish 的复数形式
decors,n. decor 的复数形式
frescos,n. fresco 的复数形式
rooks,n. rook 的复数形式
honeycombs,n. honeycomb 的复数形式
pentagons,n. pentagon 的复数形式
corsets,n. corset 的复数形式
sheepskins,n. sheepskin 的复数形式
breeches,n. breech 的复数形式
mitigated,v. mitigate 的过去式
mitigating,v. mitigate 的现在分词
feuds,n. feud 的复数形式
knuckles,n. knuckle 的复数形式
bulldozed,v. bulldoze 的过去式
bulldozing,v. bulldoze 的现在分词
woodlots,n. woodlot 的复数形式
teles,n. tele 的复数形式
profiteers,n. profiteer 的复数形式
arsenals,n. arsenal 的复数形式
ordnances,n. ordnance 的复数形式
tycoons,n. tycoon 的复数形式
stickpins,n. stickpin 的复数形式
rumbles,n. rumble 的复数形式
gunfires,n. gunfire 的复数形式
ameliorated,v. ameliorate 的过去式
ameliorating,v. ameliorate 的现在分词
heartbreaks,n. heartbreak 的复数形式
northerners,n. northerner 的复数形式
roadways,n. roadway 的复数形式
promoters,n. promoter 的复数形式
hydras,n. hydra 的复数形式
tractions,n. traction 的复数形式
dictaphones,n. dictaphone 的复数形式
codified,v. codify 的过去式
codifying,v. codify 的现在分词
entrenched,v. entrench 的过去式
entrenching,v. entrench 的现在分词
demolitions,n. demolition 的复数形式
sawyers,n. sawyer 的复数形式
melanges,n. melange 的复数形式
watersides,n. waterside 的复数形式
kiosks,n. kiosk 的复数形式
cordwainers,n. cordwainer 的复数形式
annexes,n. annex 的复数形式
spanks,n. spank 的复数形式
newberries,n. newberry 的复数形式
captivated,v. captivate 的过去式
captivating,v. captivate 的现在分词
sargeants,n. sargeant 的复数形式
gentilities,n. gentility 的复数形式
plasticities,n. plasticity 的复数形式
jibed,v. jibe 的过去式
jibing,v. jibe 的现在分词
kneading,v. knead 的现在分词
borons,n. boron 的复数形式
chlorines,n. chlorine 的复数形式
bromines,n. bromine 的复数形式
gushes,n. gush 的复数形式
keas,n. kea 的复数形式
ponts,n. pont 的复数形式
resettled,v. resettle 的过去式
resettling,v. resettle 的现在分词
pointes,n. pointe 的复数形式
demerits,n. demerit 的复数形式
relevances,n. relevance 的复数形式
wanderers,n. wanderer 的复数形式
rebirths,n. rebirth 的复数形式
folklores,n. folklore 的复数形式
fumigated,v. fumigate 的过去式
fumigating,v. fumigate 的现在分词
roes,n. roe 的复数形式
slownesses,n. slowness 的复数形式
wolds,n. wold 的复数形式
abalones,n. abalone 的复数形式
mimes,n. mime 的复数形式
drams,n. dram 的复数形式
urchins,n. urchin 的复数形式
demobilized,v. demobilize 的过去式
demobilizing,v. demobilize 的现在分词
palimpsests,n. palimpsest 的复数形式
lusted,v. lust 的过去式
lusting,v. lust 的现在分词
maws,n. maw 的复数形式
bryns,n. bryn 的复数形式
trilogies,n. trilogy 的复数形式
dictions,n. diction 的复数形式
hankered,v. hanker 的过去式
hankering,v. hanker 的现在分词
garbs,n. garb 的复数形式
cowhands,n. cowhand 的复数形式
taxonomies,n. taxonomy 的复数形式
evennesses,n. evenness 的复数形式
depositors,n. depositor 的复数形式
splinters,n. splinter 的复数形式
tonnages,n. tonnage 的复数形式
mainsheets,n. mainsheet 的复数形式
locomoted,v. locomote 的过去式
locomoting,v. locomote 的现在分词
mollusks,n. mollusk 的复数形式
rediscovered,v. rediscover 的过去式
rediscovering,v. rediscover 的现在分词
sequestered,v. sequester 的过去式
sequestering,v. sequester 的现在分词
serums,n. serum 的复数形式
adrenalines,n. adrenaline 的复数形式
milieus,n. milieu 的复数形式
gibed,v. gibe 的过去式
gibing,v. gibe 的现在分词
proprietors,n. proprietor 的复数形式
lintels,n. lintel 的复数形式
corrals,n. corral 的复数形式
playwrights,n. playwright 的复数形式
chars,n. char 的复数形式
synapses,n. synapsis 的复数形式
arthritises,n. arthritis 的复数形式
whims,n. whim 的复数形式
stewpots,n. stewpot 的复数形式
spars,n. spar 的复数形式
doughs,n. dough 的复数形式
flairs,n. flair 的复数形式
potions,n. potion 的复数形式
elixirs,n. elixir 的复数形式
quakers,n. quaker 的复数形式
untwisted,v. untwist 的过去式
untwisting,v. untwist 的现在分词
flues,n. flue 的复数形式
pivoting,v. pivot 的现在分词
crusades,n. crusade 的复数形式
ageisms,n. ageism 的复数形式
luminosities,n. luminosity 的复数形式
renditions,n. rendition 的复数形式
elasticities,n. elasticity 的复数形式
cartilages,n. cartilage 的复数形式
penmanships,n. penmanship 的复数形式
tinkers,n. tinker 的复数形式
podia,n. podium 的复数形式
homages,n. homage 的复数形式
hypertexts,n. hypertext 的复数形式
bedrocks,n. bedrock 的复数形式
newsprints,n. newsprint 的复数形式
infiltrated,v. infiltrate 的过去式
infiltrating,v. infiltrate 的现在分词
captivities,n. captivity 的复数形式
antonyms,n. antonym 的复数形式
aftermaths,n. aftermath 的复数形式
detergents,n. detergent 的复数形式
salamanders,n. salamander 的复数形式
hitches,n. hitch 的复数形式
anomies,n. anomie 的复数形式
ordeals,n. ordeal 的复数形式
wretches,n. wretch 的复数形式
bagels,n. bagel 的复数形式
adversaries,n. adversary 的复数形式
shrivelled,v. shrivel 的过去式
shrivelling,v. shrivel 的现在分词
quadruples,n. quadruple 的复数形式
condiments,n. condiment 的复数形式
certitudes,n. certitude 的复数形式
cookouts,n. cookout 的复数形式
chromosomes,n. chromosome 的复数形式
confessions,n. confession 的复数形式
meridians,n. meridian 的复数形式
clogs,n. clog 的复数形式
dilated,v. dilate 的过去式
dilating,v. dilate 的现在分词
syllabi,n. syllabus 的复数形式
influenzas,n. influenza 的复数形式
newsletters,n. newsletter 的复数形式
copilots,n. copilot 的复数形式
charismas,n. charisma 的复数形式
renowns,n. renown 的复数形式
liquefied,v. liquefy 的过去式
liquefying,v. liquefy 的现在分词
digressions,n. digression 的复数形式
grudges,n. grudge 的复数形式
melanins,n. melanin 的复数形式
lunges,n. lunge 的复数形式
overacted,v. overact 的过去式
overacting,v. overact 的现在分词
balks,n. balk 的复数形式
overslept,v. oversleep 的过去式
oversleeping,v. oversleep 的现在分词
oratorios,n. oratorio 的复数形式
opals,n. opal 的复数形式
dearths,n. dearth 的复数形式
balms,n. balm 的复数形式
tangents,n. tangent 的复数形式
blizzards,n. blizzard 的复数形式
craftsmans,n. craftsman 的复数形式
lopes,n. lope 的复数形式
ellipses,n. ellipse 的复数形式
aborted,v. abort 的过去式
aborting,v. abort 的现在分词
evacuations,n. evacuation 的复数形式
couriers,n. courier 的复数形式
stampedes,n. stampede 的复数形式
gorges,n. gorge 的复数形式
mannerisms,n. mannerism 的复数形式
perquisites,n. perquisite 的复数形式
monasteries,n. monastery 的复数形式
mazes,n. maze 的复数形式
backhands,n. backhand 的复数形式
turnouts,n. turnout 的复数形式
libels,n. libel 的复数形式
refractions,n. refraction 的复数形式
ailments,n. ailment 的复数形式
empiricisms,n. empiricism 的复数形式
annotations,n. annotation 的复数形式
maglevs,n. maglev 的复数形式
suspenses,n. suspense 的复数形式
gemstones,n. gemstone 的复数形式
shreds,n. shred 的复数形式
transacted,v. transact 的过去式
transacting,v. transact 的现在分词
havocs,n. havoc 的复数形式
deliria,n. delirium 的复数形式
ciphers,n. cipher 的复数形式
slackened,v. slacken 的过去式
slackening,v. slacken 的现在分词
diminutions,n. diminution 的复数形式
wanted,v. wanna 的过去式
wanting,v. wanna 的现在分词
cascaras,n. cascara 的复数形式
obituaries,n. obituary 的复数形式
plaudits,n. plaudit 的复数形式
flicks,n. flick 的复数形式
preludes,n. prelude 的复数形式
grumps,n. grump 的复数形式
allergies,n. allergy 的复数形式
confidants,n. confidant 的复数形式
leached,v. leach 的过去式
leaching,v. leach 的现在分词
knacks,n. knack 的复数形式
relievers,n. reliever 的复数形式
abated,v. abate 的过去式
abating,v. abate 的现在分词
stardoms,n. stardom 的复数形式
gaits,n. gait 的复数形式
stigmas,n. stigma 的复数形式
rebates,n. rebate 的复数形式
gouges,n. gouge 的复数形式
grouses,n. grouse 的复数形式
larynxes,n. larynx 的复数形式
waggles,n. waggle 的复数形式
salons,n. salon 的复数形式
matrimonies,n. matrimony 的复数形式
suffragists,n. suffragist 的复数形式
ethnologies,n. ethnology 的复数形式
terminuses,n. terminus 的复数形式
modernities,n. modernity 的复数形式
swindles,n. swindle 的复数形式
aromas,n. aroma 的复数形式
scourges,n. scourge 的复数形式
atrophies,n. atrophy 的复数形式
ambiguities,n. ambiguity 的复数形式
seismologies,n. seismology 的复数形式
hemps,n. hemp 的复数形式
braids,n. braid 的复数形式
simmers,n. simmer 的复数形式
sleighs,n. sleigh 的复数形式
traumas,n. trauma 的复数形式
hearsays,n. hearsay 的复数形式
auditions,n. audition 的复数形式
morgues,n. morgue 的复数形式
pocketbooks,n. pocketbook 的复数形式
pastels,n. pastel 的复数形式
middlemans,n. middleman 的复数形式
pinnacles,n. pinnacle 的复数形式
verbiages,n. verbiage 的复数形式
plumages,n. plumage 的复数形式
piracies,n. piracy 的复数形式
legislated,v. legislate 的过去式
legislating,v. legislate 的现在分词
laureates,n. laureate 的复数形式
oblongs,n. oblong 的复数形式
chagrins,n. chagrin 的复数形式
quotients,n. quotient 的复数形式
sapphires,n. sapphire 的复数形式
wanes,n. wane 的复数形式
datelines,n. dateline 的复数形式
enlisted,v. enlist 的过去式
enlisting,v. enlist 的现在分词
communes,n. commune 的复数形式
focalized,v. focalize 的过去式
focalizing,v. focalize 的现在分词
toadies,n. toady 的复数形式
embargoes,n. embargo 的复数形式
swoops,n. swoop 的复数形式
swoons,n. swoon 的复数形式
stanzas,n. stanza 的复数形式
trekking,v. trek 的现在分词
anarchists,n. anarchist 的复数形式
domiciles,n. domicile 的复数形式
treadmills,n. treadmill 的复数形式
artifices,n. artifice 的复数形式
consonants,n. consonant 的复数形式
sheaths,n. sheath 的复数形式
quanta,n. quantum 的复数形式
downsides,n. downside 的复数形式
lubricants,n. lubricant 的复数形式
insulins,n. insulin 的复数形式
monotonies,n. monotony 的复数形式
glimmers,n. glimmer 的复数形式
folkways,n. folkway 的复数形式
vaporized,v. vaporize 的过去式
vaporizing,v. vaporize 的现在分词
surcharges,n. surcharge 的复数形式
sidebars,n. sidebar 的复数形式
patronized,v. patronize 的过去式
patronizing,v. patronize 的现在分词
methanols,n. methanol 的复数形式
solicited,v. solicit 的过去式
soliciting,v. solicit 的现在分词
terrorisms,n. terrorism 的复数形式
nominees,n. nominee 的复数形式
curtsies,n. curtsy 的复数形式
midterms,n. midterm 的复数形式
suctions,n. suction 的复数形式
concords,n. concord 的复数形式
connoted,v. connote 的过去式
connoting,v. connote 的现在分词
aquaria,n. aquarium 的复数形式
sopranos,n. soprano 的复数形式
enunciated,v. enunciate 的过去式
enunciating,v. enunciate 的现在分词
sloughs,n. slough 的复数形式
sediments,n. sediment 的复数形式
fermented,v. ferment 的过去式
fermenting,v. ferment 的现在分词
potencies,n. potency 的复数形式
tarnished,v. tarnish 的过去式
tarnishing,v. tarnish 的现在分词
dupes,n. dupe 的复数形式
enacted,v. enact 的过去式
enacting,v. enact 的现在分词
pharaohs,n. pharaoh 的复数形式
scrutinized,v. scrutinize 的过去式
scrutinizing,v. scrutinize 的现在分词
realtors,n. realtor 的复数形式
nicotines,n. nicotine 的复数形式
critiques,n. critique 的复数形式
increments,n. increment 的复数形式
aptitudes,n. aptitude 的复数形式
daisies,n. daisy 的复数形式
spurns,n. spurn 的复数形式
plaques,n. plaque 的复数形式
membranes,n. membrane 的复数形式
operants,n. operant 的复数形式
faltered,v. falter 的过去式
faltering,v. falter 的现在分词
entourages,n. entourage 的复数形式
spheroids,n. spheroid 的复数形式
templates,n. template 的复数形式
similes,n. simile 的复数形式
soybeans,n. soybean 的复数形式
reapplied,v. reapply 的过去式
reapplying,v. reapply 的现在分词
novices,n. novice 的复数形式
conjured,v. conjure 的过去式
conjuring,v. conjure 的现在分词
hoards,n. hoard 的复数形式
dents,n. dent 的复数形式
asthmas,n. asthma 的复数形式
dosages,n. dosage 的复数形式
patriarchies,n. patriarchy 的复数形式
vocalized,v. vocalize 的过去式
vocalizing,v. vocalize 的现在分词
discords,n. discord 的复数形式
throngs,n. throng 的复数形式
saunters,n. saunter 的复数形式
hazels,n. hazel 的复数形式
zests,n. zest 的复数形式
lettuces,n. lettuce 的复数形式
submissions,n. submission 的复数形式
bouquets,n. bouquet 的复数形式
dragonflies,n. dragonfly 的复数形式
ultimata,n. ultimatum 的复数形式
advocacies,n. advocacy 的复数形式
cluttered,v. clutter 的过去式
cluttering,v. clutter 的现在分词
volants,n. volant 的复数形式
scathes,n. scathe 的复数形式
brigades,n. brigade 的复数形式
altimeters,n. altimeter 的复数形式
orthodoxies,n. orthodoxy 的复数形式
flaunts,n. flaunt 的复数形式
pervaded,v. pervade 的过去式
pervading,v. pervade 的现在分词
helixes,n. helix 的复数形式
guises,n. guise 的复数形式
automatons,n. automaton 的复数形式
resonated,v. resonate 的过去式
resonating,v. resonate 的现在分词
brazes,n. braze 的复数形式
pestilences,n. pestilence 的复数形式
soliloquies,n. soliloquy 的复数形式
gastronomies,n. gastronomy 的复数形式
witticisms,n. witticism 的复数形式
enumerated,v. enumerate 的过去式
enumerating,v. enumerate 的现在分词
moratoria,n. moratorium 的复数形式
undulated,v. undulate 的过去式
undulating,v. undulate 的现在分词
salvages,n. salvage 的复数形式
assays,n. assay 的复数形式
sermonized,v. sermonize 的过去式
sermonizing,v. sermonize 的现在分词
quadrants,n. quadrant 的复数形式
canines,n. canine 的复数形式
veracities,n. veracity 的复数形式
effulgences,n. effulgence 的复数形式
bravadoes,n. bravado 的复数形式
vacillated,v. vacillate 的过去式
vacillating,v. vacillate 的现在分词
travails,n. travail 的复数形式
excrements,n. excrement 的复数形式
assignees,n. assignee 的复数形式
assertions,n. assertion 的复数形式
regresses,n. regress 的复数形式
sealants,n. sealant 的复数形式
numerations,n. numeration 的复数形式
upturns,n. upturn 的复数形式
sterlings,n. sterling 的复数形式
dissected,v. dissect 的过去式
dissecting,v. dissect 的现在分词
cathodes,n. cathode 的复数形式
epitaphs,n. epitaph 的复数形式
commotions,n. commotion 的复数形式
pepsins,n. pepsin 的复数形式
codicils,n. codicil 的复数形式
dogmatists,n. dogmatist 的复数形式
emulated,v. emulate 的过去式
emulating,v. emulate 的现在分词
regales,n. regale 的复数形式
nemeses,n. nemesis 的复数形式
conundrums,n. conundrum 的复数形式
whines,n. whine 的复数形式
genomes,n. genome 的复数形式
recourses,n. recourse 的复数形式
assailants,n. assailant 的复数形式
brigands,n. brigand 的复数形式
aliases,n. alias 的复数形式
abeyances,n. abeyance 的复数形式
patriotisms,n. patriotism 的复数形式
demeanors,n. demeanor 的复数形式
recitations,n. recitation 的复数形式
atrocities,n. atrocity 的复数形式
vindicated,v. vindicate 的过去式
vindicating,v. vindicate 的现在分词
nonpluses,n. nonplus 的复数形式
omnivores,n. omnivore 的复数形式
nauseated,v. nauseate 的过去式
nauseating,v. nauseate 的现在分词
rues,n. rue 的复数形式
vitiated,v. vitiate 的过去式
vitiating,v. vitiate 的现在分词
sarcasms,n. sarcasm 的复数形式
aviaries,n. aviary 的复数形式
obviated,v. obviate 的过去式
obviating,v. obviate 的现在分词
debilitated,v. debilitate 的过去式
debilitating,v. debilitate 的现在分词
condoned,v. condone 的过去式
condoning,v. condone 的现在分词
wrests,n. wrest 的复数形式
infused,v. infuse 的过去式
infusing,v. infuse 的现在分词
timbres,n. timbre 的复数形式
imputed,v. impute 的过去式
imputing,v. impute 的现在分词
bowlers,n. bowler 的复数形式
gruffs,n. gruff 的复数形式
radiances,n. radiance 的复数形式
solicitudes,n. solicitude 的复数形式
prims,n. prim 的复数形式
repulses,n. repulse 的复数形式
dismissals,n. dismissal 的复数形式
irked,v. irk 的过去式
irking,v. irk 的现在分词
suasions,n. suasion 的复数形式
repositories,n. repository 的复数形式
adorations,n. adoration 的复数形式
ires,n. ire 的复数形式
trajectories,n. trajectory 的复数形式
stultified,v. stultify 的过去式
stultifying,v. stultify 的现在分词
surfeits,n. surfeit 的复数形式
litigants,n. litigant 的复数形式
apparitions,n. apparition 的复数形式
ruddies,n. ruddy 的复数形式
canned,v. cant 的过去式
pulverized,v. pulverize 的过去式
pulverizing,v. pulverize 的现在分词
revocations,n. revocation 的复数形式
zeniths,n. zenith 的复数形式
corneas,n. cornea 的复数形式
cerebellums,n. cerebellum 的复数形式
iconoclasts,n. iconoclast 的复数形式
upshots,n. upshot 的复数形式
fulminated,v. fulminate 的过去式
fulminating,v. fulminate 的现在分词
quarantines,n. quarantine 的复数形式
virtus,n. virtu 的复数形式
reprimands,n. reprimand 的复数形式
suffrages,n. suffrage 的复数形式
bailiffs,n. bailiff 的复数形式
savors,n. savor 的复数形式
quagmires,n. quagmire 的复数形式
posses,n. posse 的复数形式
nutriments,n. nutriment 的复数形式
bombasts,n. bombast 的复数形式
harassed,v. harass 的过去式
harassing,v. harass 的现在分词
calamities,n. calamity 的复数形式
amities,n. amity 的复数形式
junctures,n. juncture 的复数形式
askews,n. askew 的复数形式
cadenzas,n. cadenza 的复数形式
waifs,n. waif 的复数形式
hodgepodges,n. hodgepodge 的复数形式
ribalds,n. ribald 的复数形式
digits,n. digit 的复数形式
stealths,n. stealth 的复数形式
beakers,n. beaker 的复数形式
meddlers,n. meddler 的复数形式
integers,n. integer 的复数形式
cessions,n. cession 的复数形式
adjurations,n. adjuration 的复数形式
retouched,v. retouch 的过去式
retouching,v. retouch 的现在分词
haggards,n. haggard 的复数形式
acclivities,n. acclivity 的复数形式
virtuosos,n. virtuoso 的复数形式
adulated,v. adulate 的过去式
adulating,v. adulate 的现在分词
solecisms,n. solecism 的复数形式
mishaps,n. mishap 的复数形式
impromptus,n. impromptu 的复数形式
propellants,n. propellant 的复数形式
typographies,n. typography 的复数形式
diodes,n. diode 的复数形式
submersions,n. submersion 的复数形式
bursars,n. bursar 的复数形式
gratuities,n. gratuity 的复数形式
equanimities,n. equanimity 的复数形式
trammels,n. trammel 的复数形式
indigences,n. indigence 的复数形式
mariners,n. mariner 的复数形式
saccharines,n. saccharine 的复数形式
retinues,n. retinue 的复数形式
vociferated,v. vociferate 的过去式
vociferating,v. vociferate 的现在分词
credulities,n. credulity 的复数形式
apogees,n. apogee 的复数形式
levees,n. levee 的复数形式
colloids,n. colloid 的复数形式
admittances,n. admittance 的复数形式
detonated,v. detonate 的过去式
detonating,v. detonate 的现在分词
occults,n. occult 的复数形式
placentas,n. placenta 的复数形式
adhesions,n. adhesion 的复数形式
taunts,n. taunt 的复数形式
testaments,n. testament 的复数形式
acquainting,v. acquainted 的现在分词
recks,n. reck 的复数形式
centurions,n. centurion 的复数形式
recuperated,v. recuperate 的过去式
recuperating,v. recuperate 的现在分词
prehensions,n. prehension 的复数形式
effigies,n. effigy 的复数形式
rapines,n. rapine 的复数形式
outbursts,n. outburst 的复数形式
forthrights,n. forthright 的复数形式
accolades,n. accolade 的复数形式
organelles,n. organelle 的复数形式
mutations,n. mutation 的复数形式
stupors,n. stupor 的复数形式
bowdlerized,v. bowdlerize 的过去式
bowdlerizing,v. bowdlerize 的现在分词
puissants,n. puissant 的复数形式
divisors,n. divisor 的复数形式
venerated,v. venerate 的过去式
venerating,v. venerate 的现在分词
introspected,v. introspect 的过去式
introspecting,v. introspect 的现在分词
quails,n. quail 的复数形式
calumniated,v. calumniate 的过去式
calumniating,v. calumniate 的现在分词
acidified,v. acidify 的过去式
acidifying,v. acidify 的现在分词
callosities,n. callosity 的复数形式
calumnies,n. calumny 的复数形式
qualms,n. qualm 的复数形式
periscopes,n. periscope 的复数形式
paupers,n. pauper 的复数形式
colloquies,n. colloquy 的复数形式
coercions,n. coercion 的复数形式
preemptions,n. preemption 的复数形式
ensembles,n. ensemble 的复数形式
viceroys,n. viceroy 的复数形式
caucuses,n. caucus 的复数形式
miscounted,v. miscount 的过去式
miscounting,v. miscount 的现在分词
pageants,n. pageant 的复数形式
lacerated,v. lacerate 的过去式
lacerating,v. lacerate 的现在分词
fortitudes,n. fortitude 的复数形式
antibodies,n. antibody 的复数形式
sophisms,n. sophism 的复数形式
paragons,n. paragon 的复数形式
aliments,n. aliment 的复数形式
acrimonies,n. acrimony 的复数形式
volitions,n. volition 的复数形式
pedigrees,n. pedigree 的复数形式
scribbled,v. scribble 的过去式
scribbling,v. scribble 的现在分词
astringents,n. astringent 的复数形式
carnages,n. carnage 的复数形式
ureas,n. urea 的复数形式
serenities,n. serenity 的复数形式
guiles,n. guile 的复数形式
cameos,n. cameo 的复数形式
brigadiers,n. brigadier 的复数形式
baubles,n. bauble 的复数形式
tripods,n. tripod 的复数形式
cavils,n. cavil 的复数形式
hydrolyses,n. hydrolysis 的复数形式
usuries,n. usury 的复数形式
toxins,n. toxin 的复数形式
maligned,v. malign 的过去式
maligning,v. malign 的现在分词
foliated,v. foliate 的过去式
foliating,v. foliate 的现在分词
boles,n. bole 的复数形式
stipends,n. stipend 的复数形式
sleights,n. sleight 的复数形式
alcoves,n. alcove 的复数形式
sanguines,n. sanguine 的复数形式
consecrated,v. consecrate 的过去式
consecrating,v. consecrate 的现在分词
assassins,n. assassin 的复数形式
vistas,n. vista 的复数形式
humbugs,n. humbug 的复数形式
seethes,n. seethe 的复数形式
indolences,n. indolence 的复数形式
falsified,v. falsify 的过去式
falsifying,v. falsify 的现在分词
truncating,v. truncated 的现在分词
canaries,n. canary 的复数形式
wavelets,n. wavelet 的复数形式
amours,n. amour 的复数形式
habituated,v. habituate 的过去式
habituating,v. habituate 的现在分词
hedonisms,n. hedonism 的复数形式
garbles,n. garble 的复数形式
patters,n. patter 的复数形式
divulged,v. divulge 的过去式
divulging,v. divulge 的现在分词
lassitudes,n. lassitude 的复数形式
infirmaries,n. infirmary 的复数形式
neologisms,n. neologism 的复数形式
tumults,n. tumult 的复数形式
merriments,n. merriment 的复数形式
parses,n. parse 的复数形式
joggles,n. joggle 的复数形式
antedates,n. antedate 的复数形式
rowdies,n. rowdy 的复数形式
glycogens,n. glycogen 的复数形式
hardihoods,n. hardihood 的复数形式
enervated,v. enervate 的过去式
enervating,v. enervate 的现在分词
assonances,n. assonance 的复数形式
rebuts,n. rebut 的复数形式
pedagogues,n. pedagogue 的复数形式
aldermans,n. alderman 的复数形式
impunities,n. impunity 的复数形式
orators,n. orator 的复数形式
annuities,n. annuity 的复数形式
incubuses,n. incubus 的复数形式
asylums,n. asylum 的复数形式
avidities,n. avidity 的复数形式
sureties,n. surety 的复数形式
annotated,v. annotate 的过去式
annotating,v. annotate 的现在分词
tenures,n. tenure 的复数形式
assonated,v. assonate 的过去式
assonating,v. assonate 的现在分词
singes,n. singe 的复数形式
reagents,n. reagent 的复数形式
nullified,v. nullify 的过去式
nullifying,v. nullify 的现在分词
ambulated,v. ambulate 的过去式
ambulating,v. ambulate 的现在分词
cantos,n. canto 的复数形式
expedited,v. expedite 的过去式
expediting,v. expedite 的现在分词
absconded,v. abscond 的过去式
absconding,v. abscond 的现在分词
pointers,n. pointer 的复数形式
tyros,n. tyro 的复数形式
arbitrated,v. arbitrate 的过去式
arbitrating,v. arbitrate 的现在分词
archbishops,n. archbishop 的复数形式
scuttles,n. scuttle 的复数形式
exhumed,v. exhume 的过去式
exhuming,v. exhume 的现在分词
reasoned,v. reasoning 的过去式
acquittals,n. acquittal 的复数形式
neologies,n. neology 的复数形式
onuses,n. onus 的复数形式
disinfected,v. disinfect 的过去式
disinfecting,v. disinfect 的现在分词
subverted,v. subvert 的过去式
subverting,v. subvert 的现在分词
addenda,n. addendum 的复数形式
animosities,n. animosity 的复数形式
ribaldries,n. ribaldry 的复数形式
braggarts,n. braggart 的复数形式
macrophages,n. macrophage 的复数形式
treacheries,n. treachery 的复数形式
temerities,n. temerity 的复数形式
halcyons,n. halcyon 的复数形式
secants,n. secant 的复数形式
badgers,n. badger 的复数形式
euphemisms,n. euphemism 的复数形式
tantrums,n. tantrum 的复数形式
precipices,n. precipice 的复数形式
intercepts,n. intercept 的复数形式
berated,v. berate 的过去式
berating,v. berate 的现在分词
washouts,n. washout 的复数形式
complicities,n. complicity 的复数形式
idealists,n. idealist 的复数形式
relapses,n. relapse 的复数形式
apothecaries,n. apothecary 的复数形式
crasses,n. crass 的复数形式
urines,n. urine 的复数形式
bigamists,n. bigamist 的复数形式
nucleons,n. nucleon 的复数形式
protracted,v. protract 的过去式
protracting,v. protract 的现在分词
inebriated,v. inebriate 的过去式
inebriating,v. inebriate 的现在分词
dours,n. dour 的复数形式
penumbras,n. penumbra 的复数形式
canons,n. canon 的复数形式
autopsies,n. autopsy 的复数形式
midpoints,n. midpoint 的复数形式
quandaries,n. quandary 的复数形式
atonements,n. atonement 的复数形式
altars,n. altar 的复数形式
altruists,n. altruist 的复数形式
weaning,v. wean 的现在分词
altruisms,n. altruism 的复数形式
convoluting,v. convoluted 的现在分词
polyglots,n. polyglot 的复数形式
antagonists,n. antagonist 的复数形式
glucoses,n. glucose 的复数形式
refracted,v. refract 的过去式
refracting,v. refract 的现在分词
undersold,v. undersell 的过去式
underselling,v. undersell 的现在分词
arrears,n. arrear 的复数形式
gaieties,n. gaiety 的复数形式
mediators,n. mediator 的复数形式
egoisms,n. egoism 的复数形式
probations,n. probation 的复数形式
bulwarks,n. bulwark 的复数形式
rectitudes,n. rectitude 的复数形式
gyrated,v. gyrate 的过去式
gyrating,v. gyrate 的现在分词
zephyrs,n. zephyr 的复数形式
equivocated,v. equivocate 的过去式
equivocating,v. equivocate 的现在分词
verities,n. verity 的复数形式
monocracies,n. monocracy 的复数形式
hydrated,v. hydrate 的过去式
hydrating,v. hydrate 的现在分词
demurs,n. demur 的复数形式
mollified,v. mollify 的过去式
mollifying,v. mollify 的现在分词
auspices,n. auspice 的复数形式
encumbered,v. encumber 的过去式
encumbering,v. encumber 的现在分词
audacities,n. audacity 的复数形式
imbued,v. imbue 的过去式
imbuing,v. imbue 的现在分词
harbingers,n. harbinger 的复数形式
aphorisms,n. aphorism 的复数形式
ramparts,n. rampart 的复数形式
pillages,n. pillage 的复数形式
centiliters,n. centiliter 的复数形式
antagonized,v. antagonize 的过去式
antagonizing,v. antagonize 的现在分词
belittled,v. belittle 的过去式
belittling,v. belittle 的现在分词
abysses,n. abyss 的复数形式
mutilated,v. mutilate 的过去式
mutilating,v. mutilate 的现在分词
charlatans,n. charlatan 的复数形式
wreaking,v. wreak 的现在分词
valors,n. valor 的复数形式
vermicides,n. vermicide 的复数形式
adjutants,n. adjutant 的复数形式
hemoglobins,n. hemoglobin 的复数形式
fatalisms,n. fatalism 的复数形式
looting,v. loot 的现在分词
carrions,n. carrion 的复数形式
populaces,n. populace 的复数形式
monologues,n. monologue 的复数形式
succors,n. succor 的复数形式
perverts,n. pervert 的复数形式
waived,v. waive 的过去式
waiving,v. waive 的现在分词
abominated,v. abominate 的过去式
abominating,v. abominate 的现在分词
caitiffs,n. caitiff 的复数形式
twinges,n. twinge 的复数形式
abbesses,n. abbess 的复数形式
gestated,v. gestate 的过去式
gestating,v. gestate 的现在分词
arrogated,v. arrogate 的过去式
arrogating,v. arrogate 的现在分词
promulgated,v. promulgate 的过去式
promulgating,v. promulgate 的现在分词
redressed,v. redress 的过去式
redressing,v. redress 的现在分词
galls,n. gall 的复数形式
poises,n. poise 的复数形式
nettles,n. nettle 的复数形式
disparities,n. disparity 的复数形式
apexes,n. apex 的复数形式
clemencies,n. clemency 的复数形式
batons,n. baton 的复数形式
indicants,n. indicant 的复数形式
repulsions,n. repulsion 的复数形式
asperities,n. asperity 的复数形式
probities,n. probity 的复数形式
adherences,n. adherence 的复数形式
perforated,v. perforate 的过去式
perforating,v. perforate 的现在分词
vilified,v. vilify 的过去式
vilifying,v. vilify 的现在分词
neophytes,n. neophyte 的复数形式
rampages,n. rampage 的复数形式
probated,v. probate 的过去式
probating,v. probate 的现在分词
wrangles,n. wrangle 的复数形式
gambols,n. gambol 的复数形式
auburns,n. auburn 的复数形式
palettes,n. palette 的复数形式
pontiffs,n. pontiff 的复数形式
enmities,n. enmity 的复数形式
expulsions,n. expulsion 的复数形式
loopholes,n. loophole 的复数形式
adoes,n. ado 的复数形式
butanes,n. butane 的复数形式
nauseas,n. nausea 的复数形式
semblances,n. semblance 的复数形式
buffooneries,n. buffoonery 的复数形式
yips,n. yip 的复数形式
monitions,n. monition 的复数形式
castigated,v. castigate 的过去式
castigating,v. castigate 的现在分词
respited,v. respite 的过去式
respiting,v. respite 的现在分词
tantalized,v. tantalize 的过去式
tantalizing,v. tantalize 的现在分词
hadrons,n. hadron 的复数形式
descendents,n. descendent 的复数形式
centipedes,n. centipede 的复数形式
pares,n. pare 的复数形式
moribunds,n. moribund 的复数形式
ogles,n. ogle 的复数形式
octagons,n. octagon 的复数形式
exasperated,v. exasperate 的过去式
exasperating,v. exasperate 的现在分词
cajoleries,n. cajolery 的复数形式
extricated,v. extricate 的过去式
extricating,v. extricate 的现在分词
accosted,v. accost 的过去式
accosting,v. accost 的现在分词
aversions,n. aversion 的复数形式
melees,n. melee 的复数形式
sycophants,n. sycophant 的复数形式
atheisms,n. atheism 的复数形式
muddled,v. muddle 的过去式
muddling,v. muddle 的现在分词
plenitudes,n. plenitude 的复数形式
hiatuses,n. hiatus 的复数形式
apostasies,n. apostasy 的复数形式
diagnoses,n. diagnosis 的复数形式
cauterized,v. cauterize 的过去式
cauterizing,v. cauterize 的现在分词
plagiarisms,n. plagiarism 的复数形式
monotones,n. monotone 的复数形式
assessors,n. assessor 的复数形式
skirmishes,n. skirmish 的复数形式
decried,v. decry 的过去式
decrying,v. decry 的现在分词
riddances,n. riddance 的复数形式
aerostats,n. aerostat 的复数形式
equipoises,n. equipoise 的复数形式
carouses,n. carouse 的复数形式
chastised,v. chastise 的过去式
chastising,v. chastise 的现在分词
insurgents,n. insurgent 的复数形式
ebulliences,n. ebullience 的复数形式
transcripts,n. transcript 的复数形式
garnishes,n. garnish 的复数形式
decoys,n. decoy 的复数形式
fugues,n. fugue 的复数形式
chastities,n. chastity 的复数形式
absolutions,n. absolution 的复数形式
epicures,n. epicure 的复数形式
impoverished,v. impoverish 的过去式
impoverishing,v. impoverish 的现在分词
osmoses,n. osmosis 的复数形式
nihilisms,n. nihilism 的复数形式
morasses,n. morass 的复数形式
linchpins,n. linchpin 的复数形式
grimaces,n. grimace 的复数形式
prated,v. prate 的过去式
prating,v. prate 的现在分词
nexuses,n. nexus 的复数形式
actuaries,n. actuary 的复数形式
amputated,v. amputate 的过去式
amputating,v. amputate 的现在分词
alacrities,n. alacrity 的复数形式
exacerbated,v. exacerbate 的过去式
exacerbating,v. exacerbate 的现在分词
caprices,n. caprice 的复数形式
expiated,v. expiate 的过去式
expiating,v. expiate 的现在分词
garners,n. garner 的复数形式
incognitos,n. incognito 的复数形式
chicaneries,n. chicanery 的复数形式
cataclysms,n. cataclysm 的复数形式
hemolyses,n. hemolysis 的复数形式
fanfares,n. fanfare 的复数形式
inequities,n. inequity 的复数形式
flagellas,n. flagella 的复数形式
razes,n. raze 的复数形式
actuated,v. actuate 的过去式
actuating,v. actuate 的现在分词
abidances,n. abidance 的复数形式
truisms,n. truism 的复数形式
locuses,n. locus 的复数形式
malaises,n. malaise 的复数形式
relinquished,v. relinquish 的过去式
relinquishing,v. relinquish 的现在分词
reimbursed,v. reimburse 的过去式
reimbursing,v. reimburse 的现在分词
barbarians,n. barbarian 的复数形式
prickles,n. prickle 的复数形式
onrushes,n. onrush 的复数形式
ranted,v. rant 的过去式
ranting,v. rant 的现在分词
pedants,n. pedant 的复数形式
tenacities,n. tenacity 的复数形式
arbors,n. arbor 的复数形式
vacuities,n. vacuity 的复数形式
autocracies,n. autocracy 的复数形式
flounders,n. flounder 的复数形式
hackneys,n. hackney 的复数形式
motleys,n. motley 的复数形式
abhorrences,n. abhorrence 的复数形式
rookies,n. rookie 的复数形式
squelches,n. squelch 的复数形式
spindles,n. spindle 的复数形式
colossuses,n. colossus 的复数形式
elucidated,v. elucidate 的过去式
elucidating,v. elucidate 的现在分词
penuries,n. penury 的复数形式
elocutions,n. elocution 的复数形式
scanners,n. scanner 的复数形式
anthropoids,n. anthropoid 的复数形式
languors,n. languor 的复数形式
prodigals,n. prodigal 的复数形式
attaches,n. attache 的复数形式
celibacies,n. celibacy 的复数形式
abrogated,v. abrogate 的过去式
abrogating,v. abrogate 的现在分词
allotments,n. allotment 的复数形式
lexicons,n. lexicon 的复数形式
larcenies,n. larceny 的复数形式
perusals,n. perusal 的复数形式
temperances,n. temperance 的复数形式
pranks,n. prank 的复数形式
caricatures,n. caricature 的复数形式
reparations,n. reparation 的复数形式
effusions,n. effusion 的复数形式
condescended,v. condescend 的过去式
condescending,v. condescend 的现在分词
liquidated,v. liquidate 的过去式
liquidating,v. liquidate 的现在分词
apertures,n. aperture 的复数形式
austerities,n. austerity 的复数形式
peddles,n. peddle 的复数形式
sagacities,n. sagacity 的复数形式
peccadillos,n. peccadillo 的复数形式
adverts,n. advert 的复数形式
orations,n. oration 的复数形式
overpowered,v. overpower 的过去式
overpowering,v. overpower 的现在分词
chasms,n. chasm 的复数形式
cringes,n. cringe 的复数形式
laudations,n. laudation 的复数形式
idolatries,n. idolatry 的复数形式
overlords,n. overlord 的复数形式
eyepieces,n. eyepiece 的复数形式
visages,n. visage 的复数形式
boroughs,n. borough 的复数形式
candors,n. candor 的复数形式
muffles,n. muffle 的复数形式
accessions,n. accession 的复数形式
thralls,n. thrall 的复数形式
archetypes,n. archetype 的复数形式
raconteurs,n. raconteur 的复数形式
obliques,n. oblique 的复数形式
germanes,n. germane 的复数形式
oxidizers,n. oxidizer 的复数形式
sinecures,n. sinecure 的复数形式
hypotenuses,n. hypotenuse 的复数形式
synopses,n. synopsis 的复数形式
turpitudes,n. turpitude 的复数形式
cogitated,v. cogitate 的过去式
cogitating,v. cogitate 的现在分词
misstated,v. misstate 的过去式
misstating,v. misstate 的现在分词
leavened,v. leaven 的过去式
leavening,v. leaven 的现在分词
anthologies,n. anthology 的复数形式
avarices,n. avarice 的复数形式
pacified,v. pacify 的过去式
pacifying,v. pacify 的现在分词
benisons,n. benison 的复数形式
homonyms,n. homonym 的复数形式
vertices,n. vertex 的复数形式
antidotes,n. antidote 的复数形式
knaves,n. knave 的复数形式
quibbles,n. quibble 的复数形式
ramified,v. ramify 的过去式
ramifying,v. ramify 的现在分词
feints,n. feint 的复数形式
obfuscated,v. obfuscate 的过去式
obfuscating,v. obfuscate 的现在分词
arraigned,v. arraign 的过去式
arraigning,v. arraign 的现在分词
buffoons,n. buffoon 的复数形式
celerities,n. celerity 的复数形式
parodies,n. parody 的复数形式
remunerated,v. remunerate 的过去式
remunerating,v. remunerate 的现在分词
incited,v. incite 的过去式
inciting,v. incite 的现在分词
pundits,n. pundit 的复数形式
collegians,n. collegian 的复数形式
antilogies,n. antilogy 的复数形式
troughs,n. trough 的复数形式
engrossed,v. engrossing 的过去式
rhombuses,n. rhombus 的复数形式
autocrats,n. autocrat 的复数形式
pictographs,n. pictograph 的复数形式
bedlams,n. bedlam 的复数形式
opprobria,n. opprobrium 的复数形式
agapes,n. agape 的复数形式
brethrens,n. brethren 的复数形式
exonerated,v. exonerate 的过去式
exonerating,v. exonerate 的现在分词
bullocks,n. bullock 的复数形式
hypocrites,n. hypocrite 的复数形式
anticlimaxes,n. anticlimax 的复数形式
miffs,n. miff 的复数形式
adumbrated,v. adumbrate 的过去式
adumbrating,v. adumbrate 的现在分词
placated,v. placate 的过去式
placating,v. placate 的现在分词
rendezvoused,v. rendezvous 的过去式
rendezvousing,v. rendezvous 的现在分词
abdicated,v. abdicate 的过去式
abdicating,v. abdicate 的现在分词
adulterants,n. adulterant 的复数形式
disfigured,v. disfigure 的过去式
disfiguring,v. disfigure 的现在分词
barristers,n. barrister 的复数形式
apotheoses,n. apotheosis 的复数形式
knaveries,n. knavery 的复数形式
buoyancies,n. buoyancy 的复数形式
latencies,n. latency 的复数形式
medleys,n. medley 的复数形式
annalists,n. annalist 的复数形式
keepsakes,n. keepsake 的复数形式
presciences,n. prescience 的复数形式
imperiling,v. imperil 的现在分词
acclimated,v. acclimate 的过去式
acclimating,v. acclimate 的现在分词
accentuated,v. accentuate 的过去式
accentuating,v. accentuate 的现在分词
pomps,n. pomp 的复数形式
bumpers,n. bumper 的复数形式
cantatas,n. cantata 的复数形式
augurs,n. augur 的复数形式
eulogized,v. eulogize 的过去式
eulogizing,v. eulogize 的现在分词
reprisals,n. reprisal 的复数形式
redemptions,n. redemption 的复数形式
repartees,n. repartee 的复数形式
sacrileges,n. sacrilege 的复数形式
lactoses,n. lactose 的复数形式
tacticians,n. tactician 的复数形式
deportments,n. deportment 的复数形式
arbiters,n. arbiter 的复数形式
abductions,n. abduction 的复数形式
aggrandized,v. aggrandize 的过去式
aggrandizing,v. aggrandize 的现在分词
cadavers,n. cadaver 的复数形式
collusions,n. collusion 的复数形式
prepossessed,v. prepossess 的过去式
prepossessing,v. prepossess 的现在分词
relented,v. relent 的过去式
relenting,v. relent 的现在分词
fallows,n. fallow 的复数形式
benignities,n. benignity 的复数形式
salutations,n. salutation 的复数形式
negligences,n. negligence 的复数形式
adulterated,v. adulterate 的过去式
adulterating,v. adulterate 的现在分词
mediocrities,n. mediocrity 的复数形式
misgave,v. misgiving 的过去式
federated,v. federate 的过去式
federating,v. federate 的现在分词
denominated,v. denominate 的过去式
denominating,v. denominate 的现在分词
vitalized,v. vitalize 的过去式
vitalizing,v. vitalize 的现在分词
disengaged,v. disengage 的过去式
disengaging,v. disengage 的现在分词
vegetated,v. vegetate 的过去式
vegetating,v. vegetate 的现在分词
preoccupied,v. preoccupy 的过去式
preoccupying,v. preoccupy 的现在分词
denigrated,v. denigrate 的过去式
denigrating,v. denigrate 的现在分词
posteriors,n. posterior 的复数形式
blemishes,n. blemish 的复数形式
rifes,n. rife 的复数形式
palliated,v. palliate 的过去式
palliating,v. palliate 的现在分词
interceded,v. intercede 的过去式
interceding,v. intercede 的现在分词
dilettantes,n. dilettante 的复数形式
desiccated,v. desiccate 的过去式
desiccating,v. desiccate 的现在分词
itineraries,n. itinerary 的复数形式
ova,n. ovum 的复数形式
projectiles,n. projectile 的复数形式
guzzles,n. guzzle 的复数形式
encores,n. encore 的复数形式
itinerated,v. itinerate 的过去式
itinerating,v. itinerate 的现在分词
culls,n. cull 的复数形式
paroxysms,n. paroxysm 的复数形式
requiting,v. requite 的现在分词
travesties,n. travesty 的复数形式
oblivions,n. oblivion 的复数形式
mendicants,n. mendicant 的复数形式
arboreta,n. arboretum 的复数形式
prologues,n. prologue 的复数形式
extroverts,n. extrovert 的复数形式
rancors,n. rancor 的复数形式
blockades,n. blockade 的复数形式
gaucheries,n. gaucherie 的复数形式
quorums,n. quorum 的复数形式
prosecutors,n. prosecutor 的复数形式
compulsions,n. compulsion 的复数形式
riles,n. rile 的复数形式
attenuated,v. attenuate 的过去式
attenuating,v. attenuate 的现在分词
vineries,n. vinery 的复数形式
supples,n. supple 的复数形式
desiccants,n. desiccant 的复数形式
edified,v. edify 的过去式
edifying,v. edify 的现在分词
seditions,n. sedition 的复数形式
belays,n. belay 的复数形式
satiated,v. satiate 的过去式
satiating,v. satiate 的现在分词
misbehaved,v. misbehave 的过去式
misbehaving,v. misbehave 的现在分词
xenophobes,n. xenophobe 的复数形式
satirized,v. satirize 的过去式
satirizing,v. satirize 的现在分词
prescripts,n. prescript 的复数形式
adduced,v. adduce 的过去式
adducing,v. adduce 的现在分词
unwit,v. unwitting 的过去式
benefactors,n. benefactor 的复数形式
inkled,v. inkling 的过去式
matriarchies,n. matriarchy 的复数形式
impasses,n. impasse 的复数形式
expurgated,v. expurgate 的过去式
expurgating,v. expurgate 的现在分词
autarchies,n. autarchy 的复数形式
cantonments,n. cantonment 的复数形式
decagons,n. decagon 的复数形式
prattled,v. prattle 的过去式
prattling,v. prattle 的现在分词
effronteries,n. effrontery 的复数形式
vermins,n. vermin 的复数形式
disbursed,v. disburse 的过去式
disbursing,v. disburse 的现在分词
viriles,n. virile 的复数形式
ascendants,n. ascendant 的复数形式
stymies,n. stymie 的复数形式
racies,n. racy 的复数形式
precedences,n. precedence 的复数形式
dippers,n. dipper 的复数形式
defrauded,v. defraud 的过去式
defrauding,v. defraud 的现在分词
cupidities,n. cupidity 的复数形式
antitoxins,n. antitoxin 的复数形式
retaliated,v. retaliate 的过去式
retaliating,v. retaliate 的现在分词
exculpated,v. exculpate 的过去式
exculpating,v. exculpate 的现在分词
frizzles,n. frizzle 的复数形式
photons,n. photon 的复数形式
minnows,n. minnow 的复数形式
buttresses,n. buttress 的复数形式
intoxicated,v. intoxicate 的过去式
intoxicating,v. intoxicate 的现在分词
numerators,n. numerator 的复数形式
fawns,n. fawn 的复数形式
resumptions,n. resumption 的复数形式
vexed,v. vex 的过去式
vexing,v. vex 的现在分词
trickeries,n. trickery 的复数形式
divested,v. divest 的过去式
divesting,v. divest 的现在分词
censures,n. censure 的复数形式
dullards,n. dullard 的复数形式
extenuated,v. extenuate 的过去式
extenuating,v. extenuate 的现在分词
banes,n. bane 的复数形式
overworked,v. overwork 的过去式
overworking,v. overwork 的现在分词
boatswains,n. boatswain 的复数形式
dissevered,v. dissever 的过去式
dissevering,v. dissever 的现在分词
derogated,v. derogate 的过去式
derogating,v. derogate 的现在分词
furloughs,n. furlough 的复数形式
subjections,n. subjection 的复数形式
rebuffed,v. rebuff 的过去式
rebuffing,v. rebuff 的现在分词
aerated,v. aerate 的过去式
aerating,v. aerate 的现在分词
miasmas,n. miasma 的复数形式
biles,n. bile 的复数形式
bilks,n. bilk 的复数形式
credoes,n. credo 的复数形式
blights,n. blight 的复数形式
gallants,n. gallant 的复数形式
deranged,v. derange 的过去式
deranging,v. derange 的现在分词
witchcrafts,n. witchcraft 的复数形式
foibles,n. foible 的复数形式
botanized,v. botanize 的过去式
botanizing,v. botanize 的现在分词
knighthoods,n. knighthood 的复数形式
shrubberies,n. shrubbery 的复数形式
acnes,n. acne 的复数形式
troubadours,n. troubadour 的复数形式
wiles,n. wile 的复数形式
maudlins,n. maudlin 的复数形式
reproofs,n. reproof 的复数形式
reconsidered,v. reconsider 的过去式
reconsidering,v. reconsider 的现在分词
debacles,n. debacle 的复数形式
beatitudes,n. beatitude 的复数形式
quips,n. quip 的复数形式
dexterities,n. dexterity 的复数形式
introverts,n. introvert 的复数形式
ardors,n. ardor 的复数形式
vendors,n. vendor 的复数形式
acmes,n. acme 的复数形式
gainsays,n. gainsay 的复数形式
auricles,n. auricle 的复数形式
debunking,v. debunk 的现在分词
embroiled,v. embroil 的过去式
embroiling,v. embroil 的现在分词
tirades,n. tirade 的复数形式
affrays,n. affray 的复数形式
altos,n. alto 的复数形式
interposed,v. interpose 的过去式
interposing,v. interpose 的现在分词
anemometers,n. anemometer 的复数形式
bawls,n. bawl 的复数形式
blazons,n. blazon 的复数形式
laggards,n. laggard 的复数形式
excoriated,v. excoriate 的过去式
excoriating,v. excoriate 的现在分词
subterfuges,n. subterfuge 的复数形式
bungles,n. bungle 的复数形式
drudgeries,n. drudgery 的复数形式
disclaimed,v. disclaim 的过去式
disclaiming,v. disclaim 的现在分词
baldnesses,n. baldness 的复数形式
vertigos,n. vertigo 的复数形式
battalions,n. battalion 的复数形式
gnashes,n. gnash 的复数形式
vexations,n. vexation 的复数形式
narcissisms,n. narcissism 的复数形式
expatriated,v. expatriate 的过去式
expatriating,v. expatriate 的现在分词
resurgents,n. resurgent 的复数形式
remissions,n. remission 的复数形式
kismets,n. kismet 的复数形式
pedestals,n. pedestal 的复数形式
orifices,n. orifice 的复数形式
progenies,n. progeny 的复数形式
discretions,n. discretion 的复数形式
scribed,v. scribe 的过去式
scribing,v. scribe 的现在分词
pranksters,n. prankster 的复数形式
glycerols,n. glycerol 的复数形式
telepathies,n. telepathy 的复数形式
contritions,n. contrition 的复数形式
callows,n. callow 的复数形式
avocations,n. avocation 的复数形式
precessions,n. precession 的复数形式
trapezoids,n. trapezoid 的复数形式
brokerages,n. brokerage 的复数形式
betrothals,n. betrothal 的复数形式
stimulants,n. stimulant 的复数形式
outcasts,n. outcast 的复数形式
educed,v. educe 的过去式
educing,v. educe 的现在分词
anarchies,n. anarchy 的复数形式
miscreants,n. miscreant 的复数形式
parentages,n. parentage 的复数形式
gustos,n. gusto 的复数形式
zealots,n. zealot 的复数形式
gibbers,n. gibber 的复数形式
furrows,n. furrow 的复数形式
bales,n. bale 的复数形式
levities,n. levity 的复数形式
overleapped,v. overleap 的过去式
overleaping,v. overleap 的现在分词
manometers,n. manometer 的复数形式
proscribed,v. proscribe 的过去式
proscribing,v. proscribe 的现在分词
beatified,v. beatify 的过去式
beatifying,v. beatify 的现在分词
veneers,n. veneer 的复数形式
blases,n. blase 的复数形式
purported,v. purport 的过去式
purporting,v. purport 的现在分词
calvinisms,n. calvinism 的复数形式
hesitations,n. hesitation 的复数形式
berths,n. berth 的复数形式
evicted,v. evict 的过去式
evicting,v. evict 的现在分词
tremors,n. tremor 的复数形式
conduits,n. conduit 的复数形式
pyres,n. pyre 的复数形式
duplicities,n. duplicity 的复数形式
supplicants,n. supplicant 的复数形式
tutorships,n. tutorship 的复数形式
capitulated,v. capitulate 的过去式
capitulating,v. capitulate 的现在分词
jubilations,n. jubilation 的复数形式
appendages,n. appendage 的复数形式
ingratiated,v. ingratiate 的过去式
ingratiating,v. ingratiate 的现在分词
affluences,n. affluence 的复数形式
collages,n. collage 的复数形式
unveiled,v. unveil 的过去式
unveiling,v. unveil 的现在分词
repined,v. repine 的过去式
repining,v. repine 的现在分词
debases,n. debase 的复数形式
supplicated,v. supplicate 的过去式
supplicating,v. supplicate 的现在分词
ossified,v. ossify 的过去式
ossifying,v. ossify 的现在分词
ablutions,n. ablution 的复数形式
impaled,v. impale 的过去式
impaling,v. impale 的现在分词
jingoisms,n. jingoism 的复数形式
colliers,n. collier 的复数形式
brooches,n. brooch 的复数形式
abnegated,v. abnegate 的过去式
abnegating,v. abnegate 的现在分词
nadirs,n. nadir 的复数形式
curmudgeons,n. curmudgeon 的复数形式
acerbities,n. acerbity 的复数形式
swerves,n. swerve 的复数形式
coagulated,v. coagulate 的过去式
coagulating,v. coagulate 的现在分词
recreants,n. recreant 的复数形式
antiquaries,n. antiquary 的复数形式
glamorized,v. glamorize 的过去式
glamorizing,v. glamorize 的现在分词
extortions,n. extortion 的复数形式
appositions,n. apposition 的复数形式
beguiled,v. beguile 的过去式
beguiling,v. beguile 的现在分词
cacophonies,n. cacophony 的复数形式
prowesses,n. prowess 的复数形式
armadas,n. armada 的复数形式
transpired,v. transpire 的过去式
transpiring,v. transpire 的现在分词
hemorrhages,n. hemorrhage 的复数形式
lauds,n. laud 的复数形式
recluses,n. recluse 的复数形式
judicatures,n. judicature 的复数形式
whets,n. whet 的复数形式
laves,n. lave 的复数形式
chattels,n. chattel 的复数形式
felicities,n. felicity 的复数形式
reprehended,v. reprehend 的过去式
reprehending,v. reprehend 的现在分词
panaceas,n. panacea 的复数形式
bronchitises,n. bronchitis 的复数形式
entreaties,n. entreaty 的复数形式
bights,n. bight 的复数形式
moos,n. moo 的复数形式
quietuses,n. quietus 的复数形式
aberrations,n. aberration 的复数形式
juxtaposed,v. juxtapose 的过去式
juxtaposing,v. juxtapose 的现在分词
recaptured,v. recapture 的过去式
recapturing,v. recapture 的现在分词
explicated,v. explicate 的过去式
explicating,v. explicate 的现在分词
vivacities,n. vivacity 的复数形式
nuances,n. nuance 的复数形式
braes,n. brae 的复数形式
transmuted,v. transmute 的过去式
transmuting,v. transmute 的现在分词
brays,n. bray 的复数形式
hydroxides,n. hydroxide 的复数形式
overdoses,n. overdose 的复数形式
solaces,n. solace 的复数形式
harangued,v. harangue 的过去式
haranguing,v. harangue 的现在分词
transiences,n. transience 的复数形式
pillories,n. pillory 的复数形式
aspirants,n. aspirant 的复数形式
gloats,n. gloat 的复数形式
vortexes,n. vortex 的复数形式
admonitions,n. admonition 的复数形式
choleras,n. cholera 的复数形式
cadences,n. cadence 的复数形式
eluded,v. elude 的过去式
eluding,v. elude 的现在分词
coagulants,n. coagulant 的复数形式
beheld,v. behold 的过去式
beholding,v. behold 的现在分词
pipettes,n. pipette 的复数形式
brevities,n. brevity 的复数形式
malignancies,n. malignancy 的复数形式
habitudes,n. habitude 的复数形式
proctors,n. proctor 的复数形式
alchemies,n. alchemy 的复数形式
masterminds,n. mastermind 的复数形式
corporals,n. corporal 的复数形式
aeronauts,n. aeronaut 的复数形式
aerosols,n. aerosol 的复数形式
spartans,n. spartan 的复数形式
plebeians,n. plebeian 的复数形式
remorses,n. remorse 的复数形式
misnomers,n. misnomer 的复数形式
catabolisms,n. catabolism 的复数形式
biding,v. bide 的现在分词
surrogates,n. surrogate 的复数形式
esophaguses,n. esophagus 的复数形式
scapegoats,n. scapegoat 的复数形式
conjectures,n. conjecture 的复数形式
depreciated,v. depreciate 的过去式
depreciating,v. depreciate 的现在分词
assiduities,n. assiduity 的复数形式
composures,n. composure 的复数形式
forgeries,n. forgery 的复数形式
insinuated,v. insinuate 的过去式
insinuating,v. insinuate 的现在分词
clienteles,n. clientele 的复数形式
footballs,n. football 的复数形式
technologies,n. technology 的复数形式
friendships,n. friendship 的复数形式
pronunciations,n. pronunciation 的复数形式
chemistries,n. chemistry 的复数形式
toasts,n. toast 的复数形式
litters,n. litter 的复数形式
heights,n. height 的复数形式
wheats,n. wheat 的复数形式
pleasures,n. pleasure 的复数形式
countrysides,n. countryside 的复数形式

does,[三单] 做
goes,[三单] 去
acts,[三单] 行动
adds,[三单] 增加
ages,[三单] 年龄
agrees,[三单] 同意
airs,[三单] 空气
allows,[三单] 允许
answers,[三单] 答案
appears,[三单] 出现
arrives,[三单] 到达
asks,[三单] 问
backs,[三单] 后面的
bands,[三单] 带子
banks,[三单] 银行
bars,[三单] 条
bases,[三单] 底部
bears,[三单] 熊
beats,[三单] 心跳(声)
becomes,[三单] 变成
begins,[三单] 开始
believes,[三单] 相信
belongs,[三单] 属于
belts,[三单] 带子
bikes,[三单] 自行车
bits,[三单] 少量
bites,[三单] 咬
blesses,[三单] 祝福
blocks,[三单] 街区
blows,[三单] 吹
boards,[三单] 木板
boats,[三单] 船
boils,[三单] 煮沸
bombs,[三单] 炸弹
bones,[三单] 骨头
books,[三单] 书
boots,[三单] 长靴
borns,[三单] 天生的
borrows,[三单] 借
bothers,[三单] 烦扰
bottles,[三单] 瓶子
boxes,[三单] 盒子
brakes,[三单] 刹车
branches,[三单] 树枝
breaks,[三单] 休息
breathes,[三单] 呼吸
bridges,[三单] 桥
brings,[三单] 带来
brushes,[三单] 刷子
builds,[三单] 建立
burns,[三单] 烧
buys,[三单] 买
cages,[三单] 笼
cakes,[三单] 蛋糕
calls,[三单] 呼叫
camps,[三单] 露营
caps,[三单] 盖子
cards,[三单] 卡片
cares,[三单] 小心
carries,[三单] 进位
catches,[三单] 捕捉
causes,[三单] 原因
caves,[三单] 洞
celebrates,[三单] 庆祝
centers,[三单] 中心
chairs,[三单] 椅子
changes,[三单] 变化
channels,[三单] 海峡
charges,[三单] 指控
chats,[三单] 闲谈
cheats,[三单] 欺骗
checks,[三单] 检查
chooses,[三单] 选择
chops,[三单] 肋条肉
circles,[三单] 圆周
claims,[三单] 要求
claws,[三单] 爪
abuses,[三单] 滥用
accepts,[三单] 接受
accesses,[三单] 通路
accounts,[三单] 报告
accuses,[三单] 指责
aces,[三单] 幺点
adapts,[三单] 使适应
admits,[三单] 承认
adopts,[三单] 采用
affects,[三单] 影响
aims,[三单] 目标
alarms,[三单] 惊恐
alters,[三单] 改变
angers,[三单] 忿怒
vt. 激怒
announces,[三单] 宣布
appeals,[三单] 恳求
applies,[三单] 涂
approaches,[三单] 接近
argues,[三单] 提出理由
arises,[三单] 站立
arrests,[三单] 逮捕
assumes,[三单] 假定
attacks,[三单] 攻击
attempts,[三单] 尝试
attends,[三单] 参加
avoids,[三单] 避免
awards,[三单] 奖品
bakes,[三单] 烘焙
bans,[三单] 禁令
vt. 禁止
battles,[三单] 战役
v. 战斗
beefs,[三单] 牛肉
begs,[三单] 乞求
bends,[三单] 变弯曲
benefits,[三单] 利益
vt. 有益于
vi. 受益
bets,[三单] 打赌
bids,[三单] 出价
v. 命令
blames,[三单] 过失
bogs,[三单] 沼泽
vt. 使陷于泥沼
vi. 陷于泥沼
bonds,[三单] 捆绑物
booms,[三单] 繁荣
borders,[三单] 边缘
brands,[三单] 商标
breeds,[三单] 种类
buds,[三单] 芽
budgets,[三单] 预算
vi. 编预算
vt. 编入预算
bursts,[三单] 破裂
buries,[三单] 埋葬
campaigns,[三单] 战役
cashes,[三单] 现金
vt. 兑现
casts,[三单] 演员阵容
ceases,[三单] 停止
v. 停止
chains,[三单] 链
charts,[三单] 图表
chews,[三单] 咀嚼
chips,[三单] 屑片
cites,[三单] 引用
claps,[三单] 拍手
clicks,[三单] 咔哒声
climbs,[三单] 攀登
clouds,[三单] 云
clubs,[三单] 俱乐部
coaches,[三单] 四轮大马车
coats,[三单] 外套
vt. 外面覆盖
codes,[三单] 代码
coins,[三单] 硬币
comes,[三单] 过来
commits,[三单] 委托(托付)
concerns,[三单] 关心
considers,[三单] 考虑
continues,[三单] 继续
controls,[三单] 控制
copes,[三单] 竞争
copies,[三单] 副本
cores,[三单] 核心
costs,[三单] 代价
coughs,[三单] 咳嗽
vi. 咳嗽
vt. 咳出
coulds,aux. [三单] 可以
couples,[三单] 对
courts,[三单] 法院
covers,[三单] 盖子
cracks,[三单] 裂缝
crafts,[三单] 技艺
crashes,[三单] 哗啦声
creates,[三单] 创造
credits,[三单] 信用
crops,[三单] 农作物
crosses,[三单] 十字架
crowds,[三单] 群众
crushes,[三单] 压碎
cries,[三单] 叫声
cues,[三单] 提示
curbs,[三单] 抑制
cures,[三单] 治疗
curls,[三单] 拳曲
curves,[三单] 曲线
cuts,[三单] 切口
cycles,[三单] 周期
dabs,[三单] 少量
dams,[三单] 水坝
damages,[三单] 损害
dances,[三单] 跳舞
dares,[三单] 挑战
dates,[三单] 日期
deals,[三单] 交易
debates,[三单] 辩论
decides,[三单] 决定
defeats,[三单] 败北
defends,[三单] 防护
defines,[三单] 定义
delays,[三单] 耽搁
demands,[三单] 要求
denies,[三单] 否认
depends,[三单] 靠
describes,[三单] 描述
designs,[三单] 设计
desires,[三单] 欲望
details,[三单] 细节
determines,[三单] 决定
develops,[三单] 发展
dies,[三单] 死亡
digs,[三单] 挖
dips,[三单] 浸
discusses,[三单] 讨论
dishes,[三单] 盘子
divides,[三单] 分开
doubts,[三单] 怀疑
drafts,[三单] 气流
drags,[三单] 拖
draws,[三单] 拉
dreams,[三单] 梦
dresses,[三单] 服装
drinks,[三单] 饮料
drives,[三单] 驾车
drops,[三单] 滴
drums,[三单] 鼓
dubs,[三单] 配音
dumps,[三单] 垃圾场
vt. 倾倒
dyes,[三单] 颜料
earns,[三单] 赚得
eats,[三单] 吃
echoes,[三单] 回声
edges,[三单] 边缘
edits,[三单] 编辑
effects,[三单] 结果
elects,[三单] 当选人
emerges,[三单] 浮现
ends,[三单] 结束
engages,[三单] 答应
enjoys,[三单] 享受
ensures,[三单] 确定
enters,[三单] 进入
escapes,[三单] 逃亡
establishes,[三单] 建立
exists,[三单] 存在
exits,[三单] 出口
expands,[三单] 使膨胀
expects,[三单] 预期
explains,[三单] 解释
exports,[三单] 输出品
extends,[三单] 扩充
eyes,[三单] 眼睛
faces,[三单] 脸
fades,[三单] 褪色
fails,[三单] 失败
falls,[三单] 落下
farms,[三单] 农场
fears,[三单] 恐怖
feeds,[三单] 饲料
feels,[三单] 感觉
fences,[三单] 围墙
fields,[三单] 领域
fights,[三单] 打架
figures,[三单] 数字
files,[三单] 档案
fills,[三单] 装满
films,[三单] 软片
finds,[三单] 发现
finishes,[三单] 完成
fires,[三单] 火
fishes,[三单] 鱼
fits,[三单] 适宜
fixes,[三单] 使固定
flags,[三单] 标志
flames,[三单] 火焰
flashes,[三单] 闪光
flees,[三单] 逃避
fleshes,[三单] 肉
floats,[三单] 漂流物
floods,[三单] 洪水
flows,[三单] 流程
flowers,[三单] 花
flies,[三单] 苍蝇
focuses,[三单] 焦点
fogs,[三单] 雾
folds,[三单] 折层
follows,[三单] 跟随
forces,[三单] 力量
forgets,[三单] 忘记
forks,[三单] 叉子
forms,[三单] 形状
forwards,[三单] 向前的
frames,[三单] 框
fries,[三单] 油炸食物
fuels,[三单] 燃料
funds,[三单] 基金
gags,[三单] 箝口物
gains,[三单] 增益
games,[三单] 比赛
gangs,[三单] 队
gardens,[三单] 花园
gases,[三单] 气体
gates,[三单] 门
gathers,[三单] 集合
gears,[三单] 齿轮
gets,[三单] 得到
gifts,[三单] 礼物
gives,[三单] 弹性
glues,[三单] 胶
grabs,[三单] 抓握
grades,[三单] 等级
grips,[三单] 紧握
grounds,[三单] 土地
grows,[三单] 种植
growths,[三单] 生长
guards,[三单] 守卫者
guesses,[三单] 猜测
guides,[三单] 引导者
guns,[三单] 枪
枪
hams,[三单] 火腿
hands,[三单] 手
handles,[三单] 柄
hangs,[三单] 悬挂
happens,[三单] 发生
harms,[三单] 伤害
hates,[三单] 憎恨
has,[三单] 有
heads,[三单] 头
heals,[三单] 痊愈
vt. 使复原
hears,[三单] 听到
heats,[三单] 热
helps,[三单] 帮忙
hides,[三单] 兽皮
hints,[三单] 暗示
hires,[三单] 租金
hits,[三单] 打击
holds,[三单] 把握
holes,[三单] 孔
hooks,[三单] 钩
hops,[三单] 单脚跳
hopes,[三单] 希望
horses,[三单] 马
houses,[三单] 房子
hugs,[三单] 紧抱
hunts,[三单] 狩猎
hurries,[三单] 匆忙
hurts,[三单] 伤害
identifies,[三单] 识别
ignores,[三单] 不理睬
imagines,[三单] 想像
impacts,[三单] 冲击
implies,[三单] 暗示
imports,[三单] 进口货
imposes,[三单] 征(税)
includes,[三单] 包括
increases,[三单] 增加
indexes,[三单] 索引
indicates,[三单] 显示
inks,[三单] 墨水
insists,[三单] 坚持
intends,[三单] 计划
interests,[三单] 兴趣
invites,[三单] 邀请
involves,[三单] 包括
irons,[三单] 铁
issues,[三单] 发行
jams,[三单] 果酱
jazzes,[三单] 爵士乐
jets,[三单] 喷射流
jogs,[三单] 轻推
joins,[三单] 参加
jokes,[三单] 笑话
jots,[三单] 少量
judges,[三单] 法官
juices,[三单] 汁
jumps,[三单] 跳跃
keeps,[三单] 生计
keys,[三单] 钥匙
kicks,[三单] 踢
kids,[三单] 小山羊
kills,[三单] 杀
kisses,[三单] 吻
vt. 吻
vi. 接吻
knits,[三单] 编织
knocks,[三单] 敲
knows,[三单] 知道
labels,[三单] 标签
lacks,[三单] 缺乏
lags,[三单] 落后
lands,[三单] 陆地
laps,[三单] 膝盖
laughs,[三单] 笑
launches,[三单] 下水
leads,[三单] 铅
leaks,[三单] 漏洞
leaps,[三单] 跳跃
learns,[三单] 学习；认识到；得知
leaves,[三单] 许可
lends,[三单] 借
lets,[三单] 让
levels,[三单] 水平
lies,[三单] 谎言
lifts,[三单] 举起
likes,[三单] 相似的
limits,[三单] 界限
lines,[三单] 列
links,[三单] 环
lists,[三单] 目录
listens,[三单] 听
loads,[三单] 负荷
loans,[三单] 贷款
locks,[三单] 锁
logs,[三单] 记录
looks,[三单] 一看
loses,[三单] 遗失
loves,[三单] 爱
lumps,[三单] 块
mails,[三单] 邮件
maintains,[三单] 维持
makes,[三单] 制造
manages,[三单] 处理
vt. 管理
maps,[三单] 地图
markets,[三单] 市场
marries,[三单] 与...结婚
masks,[三单] 面具
masters,[三单] 主人
matches,[三单] 比赛
matters,[三单] 事件
meets,[三单] 会
melts,[三单] 熔化
messes,[三单] 食堂
messages,[三单] 消息
milks,[三单] 奶
minds,[三单] 思想
mines,[三单] 矿
misses,[三单] 失误
mixes,[三单] 混合物
models,[三单] 模型
mops,[三单] 拖把
mounts,[三单] 乘骑用马
mouths,[三单] 嘴
moves,[三单] 移动
mows,[三单] 草堆
murders,[三单] 谋杀
vt. 谋杀
nags,[三单] 老马
nails,[三单] 钉子
names,[三单] 名字
needs,[三单] 需要
nets,[三单] 网
networks,[三单] 网络
nods,[三单] 点头
notes,[三单] 笔记
notices,[三单] 注意
nurses,[三单] 护士
obeys,[三单] 服从
objects,[三单] 物体
occupies,[三单] 占领
occurs,[三单] 发生
offers,[三单] 给予(物)
oils,[三单] 油
operates,[三单] 操作
opts,[三单] 选择
orders,[三单] 次序
owes,[三单] 亏欠
packs,[三单] 包裹
paints,[三单] 油漆
pairs,[三单] 一双
pans,[三单] 平锅
parks,[三单] 公园
parts,[三单] 部分
parties,[三单] 宴会
passes,[三单] 经过
pasts,[三单] 过去
pauses,[三单] 暂停
pays,[三单] 薪资
peaks,[三单] 山峰
pees,[三单] (英)便士
peers,[三单] 同等的人
pens,[三单] 钢笔
pets,[三单] 宠物
phases,[三单] 时期
phones,[三单] 电话
picks,[三单] 精选
piles,[三单] 堆
pins,[三单] 大头针
pipes,[三单] 管
pits,[三单] 深坑
pities,[三单] 遗憾
places,[三单] 地方
plans,[三单] 计划
plants,[三单] 植物
plays,[三单] 游戏
plugs,[三单] 塞子
points,[三单] 点
polls,[三单] 投票
pools,[三单] 池
pops,[三单] 砰然声
poses,[三单] 姿势
positions,[三单] 位置
posts,[三单] 柱
pounds,[三单] 磅
pours,[三单] 流出
powers,[三单] 力
practices,[三单] 实践
prefers,[三单] 宁可
prepares,[三单] 准备
presses,[三单] 压
prices,[三单] 价格
prides,[三单] 骄傲
prints,[三单] 打印
prizes,[三单] 奖赏
processes,[三单] 程序
produces,[三单] 生产品
programs,[三单] 节目
projects,[三单] 计划
protects,[三单] 防卫
proves,[三单] 证明
provides,[三单] 提供
pulls,[三单] 拉
pumps,[三单] 抽水机
punches,[三单] 打洞器
pushes,[三单] 推
puts,[三单] 放
questions,[三单] 问题
quits,[三单] 离开
quotes,[三单] 引用
vt. 引述
races,[三单] 种族
rages,[三单] 愤怒
rains,[三单] 雨
raises,[三单] 上升
ranges,[三单] 排
ranks,[三单] 等级
raps,[三单] 轻敲
rapes,[三单] 抢夺
rats,[三单] 鼠
rates,[三单] 比率
reaches,[三单] 伸出
reacts,[三单] 起反应
reads,[三单] 读
realizes,[三单] 了解
reasons,[三单] 理由
recalls,[三单] 回忆
receives,[三单] 收到
recognizes,[三单] 认出
records,[三单] 记录
reduces,[三单] 减少
reforms,[三单] 改革
refuses,[三单] 拒绝
rejects,[三单] 被拒之人
relates,[三单] 讲
relaxes,[三单] 放松
releases,[三单] 释放
relies,[三单] 信赖
remembers,[三单] 记得
reminds,[三单] 提醒
removes,[三单] 移动
rents,[三单] 租金
repeats,[三单] 重复
replies,[三单] 答复
reports,[三单] 报告
represents,[三单] 表现
requires,[三单] 需要
researches,[三单] 研究
responds,[三单] 以...回答
vi. 回答
rests,[三单] 休息
results,[三单] 结果
returns,[三单] 回来
reveals,[三单] 露出
reviews,[三单] 检讨
rids,[三单] 免除
rides,[三单] 骑马
rings,[三单] 环
riots,[三单] 暴动
rips,[三单] 裂痕
rises,[三单] 上升
risks,[三单] 冒险
rocks,[三单] 岩石
rolls,[三单] 卷
roofs,[三单] 屋顶
roots,[三单] 根
ropes,[三单] 绳
rots,[三单] 腐烂
routes,[三单] 路径
rubs,[三单] 摩擦
ruins,[三单] 毁灭
rules,[三单] 规则
runs,[三单] 跑
rushes,[三单] 匆促
sacks,[三单] 麻布袋
sails,[三单] 帆
samples,[三单] 样品
saves,[三单] 救球
vt. 解救
says,[三单] 说
scales,[三单] 刻度
scares,[三单] 惊吓
screens,[三单] 幕
screws,[三单] 螺旋
seals,[三单] 印章
searches,[三单] 搜寻
seats,[三单] 座
sees,[三单] 看见
seeds,[三单] 种子
seeks,[三单] 寻求
seems,[三单] 象是
sells,[三单] 卖
sends,[三单] 发送
senses,[三单] 感应
serves,[三单] 可作...用
services,[三单] 服务
sets,[三单] 日落
settles,[三单] 有背长椅
vt. 决定
sews,[三单] 缝纫
shades,[三单] 荫
shakes,[三单] 摇动
shalls,aux. [三单] 将
shapes,[三单] 形状
shares,[三单] 部分
sheds,[三单] 车棚
shifts,[三单] 变化
shines,[三单] 光泽
ships,[三单] 船
shocks,[三单] 震动
shops,[三单] 商店
shoulds,aux. [三单] 应该
shouts,[三单] 呼喊
shows,[三单] 显示
sides,[三单] 旁边
signs,[三单] 符号
sings,[三单] 唱
sinks,[三单] 藏垢的场所
sips,[三单] 啜饮
sits,[三单] 坐
sizes,[三单] 大小
skis,[三单] 滑雪橇
vi. 滑雪
sleeps,[三单] 睡眠
slides,[三单] 滑
slips,[三单] 滑
slopes,[三单] 倾斜
smashes,[三单] 打碎
smells,[三单] 味道
smiles,[三单] 微笑
smokes,[三单] 烟
snakes,[三单] 蛇
snaps,[三单] 使突然中断
snows,[三单] 雪
sobs,[三单] 啜泣
solves,[三单] 解决
sorts,[三单] 种类
sounds,[三单] 声音
sows,[三单] 母猪
speaks,[三单] 说
speeds,[三单] 速率
spells,[三单] 符咒
spends,[三单] 花费
spins,[三单] 旋转
spites,[三单] 恶意
splits,[三单] 劈开
spots,[三单] 污点
sprays,[三单] 水沫
spreads,[三单] 传播
springs,[三单] 春天
spies,[三单] 间谍
squares,[三单] 正方形
staffs,[三单] 全体人员
stages,[三单] 阶段
stamps,[三单] 印
stands,[三单] 站立
stars,[三单] 星
stares,[三单] 注视
starts,[三单] 惊起
states,[三单] 州
stays,[三单] 停留
steals,vi. 窃取 n.偷窃
steers,[三单] 引导
stems,[三单] 茎
steps,[三单] 步骤
sticks,[三单] 棍
stirs,[三单] 骚动
stops,[三单] 停止
stores,[三单] 商店
storms,[三单] 暴风雨
stresses,[三单] 压力
strikes,[三单] 罢工
strips,[三单] 长条
studies,[三单] 学习
stuffs,[三单] 原料
styles,[三单] 风格
subs,[三单] 补充人员
subjects,[三单] 科目
sucks,[三单] 吸
suffers,[三单] 遭受
suggests,[三单] 提议
suits,[三单] 套装
sums,[三单] 总数
supplies,[三单] 补给
supports,[三单] 支持
surprises,[三单] 惊奇
surveys,[三单] 纵览
swears,[三单] 发誓
sweats,[三单] 汗
sweeps,[三单] 扫除
swims,[三单] 游泳
swings,[三单] 摇摆
tags,[三单] 标签
takes,[三单] 拿
talks,[三单] 谈话
tans,[三单] 黄褐色
targets,[三单] 目标
tastes,[三单] 味道
teaches,[三单] 教
tears,[三单] 泪滴
tees,[三单] T字形
tells,[三单] 告诉
tends,[三单] 走向
tests,[三单] 测试
texts,[三单] 文本
thanks,[三单] 谢意
thinks,[三单] 想
throws,[三单] 投
tides,[三单] 潮
ties,[三单] 带子
times,[三单] 时间
tips,[三单] 顶
tires,[三单] 轮胎
tones,[三单] 音调
tops,[三单] 顶部
totals,[三单] 全体的
touches,[三单] 触觉
tours,[三单] 旅游
tracks,[三单] 轨迹
trades,[三单] 贸易
trains,[三单] 火车
traps,[三单] 圈套
travels,[三单] 旅行
treats,[三单] 宴请
trends,[三单] 趋势
tricks,[三单] 诡计
trips,[三单] 旅行
trusts,[三单] 信任
tries,[三单] 尝试
tunes,[三单] 歌曲
turns,[三单] 转弯
twins,[三单] 双胞胎中一人
twists,[三单] 一扭
types,[三单] 类型
undoes,[三单] 解开
unites,[三单] 联合
upsets,[三单] 弄翻的
urges,[三单] 冲动
uses,[三单] 使用
values,[三单] 价值
varies,[三单] 改变
vies,[三单] 争
views,[三单] 视野
visits,[三单] 拜访
voices,[三单] 声音
votes,[三单] 投票
vows,[三单] 誓约
waits,[三单] 等待
wakes,[三单] 叫醒
walks,[三单] 走
wants,[三单] 需要的东西
wars,[三单] 战争
warns,[三单] 警告
washes,[三单] 洗
wastes,[三单] 浪费
watches,[三单] 观察
waves,[三单] 波
wears,[三单] 穿着
weds,[三单] 与...结婚
weighs,[三单] 称...重量
wheels,[三单] 轮子
whips,[三单] 鞭子
wins,[三单] 赢得
winds,[三单] 风
wings,[三单] 翅膀
wipes,[三单] 擦拭
wires,[三单] 电线
wishes,[三单] 希望
wonders,[三单] 奇迹
worries,[三单] 担心
worths,[三单] 价值
woulds,aux. [三单] 将
wounds,[三单] 创伤
wraps,[三单] 外套
writes,[三单] 书写
yawns,[三单] 哈欠
vi. 打哈欠
zips,[三单] 尖啸声
zones,[三单] 地带
cancels,v. [三单] 取消 n. 取消，撤销
monitors,n. [三单] 监视器 v. 监控
advises,v. [三单] 建议
expresses,v. [三单] 表达 adj. 明确的 n. 快车，快递，专使
discovers,v. [三单] 发现
collects,v. [三单] 收集 adv. 由收件人付款地 adj. 由收件人付款的 n. (Collect)人名
centres,v. [三单] 以…为中心 n. 中心 adj. 中央的
retells,v. [三单] 复述
examines,v. [三单] 检查
connects,v. [三单] 连接
overcoats,n. [三单] 大衣，外套
engineers,n. [三单] 工程师 v. 设计
dismisses,v. [三单] 解散
streams,n. [三单] 溪流 v. 流
disturbs,v. [三单] 打扰
succeeds,v. [三单] 成功
weathers,n. [三单] 天气 v. 经受住 adj. 露天的
fetches,v. [三单] 取来 n. 取得
affords,v. [三单] 给予，提供 n. (Afford)人名
addresses,v. [三单] 演说 n. 地址
licenses,n. [三单] 执照，许可证 v. 许可
counts,v. [三单] 计算 n. 计数
progresses,n. [三单] 进步，发展 v. 前进，进步
promises,n. [三单] 许诺，允诺 v. 允诺，许诺
translates,v. [三单] 翻译
silences,n. [三单] 沉默 v. 使沉默 int. 安静！
pronounces,v. [三单] 发音
separates,v. [三单] 使分离 adj. 单独的 n. 分开
regrets,n. [三单] 遗憾 v. 后悔
presents,v. [三单] 提出 adj. 现在的 n. 现在
encourages,v. [三单] 鼓励，怂恿
pencils,n. [三单] 铅笔 v. 用铅笔写
surfaces,n. [三单] 表面 adj. 表面的，肤浅的 v. 浮出水面
interviews,n. [三单] 接见，采访 v. 采访
chants,n. [三单] 圣歌 v. 唱
packages,n. [三单] 包，包裹 adj. 一揽子的 v. 打包
experiences,n. [三单] 经验 v. 经验
punishes,v. [三单] 惩罚
monkeys,n. [三单] 猴子 v. 胡闹
troubles,n. [三单] 麻烦 v. 麻烦
corrects,v. [三单] 改正 adj. 正确的
accents,n. [三单] 口音 v. 强调
influences,n. [三单] 影响 v. 影响
skates,v. [三单] 滑冰 n. 溜冰
excuses,n. [三单] 借口 v. 原谅
welcomes,adj. [三单] 受欢迎的 n. 欢迎 v. 欢迎 int. 欢迎
kites,n. [三单] 风筝 v. 使用空头支票
mirrors,n. [三单] 镜子 v. 反射
repairs,v. [三单] 修理 n. 修理，修补
improves,v. [三单] 改善，增进
achieves,v. [三单] 取得
prevents,v. [三单] 预防，防止
introduces,v. [三单] 介绍
excites,v. [三单] 激起
supposes,v. [三单] 假设 conj. 假使…结果会怎样
mentions,v. [三单] 提到，谈到 n. 提及，说起
communicates,v. [三单] 通讯，传达
experiments,v. [三单] 尝试 n. 实验，试验
aches,v. [三单] 疼痛 n. 疼痛
threads,n. [三单] 线 v. 穿过
recites,v. [三单] 背诵
sentences,n. [三单] [语][计] 句子，命题 v. 判决，宣判
praises,n. [三单] 赞扬 v. 赞美，歌颂
exercises,n. [三单] 运动 v. 锻炼
mends,v. [三单] 修理，修补 n. 好转，改进
invents,v. [三单] 发明
pretends,v. [三单] 假装， 佯作
photographs,v. [三单] 拍照 n. 照片，相片
frustrates,v. [三单] 使沮丧， 使灰心
performs,v. [三单] 做， 履行， 完成
concentrates,v. [三单] 全神贯注，全力以赴 n.  浓缩物， 浓缩液
understands,v. [三单] [understood-understood] 理解， 懂
peels,v. [三单] 削…的皮，剥…的壳 n.  皮
manners,n. [三单] 方式，方法
traffics,v. [三单] 交易 n. 流动的车辆或行人，交通
recycles,v. [三单] 回收利用， 再应用
offends,v. [三单] 冒犯， 得罪
destroys,v. [三单] 破坏， 毁灭
stomaches,v. [三单] 承受， 忍受 n. 胃，胃口
balances,v. [三单] 使平衡， 使均衡 n. 天平，称
thrills,n. [三单] 兴奋， 激动
combines,v. [三单] 联合，结合 n.  联合企业
labors,n. [三单] 劳动
hungers,v. [三单] 渴望， 渴望得到 n. 饿，饥饿
comments,v. [三单] 评论 n. 评论，意见
educates,v. [三单] 教育
retires,v. [三单] 退休， 退役
exchanges,v. [三单] 调换， n. 交换，互换
behaves,v. [三单] 表现
mistakes,n. [三单] 〔行为、看法、言辞等上的〕错误 v. 弄错，误解，误会
silvers,v. [三单] 镀银 n. 银
honors,v. [三单] 尊敬 n. 尊敬，敬意
predicts,v. [三单] 预言， 预测
donates,v. [三单] 捐赠， 赠送
mights,verb. 可以〔用于礼貌地提出建议〕 n. 力量
volunteers,v. [三单] 自愿 n. 志愿者，志愿兵
strings,n. [三单] 弦， 线， 细绳
colors,n. [三单] 颜色 vt.  给…着色
displays,n&v. [三单] 陈列， 展览
criticizes,v. [三单] 批评
forbids,v. [三单] [forbade-forbidden] 不许， 禁止
surfs,v. [三单] 冲浪 n. 拍岸浪花
complains,v. [三单] 抱怨， 诉苦
injures,v. [三单] 伤害， 损害， 损伤
freezes,v. [三单] （使）结冰，（使）冻结 n. 〔价格、工资等的〕冻结
pierces,v. [三单] 刺穿， 刺破， 穿透
dislikes,n&v. [三单] 不喜欢， 讨厌
impresses,v. [三单] 给…深刻印象， 使铭记
features,n. [三单] 特征，特色
organizes,v. [三单] 组织， 安排
satisfies,v. [三单] 满足， 满意
challenges,v. [三单] 向…挑战 n. 挑战，艰巨任务
rewrites,v. [三单] 改写 n. 重写或改写的文稿
simplifies,v. [三单] 简化
foresees,v. [三单] 预见
contradicts,v. [三单] 反驳
persuades,v. [三单] 说服，劝说 adj. 空闲的，有闲的
surrounds,v. [三单] 围绕 n. 围绕物 adj. 环绕立体声的
distributes,v. [三单] 分配
postpones,v. [三单] 使…延期
panics,n. [三单] 恐慌，惊慌 adj. 恐慌的 v. 使恐慌
disappears,v. [三单] 消失
amuses,v. [三单] 娱乐
publishes,v. [三单] 出版
terrifies,v. [三单] 恐吓
disappoints,v. [三单] 使失望
explodes,v. [三单] 爆炸，爆发
worns,adj. [三单] 疲倦的 v. 穿 n. (Worn)人名
semicircles,n. [三单] 半圆，半圆形
envies,n. [三单] 嫉妒，妒忌 v. 嫉妒，妒忌
grasps,n. [三单] 抓住 v. 抓住
minuses,prep. [三单] 减，减去 n. 负号，减号 adj. 减的
bathes,v. [三单] 沐浴 n. 洗澡
substitutes,n. [三单] 代用品 v. 替代
carves,v. [三单] 雕刻 n. (Carve)人名
yells,v. [三单] 大叫，叫喊 n. 喊声，叫声
resigns,v. [三单] 辞职 n. 辞去职务
discourages,v. [三单] 阻止
attains,v. [三单] 达到，实现 n. 成就
liberates,v. [三单] 解放
discounts,n. [三单] 折扣 v. 贴现
deposits,n. [三单] 存款 v. 使沉积
purchases,n. [三单] 购买 v. 购买
appoints,v. [三单] 任命
favours,n. [三单] 偏爱 v. 赞成
competes,v. [三单] 竞争
conducts,v. [三单] 导电 n. 进行
abandons,n. [三单] 放任 v. 遗弃
documents,n. [三单] 文件，公文 v. 用文件证明
teases,v. [三单] 取笑 n. 戏弄
parallels,n. [三单] 平行线 v. 使…与…平行 adj. 平行的
explores,v. [三单] 探索
warehouses,n. [三单] 仓库 v. 储入仓库
abolishes,v. [三单] 废除，废止
frightens,v. [三单] 使惊吓
exploits,v. [三单] 开发，开拓 n. 勋绩
ripens,v. [三单] 使成熟
governs,v. [三单] 管理 n. (Govern)人名
skateboards,n. [三单] 溜冰板 v. 用滑板滑行
appreciates,v. [三单] 欣赏
arches,n. [三单] 弓形，拱形 adj. 主要的 v. 使…弯成弓形
ticks,v. [三单] 标记号于 n. 滴答声
functions,n. [三单] 功能 v. 运行
classifies,v. [三单] 分类
oughts,aux. [三单] 应该，应当 vi. 应该，应当
transforms,v. [三单] 改变，使…变形
drowns,v. [三单] 淹没 n. (Drown)人名
cubes,n. [三单] 立方 v. 使成立方形
wrinkles,n. [三单] 皱纹 v. 起皱
boycotts,v. [三单] 联合抵制 n. 联合抵制
frosts,v. [三单] 结霜于 n. 霜
howls,v. [三单] 咆哮 n. 嗥叫
mourns,v. [三单] 哀悼
devotes,v. [三单] 致力于
redirects,v. [三单] 使改方向 adj. 再直接的 n. 再直接询问
selects,v. [三单] 挑选 adj. 精选的 n. 被挑选者
overlooks,v. [三单] 忽略 n. 忽视
wanders,v. [三单] 徘徊 n. (Wander)人名
shores,v. [三单] 支撑，使稳住 n. 海滨
decorates,v. [三单] 装饰
evaluates,v. [三单] 评价
switches,v. [三单] 转换 n. 开关
swallows,v. [三单] 忍受 n. 燕子
stockings,n. [三单] 长袜
calculates,v. [三单] 计算
downloads,v. [三单] [计] 下载
pines,v. [三单] 渴望，痛苦 n. [林] 松树 adj. 松木的
astonishes,v. [三单] 使惊讶
roasts,v. [三单] 烤，焙 adj. 烘烤的 n. 烤肉
scars,v. [三单] 伤害 n. 创伤
spits,v. [三单] 吐痰 n. 唾液
bangs,n. [三单] 刘海 adv. 直接地 v. 重击
gruels,vt. [三单] 使极度疲劳 n. 稀粥
honours,n. [三单] 荣誉 v. 尊敬
organises,v. [三单] 组织起来
hammers,v. [三单] 锤击 n. 铁锤
perfumes,n. [三单] 香水 v. 洒香水于…
measures,n. [三单] 测量 v. 测量
outlines,n. [三单] 轮廓 v. 概述
shaves,v. [三单] 剃须，剃毛 n. 刮脸，剃胡子
postcodes,n. [三单] （英）邮政编码
swells,v. [三单] 膨胀 n. 肿胀 adj. 漂亮的
allocates,v. [三单] 分配
corresponds,v. [三单] 符合，一致
bounces,n. [三单] 跳 v. 弹跳
disobeys,v. [三单] 违反
digests,v. [三单] 消化 n. 文摘
disagrees,v. [三单] 不同意
approves,v. [三单] 批准
hatches,n. [三单] 孵化 v. 孵
promotes,v. [三单] 促进
replaces,v. [三单] 取代，代替
trembles,v. [三单] 发抖 n. 颤抖
submits,v. [三单] 使服从
cheerses,v. [三单] 感谢
dives,v. [三单] 潜水 n. 潜水
schedules,v. [三单] 安排，计划 n. 时间表
concludes,v. [三单] 推断
rebuilds,v. [三单] 重建
withdraws,v. [三单] 撤退
delivers,v. [三单] 交付 n. 投球
resembles,v. [三单] 类似，像
rewinds,n. [三单] 重绕 v. 倒回
hibernates,v. [三单] 过冬
broadcasts,v. [三单] 播送，播放 n. 广播 adj. 广播的
constructs,v. [三单] 建造，构造 n. 构想，概念
anchors,n. [三单] 锚 v. 抛锚 adj. 末棒的
sneezes,v. [三单] 打喷嚏 n. 喷嚏
deserves,v. [三单] 应受，应得
associates,v. [三单] 交往 n. 同事，伙伴 adj. 副的
declares,v. [三单] 宣布，声明
recommends,v. [三单] 推荐，介绍
convinces,v. [三单] 说服
formats,n. [三单] 格式 v. 使格式化
drills,n. [三单] 训练 v. 钻孔
opposes,v. [三单] 反对
compromises,v. [三单] 妥协 n. 妥协，和解
weeds,v. [三单] 除草 n. 杂草，野草
unfolds,v. [三单] 打开
exposes,v. [三单] 揭露，揭发
pollutes,v. [三单] 污染
bleeds,v. [三单] 使出血
consumes,v. [三单] 消耗，消费
refreshes,v. [三单] 更新
sacrifices,n. [三单] 牺牲 v. 牺牲
sharpens,v. [三单] 削尖
sponsors,n. [三单] 赞助者 v. 赞助
reserves,n. [三单] 储备，储存 v. 储备
arranges,v. [三单] 安排
underlines,v. [三单] 强调 n. 下划线
rewards,n. [三单] [劳经] 报酬 v. [劳经] 奖励
signals,n. [三单] 信号 v. 标志 adj. 显著的
declines,n. [三单] 下降 v. 下降
polishes,n. [三单] 磨光，擦亮 v. 擦亮，变光滑 adj. 波兰的
poisons,v. [三单] 污染 n. 毒药，毒物 adj. 有毒的
transports,n. [三单] 运输 v. 运输
erupts,v. [三单] 爆发
shelters,n. [三单] 庇护 v. 保护
permits,v. [三单] 许可 n. 许可证，执照
obtains,v. [三单] 获得
colours,v. [三单] 把…涂颜色，粉饰 n. 颜色
requests,n. [三单] 请求 v. 要求，请求
absorbs,v. [三单] 吸收
multiplies,v. [三单] 乘 adv. 多样地 adj. 多层的
overcomes,v. [三单] 克服
advocates,v. [三单] 提倡，主张，拥护 n. 提倡者
scans,v. [三单] 扫描 n. 扫描
zooms,n. [三单] 急速上升 v. 急速上升
conveys,v. [三单] 传达
confirms,v. [三单] 确认
scratches,n. [三单] 擦伤 adj. 打草稿用的 v. 抓
patents,v. [三单] 授予专利 adj. 专利的 n. 专利权
labours,n. [三单] 劳动力，人工 v. 劳动
contains,v. [三单] 包含
comforts,n. [三单] 安慰 v. 安慰
applauds,v. [三单] 赞同
inspires,v. [三单] 激发
screams,v. [三单] 尖叫 n. 尖叫声
attracts,v. [三单] 吸引
negotiates,v. [三单] 谈判，商议
memorizes,v. [三单] 记住，背熟
wrestles,n. [三单] 摔跤 v. 摔跤
insures,v. [三单] 确保，保证
recovers,v. [三单] 恢复 n. 还原至预备姿势
consists,v. [三单] 由…组成
circulates,v. [三单] 传播，流传
accomplishes,v. [三单] 完成
struggles,v. [三单] 奋斗，努力 n. 努力，奋斗
decreases,n. [三单] 减少，减小 v. 减少，减小
inserts,v. [三单] 插入 n. 插入物
forecasts,v. [三单] 预报，预测 n. 预测，预报
delights,n. [三单] 高兴 v. 高兴
registers,v. [三单] 登记 n. 登记
apologizes,v. [三单] 道歉
harbours,v. [三单] 藏匿 n. 海港（等于harbor）
respects,n. [三单] 尊敬，尊重 v. 尊敬，尊重
refers,v. [三单] 参考
possesses,v. [三单] 控制
accelerates,v. [三单] 使……加快
instructs,v. [三单] 指导
accumulates,v. [三单] 累积
glares,n. [三单] 刺眼 v. 瞪眼表示
weeps,v. [三单] 哭泣 n. 哭泣
seizes,v. [三单] 抓住
dashes,n. [三单] 破折号 v. 使…破灭
analyzes,v. [三单] 对…进行分析，分解（等于analyse）
clarifies,v. [三单] 澄清
greets,v. [三单] 欢迎，迎接 n. (Greet)人名
prays,v. [三单] 祈祷 n. (Pray)人名
burdens,n. [三单] 负担 v. 使负担
advertises,v. [三单] 通知
forgives,v. [三单] 原谅
underwears,n. [三单] 内衣物
violates,v. [三单] 违反
restricts,v. [三单] 限制
harvests,n. [三单] 收获 v. 收割
unrests,n. [三单] 不安
survives,v. [三单] 幸存
whistles,n. [三单] 口哨 v. 吹口哨
recognises,v. [三单] 认出
salutes,n. [三单] 致敬，欢迎 v. 行礼致敬，欢迎
consults,v. [三单] 查阅
preserves,v. [三单] 保存 n. 保护区
numbs,v. [三单] 使麻木 adj. 麻木的
cautions,n. [三单] 小心，谨慎 v. 警告
undertakes,v. [三单] 承担，保证
punctuates,v. [三单] 不时打断
remarks,n. [三单] 注意 v. 评论
assists,n. [三单] 帮助 v. 参加
hoorays,vi. [三单] 呼万岁 vt. 呼万岁 n. 万岁 int. 万岁
whispers,n. [三单] 私语 v. 耳语
conflicts,n. [三单] 冲突，矛盾 v. 冲突，抵触
snatches,n. [三单] 抢夺 v. 夺得
informs,v. [三单] 通知
dines,v. [三单] 进餐，用餐 n. (Dine)人名
amazes,v. [三单] 使吃惊
puzzleds,adj. [三单] 困惑的
accompanies,v. [三单] 陪伴，伴随
subscribes,v. [三单] 订阅
stains,v. [三单] 沾污 n. 污点
acquires,v. [三单] 获得
contributes,v. [三单] 贡献，出力
admires,v. [三单] 钦佩
observes,v. [三单] 庆祝
sniffs,v. [三单] 嗅 n. 吸，闻
annoys,v. [三单] 骚扰 n. 烦恼（等于annoyance）
programmes,n. [三单] 计划，规划 v. 编程序
confuses,v. [三单] 使混乱
compensates,v. [三单] 补偿，赔偿
tailors,v. [三单] 剪裁 n. 裁缝
caters,v. [三单] 投合，迎合 n. (Cater)人名
equips,v. [三单] 装备，配备
enlarges,v. [三单] 扩大
skips,v. [三单] 跳跃 n. 跳跃
interrupts,v. [三单] 中断 n. 中断
commands,v. [三单] 命令，指挥 n. 指挥，控制
condemns,v. [三单] 谴责
bargains,n. [三单] 交易 v. 讨价还价
starves,v. [三单] 饿死
adjusts,v. [三单] 调整，使…适合
inspects,v. [三单] 检查
fastens,v. [三单] 使固定 n. (Fasten)人名
advances,n. [三单] 发展 v. 提出 adj. 预先的
embarrasses,v. [三单] 使局促不安
references,n. [三单] 参考，参照 v. 引用
tolerates,v. [三单] 忍受
resists,v. [三单] 抵抗，抗拒 n. [助剂] 抗蚀剂
irrigates,v. [三单] 灌溉
deserts,v. [三单] 遗弃 n. 沙漠 adj. 沙漠的
lectures,n. [三单] 演讲 v. 演讲
assesses,v. [三单] 评定
grills,v. [三单] 烧，烤 n. 烤架，铁格子
rhymes,n. [三单] 韵律 v. 使押韵
betrays,v. [三单] 背叛
deletes,v. [三单] 删除
orbits,n. [三单] 轨道 v. 盘旋
strengthens,v. [三单] 加强
reflects,v. [三单] 反映
prohibits,v. [三单] 阻止，禁止
finances,n. [三单] 财政，财政学 v. 负担经费，供给…经费
differs,v. [三单] 使…相异 n. (Differ)人名
divorces,n. [三单] 离婚 vt.  使离婚
barks,v. [三单] 〔狗〕吠叫 n. 狗叫声，吠声
updates,vt&n. [三单] 现代化
hesitates,v. [三单] 犹豫， 踌躇
guarantees,vt&n. [三单] 保证， 担保
shrinks,v. [三单] 收缩
practises,v. [三单] 练习
overheads,adj&adv. [三单] 在高处， 在空中
plagues,v. [三单] 使困扰
specializes,v. [三单] 专业从事
startles,v. [三单] 吃惊
contracts,n. [三单] 合同
exhausts,v. [三单] 使筋疲力尽
subsidizes,v. [三单] 提供补贴
undergoes,v. [三单] 承受
emits,v. [三单] 发出，排出
aviates,v. [三单] 驾驶飞机
entitles,v. [三单] 使具有权利，使具有资格
relieves,v. [三单] 解除，减轻，缓解
inquires,v. [三单] 询问
hinders,v. [三单] 阻碍
contrasts,n. [三单] 对照物 v. 对比
threatens,v. [三单] 威胁
renews,v. [三单] 〔中止后〕重新开始，继续
imitates,v. [三单] 模仿
sways,v. [三单] 影响
soars,v. [三单] 猛增
embraces,v. [三单] 拥抱
distracts,v. [三单] 分心
yields,v. [三单] 产生，得出〔结果、答案或资料 n. 产量
contacts,n. [三单] 联系，接触 v. 〔写信、打电话〕联系〔某人〕
enriches,v. [三单] 丰富
consents,v. [三单] 允许，同意 n. 同意，赞同
interprets,v. [三单] 解释
initiates,v. [三单] 开始，发起
enables,v. [三单] 使能够……
overcharges,v. [三单] 向……多收费
reverses,n. [三单] 相反情况 a. 相反的
enrolls,v. [三单] 注册
invades,v. [三单] 侵入，侵略
strains,v. [三单] 扭伤，拉伤
rearranges,v. [三单] 重新安排
avails,"v. [三单] 有益, 有帮助"
vanishes,v. [三单] 消失
overwhelms,v. [三单] 压倒，战胜
eliminates,v. [三单] 消除
disputes,n. [三单] 辩论，争论 v. 辩论，争论
affirms,v. [三单] 断言，声明
lessens,v. [三单] 减少
socializes,v. [三单] 交往，联谊
perceives,v. [三单] 察觉
alerts,v. [三单] 提醒 adj. 机警的
formulates,v. [三单] 规定，制定
publicizes,v. [三单] 宣布
stakes,n. [三单] 风险
sustains,n. [三单] 维持
installs,v. [三单] 安装
renders,v. [三单] 给予
reframes,v. [三单] 再构造(图画、照片等)
specifies,v. [三单] 指定，具体说明
complements,v. [三单] 补充
triggers,v. [三单] 引发，引起
estimates,v. [三单] 估计
downsizes,v. [三单] 裁员
implements,v. [三单] 实施，执行
transfers,v. [三单] 转换，调换 n. 转换，调换
anticipates,v. [三单] 预感
qualifies,v. [三单] 使……有资格
merits,n. [三单] 优点，成绩 v. 值得
remedies,n. [三单] 药物
inherits,v. [三单] 继承
assigns,v. [三单] 布置
excludes,v. [三单] 排除，不包括
irritates,v. [三单] 激怒
skyrockets,v. [三单] 突升，猛涨
enhances,v. [三单] 提高
retains,"v. [三单] 保留,留用"
boosts,n. [三单] 推动 v. 促使，促进
misguides,v. [三单] 误导
prevails,v. [三单] 流行，盛行
counsels,v. [三单] 忠告，建议
reinforces,v. [三单] 加强，强化
induces,v. [三单] 引诱
locates,v. [三单] 位于，定位
tightens,v. [三单] 使变紧
discharges,v. [三单] 释放
conforms,v. [三单] 相一致，遵守
recharges,v. [三单] 再充电
frowns,v. [三单] 皱眉
originates,v. [三单] 开始
cultivates,v. [三单] 培养， 养成
undermines,v. [三单] 逐渐削弱
favors,"v. [三单] 偏好, 较喜欢"
endangers,v. [三单] 危及，危害，濒临危险
inflates,v. [三单] (使)膨胀
exaggerates,v. [三单] 夸张
illustrates,"v. [三单] 说明,阐明"
overflows,v. [三单] 溢出，淹没
fantasizes,v. [三单] 想象，幻想
generates,v. [三单] 产生
backslides,v. [三单] 倒退，退步
reproduces,v. [三单] 复制
worsens,v. [三单] （使）变得更坏
motivates,v. [三单] 促动，激发，诱导
compels,v. [三单] 强迫
revises,v. [三单] 修订
dampens,v. [三单] 抑制
pursues,v. [三单] 追求
innovates,v. [三单] 创新，革新
stereotypes,n. [三单] 老套，固定模式
dictates,v. [三单] 命令，规定 n. 命令，规定
prospers,v. [三单] 繁荣
retreats,v. [三单] 退避，后退
insults,v. [三单] 侮辱
neglects,v. [三单] 疏忽
inclines,v. [三单] 倾向于
overtakes,v. [三单] 超车
emphasizes,v. [三单] 强调
lodges,v. [三单] 住宿，暂住
surpasses,v. [三单] 超过
distresses,v. [三单] 使痛苦，悲痛
invests,v. [三单] 投资
restores,v. [三单] 修复
refines,v. [三单] 改善
complies,v. [三单] 遵从
provokes,v. [三单] 激起，挑起
lobbies,n. [三单] 大堂 v. 游说
endures,v. [三单] 忍耐
confronts,v. [三单] 面对
attributes,v. [三单] 归因于
deprives,v. [三单] 剥夺，夺去，使丧失
highlights,v. [三单] 突出 n. 突出的部分
justifies,v. [三单] 证明……正当
derives,v. [三单] 得到，导出
symbolizes,v. [三单] 象征
retrains,v. [三单] 再教育
evolves,v. [三单] 使发展
disservices,n. [三单] 伤害，帮倒忙
fusses,n. [三单] 大惊小怪
regulates,v. [三单] 管理
accustoms,v. [三单] 使习惯
assembles,v. [三单] 集合
facilitates,v. [三单] 使便利，促进
misleads,v. [三单] 误导
reassesses,v. [三单] 重新评估
stimulates,v. [三单] 刺激
fascinates,v. [三单] 强烈地吸引，迷住
constitutes,v. [三单] 组成
archives,n. [三单] 档案馆，档案室
overloads,n. [三单] 负担太重
detects,v. [三单] 觉察
repaves,v. [三单] 再铺，重新铺砌
undervalues,v. [三单] 低估
protests,v. [三单] 抗议
refuels,v. [三单] （给）加油，加燃料
tackles,v. [三单] 处理
dissatisfies,v. [三单] 不满意
weakens,v. [三单] 减少，减弱
overstates,v. [三单] 夸张，夸大
restocks,v. [三单] 重新进货，再储存
convicts,v. [三单] 证明…有罪
deepens,v. [三单] 使加深，加剧
resolves,v. [三单] 解决
amplifies,v. [三单] 放大，扩大
bulks,n. [三单] 大部分
arouses,v. [三单] 引起，唤起
modifies,v. [三单] 更改，修改
conquers,v. [三单] 征服
executes,v. [三单] 将…处死
conceals,v. [三单] 把…隐藏起来
stings,v. [三单] 刺 n. 刺
stacks,n. [三单] 堆，垛 v. 堆积
tunnels,n. [三单] 隧道，坑道，地道
hedges,n. [三单] 篱笆，树篱
bundles,n. [三单] 捆，包，束
stretches,v. [三单] 伸展 n. 伸展
patches,n. [三单] 补丁 v. 修补，缝补
sympathizes,v. [三单] 同情
surrenders,v. [三单] 交出
complicates,v. [三单] 使复杂
entertains,v. [三单] 使欢乐
confesses,v. [三单] 供认，承认
pastes,n. [三单] 糊
inhabits,v. [三单] 居住于，栖息于
drips,v. [三单] 滴下 n. 水滴
exerts,v. [三单] 运用
dissolves,v. [三单] 使溶解
computes,v. [三单] 计算，估计，估算
suspends,v. [三单] 吊，悬
rebels,v. [三单] 造反 n. 造反者
descends,v. [三单] 下来，下降
encounters,v. [三单] 遭遇，遇到 n. 遭遇
composes,v. [三单] 创作
dishonours,n. [三单] 不光彩
drifts,v. [三单] 漂流 n. 趋势
glides,v. [三单] 滑动 n. 滑行
drains,v. [三单] 排去 n. 耗竭
skims,v. [三单] 掠过，擦过
flourishes,v. [三单] 繁荣，茂盛，兴旺
gasps,v. [三单] 气喘，喘息
bruises,n. [三单] 青肿，伤痕
hardens,v. [三单] 使变硬
verifies,v. [三单] 证实，查证
ventures,n. [三单] 冒险 v. 敢于
roars,v. [三单] 吼叫 n. 吼
spoils,v. [三单] 损坏，糟蹋
wakens,v. [三单] 醒来
sparks,n. [三单] 火花，火星
infers,v. [三单] 推论，推断
plunges,v. [三单] 使投入
thrives,v. [三单] 兴旺，繁荣，旺盛
restrains,v. [三单] 抑制，遏制
flushes,v. [三单] （脸）发红
oppresses,v. [三单] 压迫，压制
docks,n. [三单] 船坞
devises,v. [三单] 设计，发明
fulfils,v. [三单] 履行
compiles,v. [三单] 编辑，编制，搜集
resumes,v. [三单] 重新开始
gazes,v. [三单] 凝视，盯，注视
slits,n. [三单] 裂缝 v. 切开，撕开
despises,v. [三单] 鄙视，蔑视
bubbles,n. [三单] 泡 v. 冒泡，沸腾
uncovers,v. [三单] 揭开…的盖子
disciplines,n. [三单] 纪律 v. 训练
workshops,n. [三单] 车间，工场
filters,v. [三单] 过滤 n. 过滤器
subtracts,v. [三单] 减，减去，去掉
disguises,v. [三单] 隐瞒，掩埋 n. 假装
isolates,v. [三单] 使隔离，使孤立
supplements,n. [三单] 增补物，补充物 v. 增补，补充
comprises,v. [三单] 包含，包括
shears,v. [三单] 剪
enforces,v. [三单] 实施，执行
displeases,v. [三单] 使不愉快，使生气
depresses,v. [三单] 使沮丧
hastens,v. [三单] 催促
mutters,v. [三单] 轻声低语
flocks,n. [三单] 羊群，群
scatters,v. [三单] 撒
omits,v. [三单] 省略，省去
cooperates,v. [三单] 合作，协作
grieves,v. [三单] 悲痛
prescribes,v. [三单] 开处（方）
exceeds,v. [三单] 超过，胜过
harnesses,v. [三单] 控制[利用]〔自然力等〕 n. 马具，挽具
evaporates,v. [三单] 使蒸发
kneels,v. [三单] 跪，跪下，跪着
creeps,v. [三单] 爬行
spills,v. [三单] 使溢出
flavours,n. [三单] 味，味道
discards,v. [三单] 丢弃，抛弃，遗弃
exclaims,v. [三单] 呼喊
compresses,v. [三单] 压紧，压缩
disposes,v. [三单] 去掉，丢掉
brightens,v. [三单] 使发光
slams,v. [三单] 使劲关
decays,v. [三单] 腐烂 n. 腐烂
flares,v. [三单] 闪耀
defects,n. [三单] 缺点，缺陷，欠缺
infects,v. [三单] 传染
deceives,v. [三单] 欺骗，蒙蔽，行骗
worships,n. [三单] 礼拜 v. 崇拜
unloads,v. [三单] 卸（货）
withstands,v. [三单] 抵挡，反抗
binds,v. [三单] 捆绑
obliges,v. [三单] 迫使
compounds,n. [三单] 化合物
loosens,v. [三单] 解开
glows,n. [三单] 白热光 v. 发白热光
transmits,v. [三单] 传送，传达
proceeds,v. [三单] 进行
proposes,v. [三单] 提议
awaits,v. [三单] 等候，期待
pinches,v. [三单] 捏，拧，掐掉
wrecks,n. [三单] 沉船，失事船 v. 破坏
chills,v. [三单] 使变冷 n. 寒冷
weaves,v. [三单] 织，编
exhibits,v. [三单] 陈列，展览
strokes,n. [三单] 中风
interferes,v. [三单] 干涉，干预
captures,v. [三单] 捕获，俘获
tempts,v. [三单] 引诱，诱惑
discloses,v. [三单] 揭开，揭发
catalogs,n. [三单] 目录，目录册
trims,adj. [三单] 整齐的 v. 使整齐
vibrates,v. [三单] 使颤动
racks,n. [三单] 搁物架
laces,n. [三单] 鞋带，系带
summarizes,v. [三单] 概括，概述，总结
cripples,n. [三单] 跛子
scrapes,v. [三单] 刮 n. 刮
blends,v. [三单] 混和 n. 混和物
crawls,v. [三单] 爬，爬行
accords,v. [三单] 给予
spans,n. [三单] 持续时间
collapses,v. [三单] 倒坍
assures,v. [三单] 使确信
rusts,n. [三单] 锈 v. 生锈，氧化
grinds,v. [三单] 磨（碎）
erects,v. [三单] 建造
tortures,n. [三单] 拷问 v. 拷打
shivers,v. [三单] 颤抖，哆嗦 n. 冷颤
civilizes,v. [三单] 使文明
rouses,v. [三单] 唤醒，唤起
widens,v. [三单] 变宽
blasts,n. [三单] 爆炸，冲击波 v. 炸
persists,v. [三单] 坚持，固执
vacuums,n. [三单] 真空
ditches,n. [三单] 沟，沟渠，渠道
licks,v. [三单] 舔
thrusts,v. [三单] 插，刺 n. 猛冲，猛刺
spurs,n. [三单] 刺激物 v. 刺激
resorts,vi. [三单] 求助，凭借 n. 诉诸
penetrates,v. [三单] 穿过
boasts,v. [三单] 自夸，吹嘘
lightens,v. [三单] 照亮，使明亮
converts,v. [三单] 使转变
submerges,v. [三单] 浸没
soaks,v. [三单] 浸，泡
disorders,n. [三单] 骚乱
encloses,v. [三单] 附上
disables,v. [三单] 使无能，使伤残
fragments,n. [三单] 碎片，破片，碎块
coordinates,v. [三单] 使协调，调节
deduces,v. [三单] 演绎，推论，推断
departs,v. [三单] 离开，起程
furnishes,v. [三单] 装备，布置 （房间、建筑物）
imprisons,v. [三单] 关押，监禁
overtimes,n. [三单] 加班
rotates,v. [三单] 旋转
stoops,v. [三单] 俯身 n. 曲背
welds,v. [三单] 焊接，熔接 n. 焊接点
confines,v. [三单] 禁闭
disgusts,n. [三单] 厌恶，憎恶
utilizes,v. [三单] 利用
tempers,n. [三单] 韧度 vt. 调和， 使缓和
concedes,vt. [三单] 承认， 承认…为真
dominates,vi. [三单] 拥有优势 vt. 在…中占首要地位
bumps,vi. [三单] 碰，撞 n. 碰撞， 猛撞
surges,vi. [三单] 蜂拥而出 n. 大浪， 波涛
combats,n. [三单] 战争，斗争，格斗 vt. 与…斗争， 与…战斗
charms,n. [三单] 迷人的特性，魅力 vt. 吸引， 迷住
rallies,v. [三单] 集合， 团结 n. 集会
profiles,n. [三单] 侧面 vt. 为…描绘
reckons,vt. [三单] 认为， 估计
notifies,vt. [三单] 通知， 告知， 报告
nourishes,vt. [三单] 提供养分， 养育
shrugs,n&v. [三单] 耸肩
cherishes,vt. [三单] 珍爱
prolongs,vt. [三单] 拉长， 延长
minimizes,vt. [三单] 将…减少
leases,n. [三单] 租约，租契 vt. 出租
empowers,vt. [三单] 授权于
molds,n. [三单] 霉，霉菌 vt. 用模子制作， 塑造
suicides,n&v. [三单] 自杀
enquires,v. [三单] 询问
integrates,v. [三单] 成为一体， 合并
popularizes,vt. [三单] 普及
fulfills,vt. [三单] 履行， 实现， 完成
delegates,n. [三单] 代表， 代表团成员 vt. 委派…为代表
victimizes,vt. [三单] 使受害， 使牺牲
speculates,v. [三单] 推测， 推断
acquaints,vt. [三单] 使认识， 使了解
intervenes,vi. [三单] 干涉， 调停， 干预
forges,vt. [三单] 打制， 锻造
defies,v. [三单] 违背，违抗
rustles,v. [三单] 发出沙沙声
merges,v. [三单] 合并
outnumbers,v. [三单] 超过
fluctuates,v. [三单] 波动
fosters,v. [三单] 促进
dilutes,v. [三单] 稀释，冲淡
outlives,v. [三单] 比……活的时间长
outweighs,v. [三单] 超过
affiliates,v. [三单] 使隶属于
displaces,v. [三单] 取代
misleds,v. [三单] (mislead过去式)误导
monopolizes,v. [三单] 垄断
upgrades,v. [三单] 升级
legalizes,v. [三单] 合法化
certifies,v. [三单] 保证，证明
baffles,v. [三单] 使迷惑，困惑
chronicles,v. [三单] 记录
collides,v. [三单] 撞击，碰撞
designates,v. [三单] 指定，委派
ventilates,v. [三单] 使通风
expels,v. [三单] 开除，驱逐
outperforms,v. [三单] 胜过
modernizes,v. [三单] 现代化
portrays,v. [三单] 描述
transcends,v. [三单] 超越
kidnaps,v. [三单] 绑架
stabilizes,v. [三单] 使稳固，使安定
migrates,v. [三单] 移民
permeates,v. [三单] 渗透
lingers,v. [三单] 逗留，徘徊
testifies,v. [三单] 作证
revives,v. [三单] 复兴
suppresses,v. [三单] 镇压，压制
diminishes,v. [三单] 减少
reconciles,v. [三单] 使一致
navigates,v. [三单] 航行，驾驶
consoles,v. [三单] 安慰
discerns,v. [三单] 识别
impairs,v. [三单] 损害
conserves,v. [三单] 保留，保护
intertwines,v. [三单] 交织，纠缠
constrains,v. [三单] 限制
soothes,v. [三单] 安慰，减轻
entails,v. [三单] 使需要，使必须
smuggles,v. [三单] 走私
inhales,v. [三单] 吸入
interacts,v. [三单] 互动
confers,v. [三单] 授予
perishes,v. [三单] 死亡
quickens,v. [三单] 加快
diverts,v. [三单] 使转向
hijacks,v. [三单] 劫持
bucks,v. [三单] 反对 n. 美元
duplicates,n. [三单] 副本，复制品
regains,v. [三单] 重新获得
ascends,v. [三单] 上升
outsources,v. [三单] 外包
slashes,v. [三单] 猛削，劈，砍
extinguishes,v. [三单] 熄灭
simulates,v. [三单] 模拟，模仿
assimilates,v. [三单] 同化
orients,v. [三单] 使确定方向
accrues,v. [三单] 积累
nominates,v. [三单] 提名
disconnects,v. [三单] 断开
asserts,v. [三单] 主张，断言
elevates,v. [三单] 提升
transitions,n. [三单] 过渡
derails,v. [三单] 脱轨
bribes,v. [三单] 贿赂
amends,v. [三单] 修订
overturns,v. [三单] 推翻
shranks,v. [三单] 收缩(shrink过去式)
biases,n. [三单] 偏见
eradicates,v. [三单] 根除
redefines,v. [三单] 重新定义
deviates,v. [三单] 偏离
indulges,v. [三单] 放纵
hurls,v. [三单] 猛投
dispatches,v. [三单] 发送，派遣
distorts,v. [三单] 歪曲
manifests,v. [三单] 表明
embodies,v. [三单] 体现
readjusts,v. [三单] 重新调整，再调整
jeopardizes,v. [三单] 危害，危及
illuminates,v. [三单] 阐释，阐明
ponders,v. [三单] 仔细考虑
paves,v. [三单] 铺路
signifies,v. [三单] 表明，象征
decodes,v. [三单] 解码
deems,v. [三单] 认为
magnifies,v. [三单] 放大
overlaps,v. [三单] 重叠
visualizes,v. [三单] 想象
paralyzes,v. [三单] 瘫痪，麻痹
refrains,v. [三单] 抑制，避免
flavors,n. [三单] 口味
agonizes,v. [三单] 使痛苦
imparts,v. [三单] 传授，教授
shepherds,v. [三单] 引导，带领
bemoans,v. [三单] 抱怨
incurs,v. [三单] 引起，导致
disarms,v. [三单] 解除，消除
prioritizes,v. [三单] 优先
alleviates,v. [三单] 减轻，缓解
aggravates,v. [三单] 加重，加剧
hacks,v. [三单] 黑客攻击
manipulates,v. [三单] 操纵
underscores,v. [三单] 强调
activates,v. [三单] 激活
reaps,v. [三单] 收割，收获
sneaks,v. [三单] 溜走
hikes,v. [三单] 作长途徒步旅行
grunts,v. [三单] 作呼噜声
abides,v. [三单] 忍受
suffices,v. [三单] 足够
endows,v. [三单] 资助
clutches,v. [三单] 抓住，掌握，攫
injects,v. [三单] 注射
stalks,n. [三单] 主茎，叶柄
presides,v. [三单] 主持
ejects,v. [三单] 逐出，排斥
fabricates,v. [三单] 捏造
rebukes,v. [三单] 指责，非难，斥责
denotes,v. [三单] 指示，意味着
summons,v. [三单] 召唤
clings,v. [三单] 粘住
adheres,v. [三单] 粘附
winks,v. [三单] 眨眼
glorifies,v. [三单] 赞美
roams,v. [三单] 在…漫步，漫游
presets,v. [三单] 预先装置
emigrates,v. [三单] 永久移居国外
ignites,v. [三单] 引燃，着火
veils,v. [三单] 以面纱遮掩
forsakes,v. [三单] 遗弃，抛弃
stitches,n. [三单] 一针，缝线 v. 缝
postulates,v. [三单] 假定，假设
wavers,v. [三单] 犹豫不决
oxidizes,v. [三单] 氧化，使生锈
retards,v. [三单] 阻碍
patrols,n. [三单] 巡逻，巡查
quests,v. [三单] 寻找，追求
overhangs,v. [三单] 悬于…之上，悬垂
warrants,n. [三单] （法院授权警方采取行动的）令状
hails,v. [三单] 向…欢呼，招呼
yearns,v. [三单] 渴望，向往
spices,n. [三单] 香料，调味品
coincides,v. [三单] 相巧合
gossips,n. [三单] 闲谈
rambles,v. [三单] 闲逛，漫步
precedes,v. [三单] 先于…，领先
quenches,v. [三单] 熄灭，扑灭
grazes,v. [三单] 喂草
pleads,v. [三单] 为…辩护，抗辩
gleams,n. [三单] 微光 v. 发微光
trifles,v. [三单] 玩忽
tiles,n. [三单] 瓷砖
hauls,v. [三单] 拖曳
devours,v. [三单] 吞食
propels,v. [三单] 推进，推动
overthrows,v. [三单] 推翻 n. 推翻，瓦解
shoves,v. [三单] 推，（使劲）推
thrashes,v. [三单] 痛打，鞭打，打
adjoins,v. [三单] 贴近，毗连
modulates,v. [三单] 调整，调节（声音）
purifies,v. [三单] 提纯，精炼（金属）
wades,v. [三单] 趟（河），跋涉
probes,n. [三单] 探针 v. 用探针探查
deforms,v. [三单] 损坏…的形状
preaches,v. [三单] 说教，布道
rinses,v. [三单] 冲洗
automates,v. [三单] 使自动化
lengthens,v. [三单] 使延长，变长
freshens,v. [三单] 使显得新鲜
moors,v. [三单] 使停泊
lubricates,v. [三单] 使润滑，加润滑油
softens,v. [三单] 使软化，变温和
subdues,v. [三单] 使屈服，征服
deafens,v. [三单] 使聋
insulates,v. [三单] 使绝缘，使绝热
alternates,v. [三单] 使交替 adj. 交替的
degrades,v. [三单] 使降低
mingles,vt. [三单] 使混合，混合起来
tangles,v. [三单] 使缠结，使纠缠
sweetens,v. [三单] 使变甜，变甜
thickens,v. [三单] 使变厚（或粗、密）
excels,v. [三单] 胜过，杰出
hoists,v. [三单] 升起，扯起来
censors,v. [三单] 审查，检查
conceives,v. [三单] 设想，以为
scorches,v. [三单] 烧焦
sifts,v. [三单] 筛，过滤
quantifies,v. [三单] 确定…的数量
extracts,v. [三单] 取出 n. 摘录
dissipates,v. [三单] 驱散
denounces,v. [三单] 谴责，声讨
enlightens,v. [三单] 启发，开导
implores,v. [三单] 乞求，恳求，哀求
fractures,n. [三单] 破裂 v. 破裂
persecutes,v. [三单] 迫害，残害
tacks,n. [三单] 平头钉 v. 钉住
bleaches,v. [三单] 漂白，变白
flakes,n. [三单] 片，薄片
bypasses,n. [三单] 旁通管 v. 绕过
staggers,v. [三单] 蹒跚，使摇晃
hovers,v. [三单] 徘徊
overhears,v. [三单] 偶然听到
strives,v. [三单] 努力，奋斗，力求
shortens,v. [三单] 弄短，缩小，减少
wrings,v. [三单] 拧，挤，扭，榨
tickles,v. [三单] 挠，胳肢
intents,adj. [三单] 目不转睛的，热切的
destines,v. [三单] 命定，注定
enchants,v. [三单] 迷住
perplexes,v. [三单] 迷惑，困惑，难住
bewilders,v. [三单] 迷惑，把…弄糊涂
jerks,v. [三单] 猛地一拉，急拉
pores,n. [三单] 毛孔，气孔，细孔
expires,v. [三单] 满期，到期
spirals,adj. [三单] 螺旋（形）的，盘旋的
preys,n. [三单] 猎物 v. 捕获
grins,v. [三单] 咧着嘴笑
comprehends,v. [三单] 了解，理解，领会
withers,v. [三单] 枯萎
voids,adj. [三单] 无效的
gnaws,v. [三单] 啃，咬断，啮
fells,v. [三单] 砍倒（树等）
inaugurates,v. [三单] 使就职
commences,v. [三单] 开始
reclaims,v. [三单] 开垦，开拓
unlocks,v. [三单] 开…的锁
reels,v. [三单] 卷，绕
repels,v. [三单] 使厌恶
upholds,v. [三单] 维护
exemplifies,v. [三单] 举例证明（解释）
resides,v. [三单] 居住，驻扎
dwells,v. [三单] 居住
rectifies,v. [三单] 纠正
contends,v. [三单] 竞争
unties,v. [三单] 解开，松开
parachutes,n. [三单] 降落伞
splashes,v. [三单] 溅泼 n. 溅泼声
clips,v. [三单] 剪
perseveres,v. [三单] 坚持，不屈不挠
presumes,v. [三单] 假定，假设，揣测
heightens,v. [三单] 加高，提高
stalls,n. [三单] 货摊，书摊
wields,v. [三单] 挥（剑）
desolates,adj. [三单] 荒芜的
correlates,n. [三单] 互相关联的事物
traverses,v. [三单] 横越
pirates,n. [三单] 海盗
obstinates,adj. [三单] 固执的
plucks,v. [三单] 鼓起（勇气），振作
tributes,n. [三单] 献礼
energizes,v. [三单] 供给…能量
vaccinates,v. [三单] 给…接种疫苗
generalizes,v. [三单] 概括出
dedicates,v. [三单] 奉献
flatters,v. [三单] 奉承，阿谀，谄媚
plumps,adj. [三单] 丰满的
shatters,v. [三单] 粉碎，破碎
offsets,v. [三单] 抵销
detaches,v. [三单] 分开
interfaces,n. [三单] 分界面
diverges,v. [三单] 分岔
hampers,v. [三单] 妨碍，阻碍，牵制
handicaps,v. [三单] 妨碍，使不利
propagates,v. [三单] 传播，普及
tosses,v. [三单] 翻来覆去
decrees,n. [三单] 法令，政令
invoices,n. [三单] 发票，发货清单
rattles,v. [三单] 发出格格声
stews,v. [三单] 炖 n. 炖菜
halves,v. [三单] 对分
resents,v. [三单] 对…不满，怨恨
mobilizes,v. [三单] 动员，动员起来
kindles,v. [三单] 点燃，着火
detains,v. [三单] 扣押，拘留
butts,n. [三单] 大酒桶，桶
snores,v. [三单] 打鼾，打呼噜
threshes,v. [三单] 打谷，脱粒
pokes,v. [三单] 戳，刺
puffs,v. [三单] 喘气
commends,v. [三单] 称赞，表扬
muses,v. [三单] 沉思，默想，冥想
meditates,v. [三单] 沉思
hushes,n. [三单] 沉默 int. 嘘！
immerses,v. [三单] 沉浸
repeals,v. [三单] 撤销
mocks,v. [三单] 嘲弄，挖苦
reigns,n. [三单] （某君主的）统治时期
haunts,v. [三单] （鬼魂）经常出没
ascertains,vt. [三单] 查明，确定，弄清
disregards,v. [三单] 不管，不顾 n. 忽视
barges,n. [三单] 驳船
grumbles,v. [三单] 抱怨，发牢骚
safeguards,n. [三单] 保护措施
tabulates,v. [三单] 把…制成表
bestows,v. [三单] 把…赠与
subdivides,v. [三单] 把…再分
straightens,v. [三单] 把…弄直
flattens,v. [三单] 把…弄平
ascribes,v. [三单] 把…归于
immigrates,v. [三单] （使）移居入境
disperses,v. [三单] （使）分散
elapses,v. [三单] （时间）过去，消逝
quivers,v. [三单] （轻微地）颤动
flutters,v. [三单] （鸟）振翼
growls,v. [三单] （狗等）嗥叫
buzzes,v. [三单] （蜂等）嗡嗡叫
gropes,v. [三单] （暗中）摸索，探索
squats,v. [三单] （使）蹲下
flings,v. [三单] （用力）扔，抛
treads,v. [三单] 踩，踏，践踏
tramples,v. [三单] 践踏，蹂躏 n. 践踏，蹂躏
jingles,v. [三单] （使）丁当响
frets,v. [三单] （使）烦恼
deflects,v. [三单] （使）偏斜
tilts,v. [三单] （使）倾斜
revolves,v. [三单] （使）旋转
repays,v. [三单] 偿还
scoffs,v. [三单] 嘲笑，嘲弄
hoes,v. [三单] 锄地
retorts,v. [三单] 反击
broadens,v. [三单] 放宽，变阔
decomposes,v. [三单] 腐败
supervises,v. [三单] 监督，监视
bewares,v. [三单] 谨防，当心
entreats,v. [三单] 恳求
terminates,v. [三单] 停止，终止
solidifies,v. [三单] 凝固
dazzles,v. [三单] 使目眩
transplants,v. [三单] 移植（器官、皮肤等）
xeroxes,v. [三单] 用静电复印
pecks,v. [三单] 啄，啄起
trots,v. [三单] （马）小跑 n. （马）小跑
afflicts,vt. [三单] 使苦恼， 折磨
reproaches,n&vt. [三单] 责备， 批评
authorizes,vt. [三单] 授权， 批准
rejoices,vi. [三单] 感到高兴， 充满喜悦
blurs,v. [三单] 变模糊 n. 模糊，模糊的东西
flips,adj. [三单] 〈口〉无理的， 轻率的， 轻浮的 vt. 快速翻动，转动 n. 捻掷，轻抛
averts,vt. [三单] 防止， 避免
envisages,vt. [三单] 想象， 设想
ensues,vi. [三单] 接着发生， 接踵而来， 因而产生
levies,vt. [三单] 征收 n. 征税， 税款
intimidates,vt. [三单] 恐吓， 威胁
busts,vi. [三单] 爆裂，坏掉 vt. 打破，打碎 n. 胸像， 半身像
dodges,vi. [三单] 闪身躲开 vt. 回避，逃避 n. 托辞， 伎俩
inhibits,vt. [三单] 阻止， 妨碍， 抑制
evokes,vt. [三单] 唤起， 引起， 使人想起
radiates,v. [三单] 发出， 辐射
prosecutes,vi. [三单] 起诉， 告发 vt. 对…提起公诉，告发，检举
lashes,v. [三单] 将系牢 n. 鞭打
predestines,vt. [三单] 预先确定
batters,v. [三单] 连续猛击 n. 面糊
regenerates,vi. [三单] 新生， 再生， 起革新作用 vt. 使新生，重建，改革，革新
tumbles,vi. [三单] 跌倒，摔下，滚下 n. 跌倒， 摔倒
unifies,vt. [三单] 使联合， 统一
doles,n. [三单] 救济，救济金 vt. 发放， 发给
commutes,vi. [三单] 乘公交车上下班，经常乘车往返于两地 vt. 减
distills,vt. [三单] 蒸馏， 用蒸馏法提取
depicts,vt. [三单] 描绘， 描述
bullies,n. [三单] 恃强欺弱者 vt. 威吓， 欺负
sparkles,vi. [三单] 发光，闪耀，闪烁 n. 闪光， 闪耀， 闪烁
staples,adj. [三单] 主要的 n. 订书钉，U形钉 vt. 用订书钉订
relishes,vt. [三单] 享受，从…中获得乐趣 n. 享受， 滋味， 乐趣
appeases,vt. [三单] 平息， 抚慰
recurs,vi. [三单] 再发生， 重现
alleges,vt. [三单] 断言， 宣称， 硬说
segregates,vt. [三单] 使隔离， 使分开
withholds,vt. [三单] 拒绝， 不给
convenes,vi. [三单] 开会，集合 vt. 召集
professes,vt. [三单] 表示， 承认
reassures,vt. [三单] 使放心
sobers,adj. [三单] 未醉的，有节制的 v. 醒酒， 清醒
wearies,vi. [三单] 厌烦， 不耐烦 adj. 疲劳的，疲倦的
stabs,n&v. [三单] 刺， 戳
crumbles,vi. [三单] 崩溃， 瓦解 vt. 弄碎
inverts,vt. [三单] 使倒转， 使倒置， 使颠倒
disrupts,vt. [三单] 使中断
auctions,n&vt. [三单] 拍卖
corrodes,v. [三单] 腐蚀， 侵蚀
refunds,n. [三单] 退款 vt. 退还
degenerates,vi. [三单] 衰退，堕落，蜕化 adj. 衰退的，堕落的 n. 堕落者
nurtures,n&vt. [三单] 养育， 培育， 滋养
tracts,n. [三单] 传单， 小册子
aggregates,adj. [三单] 总计的， 合计的 n. 总数，合计 vt. 总计达， 合计
sprinkles,v. [三单] 撒，洒 n. 少量， 少数
stumps,vi. [三单] 脚步沉重地走 n. 树桩 vt. 把…难住，使为难
refutes,vt. [三单] 驳斥， 驳倒
stuns,vt. [三单] 使震惊， 使目瞪口呆
culminates,vi. [三单] 告终
tolls,v. [三单] 敲 n. 过路费，过桥费
converges,vi. [三单] 会合， 互相靠拢
overpasses,n. [三单] 天桥， 立交桥
prunes,vt. [三单] 修剪， 修整
reins,n. [三单] 缰绳 vt. 勒缰使停步
blinks,vi. [三单] 眨眼睛 n. 眨眼睛
embeds,vt. [三单] 把…嵌入， 扎牢
intensifies,v. [三单] 增强， 加剧
giggles,n. [三单] 咯咯笑， 傻笑
foils,n. [三单] 箔，金属薄片 vt. 挫败， 使受挫折
intrigues,vi. [三单] 耍阴谋，施诡计 vt. 激起…的好奇心，迷住 n. 阴谋， 诡计， 密谋
breaches,n. [三单] 破坏，违反 vt. 攻破， 在…造成缺口
alienates,vt. [三单] 使疏远， 使不友好， 离间
retrospects,n. [三单] 回顾
deducts,v. [三单] 减去， 扣除
deports,vt. [三单] 把…驱逐出境
intricates,adj. [三单] 错综复杂的， 复杂精细的
mediates,vi. [三单] 调解，斡旋 vt. 经调解解决
recedes,vi. [三单] 退， 退去， 渐渐远去
proclaims,vt. [三单] 宣告， 宣布， 声明
retrieves,vi. [三单] 重新得到， 取回， 收回
embarks,vi. [三单] 上船
inflicts,vt. [三单] 把…强加给
stumbles,vi. [三单] 绊脚， 绊倒
dismantles,vt. [三单] 拆开， 拆卸
elicits,vt. [三单] 诱出， 探出
relegates,vt. [三单] 使降位， 使降级
tucks,vt. [三单] 把边塞到下面 n. 褶， 裥
expends,vt. [三单] 花费， 消费
precludes,vt. [三单] 排除
electrifies,vt. [三单] 使充电， 使电气化
darts,vi. [三单] 猛冲，飞奔 vt. 投射 n. 飞镖， 飞镖游戏
saturates,vt. [三单] 使湿透， 浸透
contrives,vt. [三单] 谋划， 策划
reaffirms,vt. [三单] 重申
escalates,v. [三单] 使…加剧
recollects,"v. [三单] 回忆,想起,记起,忆起,记得"
evades,v. [三单] 逃避，回避
agitates,v. [三单] 煽动，鼓动
appals,v. [三单] 使惊骇，使恐怖
aspires,v. [三单] (to，after)渴望，追求，有志于
apologises,"v. [三单] (to,for)道歉，认错"
evacuates,v. [三单] 撤离，疏散
abounds,v. [三单] 富于
realises,v. [三单] 认识到，明白
dozes,v. [三单] 打瞌睡 n. 瞌睡
augments,v. [三单] 增加 n. 增加
administers,v. [三单] 管理
rakes,v. [三单] 搜索 n. 耙子
humiliates,v. [三单] 羞辱
renovates,v. [三单] 更新
intrudes,v. [三单] 把…强加
erases,v. [三单] 抹去
obstructs,v. [三单] 妨碍
bails,n. [三单] 保释 vt. 保释 <
defers,v. [三单] 推迟， 延期
utilises,vt. [三单] 利用
criticises,v. [三单] 批评， 评论
rehearses,v. [三单] 排练
daunts,vt. [三单] 使气馁， 使畏缩
emphasises,vt. [三单] 强调， 着重
franchises,n. [三单] 特许权 vt. 特许
redeems,vt. [三单] 赎回
summarises,v. [三单] 概括， 总结
endorses,vt. [三单] 赞同， 认可
debuts,n. [三单] 初次登台 vt. 面世， 首次推出
appalls,vt. [三单] 使惊骇， 使恐怖
sympathises,vi. [三单] 同情， 体谅
generalises,v. [三单] 归纳， 概括
specialises,vi. [三单] 专攻
deplores,vt. [三单] 悲悼， 哀叹
civilises,vt. [三单] 使文明， 教化
mobilises,vt. [三单] 动员
manoeuvres,v. [三单] 演习
highjacks,vt. [三单] 劫持
studs,"v. [三单] 镶嵌,点缀"
erodes,"v. [三单] 侵蚀,腐蚀"
encodes,v. [三单] 把编码
colonizes,"v. [三单] 拓殖,殖民"
fossilizes,"v. [三单] 成化石,陈腐"
excavates,"v. [三单] 挖掘,开凿"
engraves,"v. [三单] 雕刻,使铭记"
secretes,"v. [三单] 隐藏,隐匿"
imprints,v. [三单] 留下烙印
shelves,v. [三单] 搁置
carbonates,n. [三单] 碳酸盐
seeps,v. [三单] 渗出
calcites,n. [三单] 方解石
populates,"v. [三单] 构成人口, 居住于"
nestles,"v. [三单] 依偎,（舒适地）安顿"
represses,v. [三单] 抑制，镇压
plows,"v. [三单] 耕, 犁"
neonates,n. [三单] 初生婴儿
fertilizes,v. [三单] 使肥沃
interlocks,v. [三单] 互锁
putrefies,"v. [三单] (使)化脓, (使)腐烂"
depletes,"v. [三单] 耗尽, 使衰竭"
mechanizes,v. [三单] 机械化
concurs,v. [三单] 同时发生
bombards,v. [三单] 炮轰
silicates,n. [三单] 硅酸盐
overcasts,"v. [三单] 遮盖,变暗 n. 覆盖, 阴天"
putts,"v. [三单] 短打,把球轻轻打进洞"
reshapes,"v. [三单] 改造, 再成形"
oozes,n. [三单] 软泥 v渗出
envisions,v. [三单] 想象
capsizes,v. [三单] (特指船)倾覆
repudiates,v. [三单] 批判
refills,"v. [三单] 再装满,再充填"
theorizes,"v. [三单] 建立理论, 理论化"
localizes,"v. [三单] 集中,局部化"
sulfates,n. [三单] 硫酸盐
deciphers,v. [三单] 译解
reheats,v. [三单] 再热
stylizes,"v. [三单] 使风格化, 仿效的风格"
pinpoints,"v. [三单] 确定,精确地定位 adj. 十分精确的"
staves,n. [三单] 桶材
synthesizes,"v. [三单] 综合, 合成"
centralizes,"v. [三单] 集聚, 集中"
gratifies,v. [三单] 使满足
adorns,v. [三单] 装饰
prowls,v. [三单] 巡游
slates,"n. [三单] 板岩,石板"
spruces,n. [三单] 云杉
stiffens,v. [三单] 弄硬
coexists,v. [三单] 共存
incubates,v. [三单] 孵卵
darkens,v. [三单] (使)变暗
disorients,"v. [三单] 使失去方向感, 使迷惑"
replenishes,v. [三单] 补充
trances,n&v. [三单] 恍惚
underlieses,"v. [三单] 位于之下, 成为的基础"
resets,v. [三单] 重新安排
incises,"v. [三单] 切入, 切割"
crumples,v. [三单] (使)皱，扭曲
devastates,v. [三单] 毁坏
overlies,v. [三单] 躺在上面
formalizes,"v. [三单] 使正式, 形式化"
relocates,v. [三单] 重新部署
plumbs,"v. [三单] （用铅垂）测量,探测"
attests,v. [三单] 证明
supplants,v. [三单] 排挤，取代
revitalizes,v. [三单] 新生
protrudes,v. [三单] 突出
warps,"v. [三单] 弯曲,歪曲"
overgrazes,vt. [三单] 使过度放牧
subsides,"v. [三单] 下沉,平静"
rends,v. [三单] 撕裂，猛拉
distrusts,n&vt. [三单] 不信任，怀疑
smothers,v. [三单] 窒息
envelops,"v. [三单] 包封, 遮盖"
spouts,v. [三单] 喷出
cramps,n. [三单] 痉挛 v. 限制，束缚
retracts,"v. [三单] 缩回, 撤销"
spearheads,v. [三单] 充当先锋
detracts,v. [三单] 转移
swirls,n&v. [三单] 旋转，漩涡
lades,"v. [三单] 装载,装货"
engulfs,v. [三单] 吞没
disproves,"v. [三单] 反驳,证明为误"
inscribes,v. [三单] 题写
uplifts,v. [三单] 提高
typifies,v. [三单] 代表
barters,v. [三单] 交易
impends,v. [三单] 迫近，逼近
buffers,n. [三单] 缓冲器
aragonites,"n. [三单] [矿]霰石, 文石"
sprawls,v. [三单] 伸开
fattens,v. [三单] 养肥
ionizes,"v. [三单] 使离子化 ,电离"
calves,"v. [三单] 生小牛, (使)冰山崩解"
invokes,v. [三单] 恳求
mesquites,n. [三单] 豆科灌木
constricts,v. [三单] 压缩
ushers,v. [三单] 引，领，陪同
mismatches,"n&v. [三单] 配错, 不相匹配"
extols,v. [三单] 赞美
spawns,v. [三单] 产卵 n. 卵
plummets,n. [三单] 铅锤 vi垂直落下
tallies,n. [三单] 记分  vi符合
ornates,"adj. [三单] 华丽的, 装饰的"
overcrowds,v. [三单] 过度拥挤
refreezes,"vt. [三单] 再结冰, 重新冻结"
circumvents,"v. [三单] 绕行,设法避开"
maximizes,"v. [三单] 取最大值, 最佳化"
improvises,v. [三单] 即兴创作
perpetuates,"v. [三单] 使永存, 使不朽"
basks,v. [三单] 晒太阳
overshadows,"v. [三单] 遮蔽, 使失色"
scurries,v. [三单] 疾行
slops,"v. [三单] 溢出, 溅溢"
queries,"n&v. [三单] 质问,疑问"
amasses,v. [三单] 积累，积聚
oversees,v. [三单] 监督，监管
mortises,n. [三单] 榫眼  v用榫接合
unearths,v. [三单] 掘出
situates,v. [三单] 位于，坐落在
instigates,v. [三单] 鼓动
befits,v. [三单] 适合
coerces,v. [三单] 强制
reveres,"v. [三单] 尊敬,敬畏"
rotes,n. [三单] 死记硬背
delineates,v. [三单] 描绘
knaps,v. [三单] 敲击
intersects,"v. [三单] 贯穿, 交叉"
smelts,v. [三单] 熔解，熔炼
ravages,n&v. [三单] 毁坏
befriends,"v. [三单] 待人如友,帮助"
tangs,v. [三单] 有浓味 n特殊气味
dramatizes,v. [三单] 编写剧本
accretes,"v. [三单] 共生, 附着, 增加"
reelects,"v. [三单] 重选, 改选"
languishes,"v. [三单] 憔悴, 凋萎"
prerecords,v. [三单] 事先录音
dispenses,"v. [三单] 分发, 分配"
surmises,v. [三单] 猜测
predisposes,"v. [三单] (使)易罹患, (使)预先偏向于"
oscillates,v. [三单] 振荡
deprecates,"v. [三单] 抨击, 反对"
encases,"v. [三单] 装入, 包住"
televises,"v. [三单] 广播, 播映"
encroaches,"v. [三单] 侵占,侵犯"
neutralizes,v. [三单] 压制
regularizes,"v. [三单] 使有规则, 使有秩序"
diffuseses,"v. [三单] 扩散,弥漫"
astounds,"v. [三单] 使惊骇, 使大吃一惊"
germinates,"v. [三单] 发芽,使生长"
validates,"v. [三单] [律]使有效, 使生效"
supersedes,"v. [三单] 代替, 取代"
dehydrates,v. [三单] (使)脱水
percolates,"n. [三单] 滤过之液体,滤液 v. 过滤"
mineralizes,"v. [三单] 使矿物化,采集矿物"
counteracts,"v. [三单] 抵消, 中和, 阻碍"
etches,v. [三单] 蚀刻
magnetizes,"v. [三单] 使磁化, 吸引"
elongates,"v. [三单] 拉长, (使)伸长 adj. 伸长的"
flickers,"n&v. [三单] 闪烁,摇曳"
pertains,"v. [三单] 适合, 属于"
animates,v. [三单] 鼓舞 adj. 生气勃勃的
reabsorbs,"v. [三单] 再吸附,重吸收"
eukaryotes,n. [三单] 〈生〉真核细胞
encompasses,"v. [三单] 包围,环绕"
metabolizes,v. [三单] 产生代谢变化
diversifies,"v. [三单] 使多样化, 作多样性的投资"
spews,"v. [三单] 喷涌,呕吐"
emanates,"v. [三单] 散发,发出"
shuns,"v. [三单] 避开,避免"
excretes,"v. [三单] 排泄, 分泌"
subsists,"v. [三单] 生存, 存在, 供养"
squanders,v. [三单] 浪费 n. 浪费
verbalizes,"v. [三单] 用语言描述,累赘"
objectifies,"v. [三单] 使客观化,具体化"
vacates,"v. [三单] 腾出, 空出,离(职),退(位)"
lengthwises,adj. [三单] 纵长的 adv. 纵长地
prostrates,"adj. [三单] 降伏的,俯卧的 v. 使屈服"
bodes,v. [三单] 预示
obliterates,"v. [三单] 涂去, 删除, 使湮没"
overtaxes,"v. [三单] 课税过重, 使负担过度"
annihilates,"v. [三单] 消灭,湮灭"
renounces,"v. [三单] 宣布放弃,断绝关系"
sates,v. [三单] 使心满意足
maizes,"n. [三单] 玉米, 黄色 adj. 玉米色的"
bolsters,n. [三单] 垫子 v. 支持
exhales,"v. [三单] 呼气,发出"
exalts,v. [三单] 晋升
unravels,"v. [三单] 拆开,拆开"
entombs,"v. [三单] 埋葬, 成为的坟墓"
understates,"v. [三单] 打着折扣说,有意轻描淡写"
narrates,"v. [三单] 叙述,作解说"
underwings,"n. [三单] 后翅, 后翅色彩瑰丽的蛾"
grapples,"v. [三单] 格斗,抓住 n. 格斗"
keels,"n. [三单] 龙骨(船的脊骨),平底船 v. 装以龙骨,倾覆"
antiquates,"adj. [三单] 旧式的,过时的"
replicates,v. [三单] 复制 adj. 复制的
reappears,v. [三单] 再出现
reopens,"v. [三单] 重开,再开始"
fanwises,adj. 呈扇形展开的
stipulates,"v. [三单] 规定, 保证"
mandates,"n. [三单] (书面)命令,训令 v. 委任统治"
besieges,"v. [三单] 围困,围攻"
incinerates,"v. [三单] 把烧成灰,烧弃"
dismembers,"v. [三单] 肢解,割断手足"
discolors,"v. [三单] 使脱色, (使)变色,(使)退色"
fortifies,"v. [三单] 增强(体力,结构等) v. 筑防御工事"
buckles,"n. [三单] 带扣 v扣住, 变弯曲"
chafes,"v. [三单] (将皮肤等)擦热, 使恼火"
sterilizes,"v. [三单] 杀菌, 消毒, 使成不毛"
reenters,"n. [三单] 重进入, 再加入 v. 重返"
exhilarates,"v. [三单] 使高兴, 使愉快"
teems,v. [三单] 大量出现
ratifies,"v. [三单] 批准, 认可"
conflates,v. [三单] 合并
ostracizes,"v. [三单] (古希腊)贝壳放逐法, 放逐, 排斥"
aligns,v. [三单] 排列，使结盟
recreates,"v. [三单] (使)得到休养, (使)得到娱乐"
spatters,v. [三单] 溅污 n滴落
refurbishes,"v. [三单] 再磨光, 刷新"
mottles,"v. [三单] 使有斑点 n杂色, 斑点"
fends,"v. [三单] 保护, 供养"
tollgates,"n. [三单] 征收通行税的关卡, 关门"
overkills,n. [三单] 过度的杀伤威力 v. 超量杀伤
reprints,v. [三单] 再版
entwines,"v. [三单] (使)缠住, (使)盘绕"
condenseses,"v. [三单] 浓缩,  压缩"
romanizes,"v. [三单] 古罗马化, 用罗马字书写"
allays,"v. [三单] 减轻, 减少"
unbalances,"v. [三单] 使失衡,使精神紊乱n失衡"
thwarts,v. [三单] 阻挠
grooms,v. [三单] 刷洗 n新郎
affronts,v. [三单] 侮辱，冒犯
scrapings,v&n. [三单] 刮，擦
reorganizes,"v. [三单] 改组, 整顿"
moistens,v. [三单] 弄湿 vi变潮湿
perms,v. [三单] /n电烫（头发）
engenders,v. [三单] 造成
reputes,"n. [三单] 名誉, 名声 v认为"
implicates,"v. [三单] 含意, 暗示"
overgrows,v. [三单] 长满
preens,v. [三单] 整理羽毛，(人)打扮修饰
reradiates,vt. [三单] 再辐射(转播)
converses,v. [三单] 交谈 n反面说法 a相反的
redesigns,v&n. [三单] 重新设计
crooks,v. [三单] 使弯曲
inters,v. [三单] 埋葬
mites,"n. [三单] 微小的东西,"
mistrusts,"n&v. [三单] 不信任, 猜疑"
stints,"v. [三单] 紧缩,节省"
chomps,"v. [三单] 大声地咀嚼, 反复咀嚼"
posits,v. [三单] 安置
subjugates,v. [三单] 使屈服，征服
concocts,v. [三单] 编造
ruminates,"v. [三单] 反刍, 沉思"
uproots,"v. [三单] 连根拔起, 根除"
flops,v. [三单] 猛落，惨败
unsettles,v. [三单] 不安
reorients,v. [三单] 重定的方向(或方位)
portends,v. [三单] 预示
unwelcomes,"adj. [三单] 不受欢迎的, 讨厌的"
discredits,v. [三单] 怀疑  n丧失名誉
stratifies,v. [三单] (使)成层
lops,"v. [三单] 剪去, 砍掉"
recounts,v. [三单] 叙述
gilds,v. [三单] 镀金
dredges,"n. [三单] 挖泥机 v挖掘,"
polarizes,"v. [三单] (使)偏振, (使)极化"
degases,v. [三单] 除去瓦斯
trickles,v. [三单] 滴流
blackens,"v. [三单] 使变黑, 诽谤"
drenches,v. [三单] 湿透
eyeballs,"n. [三单] 眼球, 眼珠子"
invigorates,v. [三单] 鼓舞
rephrases,v. [三单] 改述
purges,v. [三单] 清洗(除) n清洗
outwits,"v. [三单] 瞒骗, 以智取胜"
douses,v. [三单] 熄灭
motes,"n. [三单] 尘埃, 微粒"
overprints,"n. 套印, 印戳"
ritualizes,"v. [三单] 使仪式化, 奉行仪式主义"
clenches,v. [三单] 捏紧
belies,v. [三单] 掩饰
renames,"v. [三单] 重新命名, 改名"
awakens,"v. [三单] 唤醒, 醒来"
bustles,v. [三单] 匆匆忙忙
abbreviates,"v. [三单] 缩写, 简化"
republishes,"v. [三单] 再版, 重新发表"
categorizes,"v. [三单] 加以类别, 分类"
hurtles,v. [三单] 急飞
glistens,v. [三单] 闪光
predates,"v. [三单] 提早日期, 居先"
foments,v. [三单] [医]热敷
yeans,"v. [三单] 生产, 生育"
meanders,v. [三单] 蜿蜒而行
bulges,n&v. [三单] 膨胀，鼓起
emancipates,"v. [三单] 释放, 解放"
apportions,v. [三单] 分配
encircles,"v. [三单] 环绕, 围绕"
surmounts,v. [三单] 克服
gleans,"v. [三单] 拾落穗, 收集"
churns,"v. [三单] 搅拌, 搅动"
crouches,"v. [三单] 蜷缩, 蹲伏"
mimics,"v. [三单] 模仿, 模拟"
overburdens,"v. [三单] 装载过多, 负担过多"
juggles,v&n. [三单] 玩杂耍
remodels,"v. [三单] 重新塑造, 改造"
disuses,"n&v. [三单] 废弃, 废止"
mystifies,v. [三单] 迷惑
mesmerizes,v. [三单] 施催眠术
taints,v. [三单] 感染 n污点
prearranges,v. [三单] 预先安排
wicks,"n. [三单] 蜡烛心, 灯芯"
interjects,"v. [三单] 插嘴, 突然插入"
alludes,v. [三单] 暗指，提及
stifles,"v. [三单] 窒息, 抑制"
embroiders,v. [三单] 刺绣，修饰
overrides,v. [三单] 不顾，否决
endears,v. [三单] 使亲密
trespasses,n&v. [三单] 侵犯，擅自进入
darns,v. [三单] 缝补，补缀
writhes,v. [三单] 翻滚，扭动
babbles,v. [三单] 说蠢话，牙牙学语
seduces,v. [三单] 勾引
transposes,"v. [三单] 调换, 颠倒顺序"
scours,v. [三单] 四处搜索
replants,"v. [三单] 再植, 改种"
inundates,v. [三单] 淹没
slays,v. [三单] 杀死，宰杀
relicts,n. [三单] 残遗物
impinges,v. [三单] 撞击
overtones,n. [三单] 寓意
dislodges,v. [三单] 驱逐
comminutes,"v. [三单] 使成粉末,粉碎"
caches,v. [三单] 贮藏，隐藏  n藏物处
procures,"v. [三单] 获得, 取得"
chlorates,n. [三单] [化]氯酸盐
enures,v. [三单] 使习惯于 v. 变得更有利
sullies,v. [三单] 玷污
lulls,v. [三单] 缓和 n暂时的平息
brawls,"v. [三单] 争吵, 怒骂"
ousts,"v. [三单] 剥夺,取代,罢免"
rejoins,"v. [三单] 再结合, 再加入"
reverts,v. [三单] 回复
overlands,"adj. [三单] /ad经过陆地的, 陆上的"
dwindles,v. [三单] 缩小
preexists,v. [三单] 先前存在
pollinates,v. [三单] 对授粉
inactivates,"v. [三单] 使不活泼, 阻止活动"
impregnates,"v. [三单] 使怀孕, 使受精 a怀孕的, 充满的"
immobilizes,v. [三单] 固定不动
infests,"v. [三单] 骚扰,大批滋生"
embosses,"v. [三单] 饰以浮饰, 使浮雕出来"
embellishes,v. [三单] 修饰
unreads,"adj. [三单] 没有人看的, 无学问的"
postdates,v. [三单] 填迟的日期 n事后日期
stashes,v. [三单] 存放 n隐藏处
prepays,v. [三单] 预付
affixes,"v. [三单] 使附于, 粘贴 n[语]词缀"
obsesses,"v. [三单] 迷住, 使困扰"
demolishes,"v. [三单] 毁坏, 推翻, 粉碎"
glaciates,"v. [三单] 使结冰, 以冰(或冰河)覆盖"
inducts,"v. [三单] 感应,引导"
assorts,v. [三单] 分类配全
catalyzes,"v. [三单] 催化, 刺激, 促进"
scavenges,"v. [三单] 打扫, 以(腐肉)为食"
jumbles,"v. [三单] 混杂, 搞乱 n混乱"
mennonites,n. [三单] 门诺派教徒
economizes,"v. [三单] 节省, 有效地利用"
stagnates,"v. [三单] (使)淤塞, (使)停滞, (使)沉滞, (使)变萧条"
ekes,"v. [三单] 补充, 增加"
eviscerates,"v. [三单] 取出内脏, 除去精华"
squirts,v. [三单] 喷出
distends,"v. [三单] (使)扩大, (使)扩张"
pressurizes,"v. [三单] 增压, 密封"
reexamines,v. [三单] 复试
prods,v. [三单] 刺
moralizes,"v. [三单] 教化 ,说教"
urbanizes,"v. [三单] 使都市化, 使文雅"
galvanizes,"v. [三单] 通电流于, 电镀"
crimps,"v. [三单] 起皱, 卷曲, 抑制"
serrates,adj. [三单] 锯齿状的
foreshadows,v. [三单] 预示
deters,v. [三单] 阻止
glosses,n. [三单] 光泽，注解
scruples,"n&v. [三单] 踌躇, 犹豫"
saddens,v. [三单] 悲哀
tinplates,"n. [三单] 镀锡铁皮, 马口铁"
negates,"v. [三单] 否定, 打消"
rarefies,v. [三单] 稀薄
imbibes,v. [三单] 吸收
overheats,v. [三单] 使过热， 变得过热
rehydrates,"v. [三单] [化] 再水化, 再水合"
cheapens,"v. [三单] 减价, 跌价"
smites,v. [三单] 重击
petrifies,"v. [三单] 石化,吓呆"
ails,v. [三单] 生病，使苦恼
unbinds,"v. [三单] 解开, 解放"
obligates,v. [三单] 使负义务 a有责任的
cates,"n. [三单] 佳肴, 美食"
mitigates,"v. [三单] 减轻,缓和"
teds,vt. [三单] 翻晒 n. 泰德
bulldozes,"v. [三单] 威吓, 欺负"
hones,n. [三单] 磨（刀）石vt用磨刀石磨
ameliorates,"v. [三单] 改善, 改进"
tingles,"v. [三单] 造成麻刺的感觉,使感刺痛"
codifies,"v. [三单] 把…编成法典, 编纂"
entrenches,"v. [三单] 以壕沟防护,保护"
forestalls,"v. [三单] 之前, 先(用先发制人的方法)预防, 阻止"
abuts,"v. [三单] 邻接, 毗邻"
captivates,"v. [三单] 迷住, 迷惑"
jibes,"v. [三单] 嘲笑, 与一致, 使转向"
kneads,"v. [三单] 揉(面等)成团, 按摩"
resettles,"v. [三单] (使)重新定居,再坐下来"
fumigates,"v. [三单] 熏制, 以烟熏消毒"
retools,"v. [三单] 将机械重新整备, 重组"
demobilizes,"v. [三单] 使复员, 使退伍, 遣散"
lusts,"n. [三单] 繁殖力, 强烈的性欲 v. 强烈欲望"
hankers,"v. [三单] 渴望, 追求"
locomotes,"v. [三单] 移动, 行动"
rediscovers,v. [三单] 重新发现
sequesters,"v. [三单] 使隐退, 扣押, 没收"
gibes,"v. [三单] 嘲笑,讥笑 n. 嘲笑"
imprecises,adj. [三单] 不精确的
uncrumples,"vt. [三单] 去掉…的皱纹,使回复到平整状态"
untwists,"v. [三单] 拆开(搓合的绳,线等), 解开"
coaxes,"v. [三单] 巧妙地（耐心地）处理,哄"
pivots,n. [三单] 枢轴 v. 在枢轴上转动
reclines,v. [三单] 向后倚靠， 斜倚
deploys,vt. [三单] 部署， 调度
infiltrates,v. [三单] 渗入， 渗透
suborns,vt. [三单] 收买， 买通， 唆使
shrivels,v. [三单] 枯萎
encrusts,v. [三单] 在表面形成硬壳， 结壳
exhorts,vt. [三单] 劝告， 规劝， 告诫
ambushes,n&vt. [三单] 埋伏， 伏击
reschedules,vt. [三单] 重新计划， 重订…的时间表
dotes,vi. [三单] 溺爱
dilates,v. [三单] 膨胀， 扩大
bequeaths,vt. [三单] 遗赠
brags,v. [三单] 吹嘘， 自夸， 自吹自擂
impels,vt. [三单] 驱使， 促使
palates,n. [三单] 上腭
apprehends,vt. [三单] 逮捕
recoups,vt. [三单] 收回， 弥补
appends,vt. [三单] 附加， 增补
liquefies,v. [三单] 溶解， 液化
disconcerts,vt. [三单] 使惊慌， 使不安
overacts,v. [三单] 把表演得过火
oversleeps,v. [三单] 睡过头
acquits,vt. [三单] 宣告无罪
aborts,v. [三单] 夭折， 中止
revokes,vt. [三单] 撤销， 撤回
allots,vt. [三单] 分配， 配给， 拨给
indicts,vt. [三单] 控诉， 起诉， 控告
excises,vt. [三单] 切除
transacts,v. [三单] 交易
slackens,v. [三单] 松弛， 放松
digitizes,vt. [三单] 数字化
wannas,v. [三单] 想要
epitomizes,vt. [三单] 成为…的缩影
coheres,vi. [三单] 连贯， 一致
dispels,vt. [三单] 驱散， 驱逐
optimizes,vt. [三单] 使最优化
rejuvenates,vt. [三单] 使年轻
dignifies,vt. [三单] 使有尊严， 使高贵
blusters,v. [三单] 虚张声势地恫吓
slogs,v. [三单] 艰难行进
sprains,n&vt. [三单] 扭伤
grovels,vi. [三单] 摇尾乞怜， 奴颜婢膝
dissuades,vt. [三单] 劝阻， 阻止
leaches,v. [三单] 过滤 n.  过滤器
touts,v. [三单] 吹捧
reiterates,vt. [三单] 反复说， 重申
abates,v. [三单] 减少， 减轻
eschews,vt. [三单] 避开， 戒除， 回避
shirks,v. [三单] 逃避， 规避
condoles,vi. [三单] 向…吊唁
finalizes,vt. [三单] 使完成
respires,v. [三单] 呼吸
idealizes,vt. [三单] 将…理想化
succumbs,vi. [三单] 屈服， 屈从
infuriates,vt. [三单] 激怒
deposes,vt. [三单] 革除， 罢免， 废黜
abhors,vt. [三单] 憎恨， 厌恶
transcribes,vt. [三单] 记录， 抄录
rekindles,vt. [三单] 重新点燃
ensconces,vt. [三单] 使安顿， 安置， 使安坐
antecedes,vt. [三单] 居先
interns,n. [三单] 实习生 vt.  拘禁， 软禁
scrolls,n. [三单] 卷轴
assails,vt. [三单] 抨击， 指责
famishes,v. [三单] 饥饿
quashes,vt. [三单] 撤销， 废止
abridges,vt. [三单] 缩短， 删节， 节略， 精简
avenges,vt. [三单] 复仇， 报仇
sculpts,vt. [三单] 雕刻
outgases,vt. [三单] 除去气
legislates,v. [三单] 制定法律
annuls,vt. [三单] 宣布无效， 取消， 废除
absolves,vt. [三单] 赦免
forfeits,vt. [三单] 被没收，丧失 n.  罚款
bisects,vt. [三单] 把…二等分， 对半分
enlists,v. [三单] 征募
focalizes,v. [三单] 调节焦距
squabbles,vi. [三单] 发生口角，
overviews,n. [三单] 梗概， 概述
treks,n&v. [三单] 艰苦跋涉
proofreads,v. [三单] 校对， 校正
ambles,vi. [三单] 缓行， 漫步
dissolutes,adj. [三单] 放荡的， 放纵的， 道德沦丧的
secedes,vi. [三单] 正式脱离， 退出
interweaves,v. [三单] 交织， 编结
congests,v. [三单] 充满， 拥塞
impedes,vt. [三单] 妨碍， 阻碍， 阻止
smirks,vi. [三单] 假笑， 得意地笑
accredits,vt. [三单] 委任， 授权
confiscates,vt. [三单] 没收， 充公， 征用
curtails,vt. [三单] 缩短， 缩减， 削减
extorts,vt. [三单] 勒索， 敲诈， 强夺
canvasses,v. [三单] 游说， 拉选票
vaporizes,v. [三单] 蒸发， 汽化
instills,vt. [三单] 慢慢灌输
patronizes,v. [三单] 以高人一等的态度对待
allures,n&v. [三单] 诱惑， 吸引
trivializes,vt. [三单] 使显得琐碎
solicits,v. [三单] 恳请
enslaves,vt. [三单] 奴役
feigns,vt. [三单] 装作， 假装
conciliates,vt. [三单] 安抚， 抚慰
accedes,vi. [三单] 即位， 就任
vivifies,vt. [三单] 赋予生气
connotes,v. [三单] 意味着
notates,vt. [三单] 以符号表示， 把…写成记号
mortifies,vt. [三单] 使蒙受屈辱， 使难堪
crams,v. [三单] 填塞， 塞满
detests,v. [三单] 憎恶
enunciates,v. [三单] 清晰地发音
mismanages,vt. [三单] 对…管理不当， 处理不当
scuffles,n&vi. [三单] 扭打， 混战
blurts,vt. [三单] 脱口而出
doodles,vi. [三单] 乱涂， 胡画
ferments,v. [三单] 发酵 n.  发酵
tarnishes,v. [三单] 失去光泽 n.  污点
acquiesces,vi. [三单] 默许， 默认
espouses,vt. [三单] 支持， 拥护， 赞成
enacts,v. [三单] 制定法律， 颁布
scrutinizes,v. [三单] 仔细检查， 细察
disquiets,v. [三单] 不安，忧虑 n.  不安， 忧虑
spellbinds,vt. [三单] 用妖术迷惑
ordinates,n. [三单] 纵坐标
apprises,vt. [三单] 通知， 告诉
falters,v. [三单] 衰退， 衰落
appraises,vt. [三单] 估价
reapplies,v. [三单] 再申请
shuffles,v&n. [三单] 拖着脚走
infatuates,vt. [三单] 使迷恋
conjures,v. [三单] 变魔术， 变戏法
quells,vt. [三单] 制止， 镇压
dissents,vi. [三单] 不同意，持异议 n.  不同意见， 异议
despoils,vt. [三单] 夺取， 掠夺
vocalizes,v. [三单] 用言语表达
defecates,vi. [三单] 排便
assents,n&vi. [三单] 同意， 赞成
effaces,v. [三单] 抹去，抹掉
clutters,n. [三单] 杂乱，混乱 v. 使凌乱
upheaves,v. [三单] 鼓起
impugns,v. [三单] 指责，非难
effeminates,adj. [三单] 柔弱的 n. 女子气的男人 vt. 使柔弱 vi. 变得无男子汉气概
pervades,v. [三单] 遍及
resonates,v. [三单] 共鸣
enumerates,v. [三单] 列举
undulates,v. [三单] 起伏，波动 adj. 波动的
sermonizes,v. [三单] 说教
inveterates,adj. [三单] 根深的
espies,v. [三单] 看到 n. (Espy)人名
admonishes,v. [三单] 告诫
vacillates,v. [三单] 犹豫
peruses,v. [三单] 详细考察
alights,v. [三单] 下来 adj. 烧着的
recants,v. [三单] 宣布放弃
dissects,v. [三单] 切细
cognates,adj. [三单] [地质] 同源的 n. 同族
irresolutes,adj. [三单] 优柔寡断的
convokes,v. [三单] 召集
embitters,v. [三单] 使怨恨
emulates,v. [三单] 仿真 n. 仿真
infringes,v. [三单] 侵犯
besmears,v. [三单] 弄脏，涂抹
drubs,v. [三单] 用棒打
derides,v. [三单] 嘲笑
vindicates,v. [三单] 维护
nauseates,v. [三单] 作呕
vitiates,v. [三单] 损害，弄坏
preordains,v. [三单] 注定
dilapidates,v. [三单] 毁坏
belabors,v. [三单] 痛打
obviates,v. [三单] 排除
debilitates,v. [三单] 使衰弱
condones,v. [三单] 宽恕
infuses,v. [三单] 灌输
imputes,v. [三单] 归罪于，归咎于
enthralls,v. [三单] 迷住，使着迷
irks,v. [三单] 使烦恼
stultifies,v. [三单] 使变无效
pulverizes,v. [三单] 粉碎
atones,v. [三单] 赎罪
emboldens,v. [三单] 使有胆量，使大胆
spates,n. [三单] 洪水
obdurates,adj. [三单] 顽固的，执拗的
fulminates,v. [三单] 爆炸 n. 雷酸盐
retraces,v. [三单] 追溯
remisses,adj. [三单] 怠慢的
harasses,v. [三单] 使困扰
disavows,v. [三单] 否认，否定
stanches,v. [三单] 止血 adj. 坚固的
erudites,adj. [三单] 博学的 n. 饱学之士
retouches,n. [三单] 润饰 v. 润饰
adulates,v. [三单] 过分称赞
cajoles,v. [三单] 以甜言蜜语哄骗
vociferates,v. [三单] 喊叫
detonates,v. [三单] 使爆炸
inchoates,adj. [三单] 早期的 vt. 开始 vi. 开始
recuperates,v. [三单] 恢复，复原
inhumes,v. [三单] 埋葬
bauxites,n. [三单] 矾土，[矿物] 铁铝氧石
bowdlerizes,v. [三单] 删改
venerates,v. [三单] 崇敬，尊敬
introspects,v. [三单] 反省
calumniates,v. [三单] 诽谤
befogs,v. [三单] 使困惑，使模糊
acidifies,v. [三单] [化学] 酸化
bestrews,v. [三单] 布满
miscounts,v. [三单] 数错 n. 数错
preempts,v. [三单] 先占
lacerates,v. [三单] 伤害，使…痛心 adj. 受折磨的
scribbles,n. [三单] 潦草写成的东西 v. 乱写
usurps,v. [三单] 篡夺
abjures,v. [三单] 发誓放弃
maligns,v. [三单] 诽谤，污蔑 adj. 恶意的，恶性的
foliates,v. [三单] 把…打成箔 adj. 有叶的
immaculates,adj. [三单] 完美的
obtrudes,v. [三单] 逼使
perturbs,v. [三单] 扰乱
consecrates,v. [三单] 奉献 adj. 神圣的
avows,v. [三单] 承认
beleaguers,v. [三单] 围攻
accouters,v. [三单] 装备
falsifies,v. [三单] 伪造
habituates,v. [三单] 使习惯于，使熟悉于
divulges,v. [三单] 泄露
dishevels,v. [三单] 使蓬乱
wizens,vi. [三单] 枯萎 vt. 使凋谢 adj. 凋谢的
enervates,v. [三单] 使衰弱，使失去活力 adj. 衰弱的，无力的
devalues,v. [三单] 使贬值
rankles,v. [三单] 化脓
annotates,v. [三单] 注释
repletes,adj. [三单] 充满的 n. [昆] 贮蜜蚁
forgoes,v. [三单] 放弃
suffuses,v. [三单] 充满
bereaves,v. [三单] 使……失去
assonates,v. [三单] （使）音相谐，（使）成为准押韵
nullifies,v. [三单] 使无效，作废
ambulates,v. [三单] 走动
expedites,v. [三单] 加快 adj. 畅通的
potentates,n. [三单] 统治者，君主
absconds,v. [三单] 逃匿，潜逃
addles,v. [三单] 使腐坏 adj. 腐坏的
arbitrates,v. [三单] 仲裁
exhumes,v. [三单] 发掘 n. (Exhume)人名
disinfects,v. [三单] 将…消毒
subverts,v. [三单] 颠覆
profligates,adj. [三单] 放荡的，不检点的 n. 放荡者
coddles,v. [三单] 娇养
outlasts,v. [三单] 比…长久
enrages,v. [三单] 激怒
parches,v. [三单] 烤，烘
becalms,v. [三单] 使安静
cataracts,n. [三单] [眼科] 白内障 vt. 倾注
berates,v. [三单] 严责
aggrieves,v. [三单] 使悲痛
perspires,v. [三单] 流汗
protracts,v. [三单] 绘制
inebriates,v. [三单] 灌醉 adj. 酒醉的 n. 酒鬼
foreordains,v. [三单] 注定
weans,v. [三单] 使断奶 n. （苏格兰）幼儿
refracts,v. [三单] 使折射
undersells,v. [三单] 抛售
gyrates,v. [三单] 旋转 adj. 旋涡状的
furbishes,v. [三单] 磨光
equivocates,v. [三单] 说模棱两可的话
begets,v. [三单] 产生
hydrates,n. [三单] 水合物 v. 使成水化合物
mollifies,v. [三单] 平息，缓和
outstretches,vt. [三单] 拉长
encumbers,v. [三单] 阻塞
imbues,v. [三单] 灌输
antagonizes,v. [三单] 使…敌对
belittles,v. [三单] 轻视
rescinds,v. [三单] 解除
mutilates,v. [三单] 切断，毁坏
wreaks,v. [三单] 发泄
loots,n. [三单] 战利品 v. 抢劫，洗劫
waives,v. [三单] 放弃
abominates,v. [三单] 痛恨
gestates,v. [三单] 使怀孕
arrogates,v. [三单] 冒称
promulgates,v. [三单] 公布
redresses,v. [三单] 救济 n. 救济
perforates,v. [三单] 穿孔于，打孔穿透
vilifies,v. [三单] 诽谤
transgresses,v. [三单] 违反
probates,v. [三单] [法] 遗嘱认证 n. 遗嘱检验 adj. [法] 遗嘱认证的
castigates,v. [三单] 严惩
respites,n. [三单] 缓解 v. 使缓解
tantalizes,v. [三单] 逗弄
disparages,v. [三单] 蔑视
descries,v. [三单] 看见
exasperates,v. [三单] 恶化
extricates,v. [三单] 使解脱
accosts,v. [三单] 勾引
reprobates,v. [三单] 非难 adj. 邪恶的 n. 恶棍，无赖
muddles,v. [三单] 混合 n. 糊涂
cauterizes,v. [三单] 烧灼
apostates,adj. [三单] 变节的 n. 脱党者
decries,v. [三单] 责难，谴责
occludes,v. [三单] 使闭塞
chastises,v. [三单] 惩罚
immoderates,adj. [三单] 无节制的，过度的
outstrips,v. [三单] 超过
impoverishes,v. [三单] 使贫穷
betides,v. [三单] 预示
prates,v. [三单] 瞎扯 n. 唠叨
foreruns,vt. [三单] 预示
amputates,v. [三单] 截肢
exacerbates,v. [三单] 使加剧
enthrones,v. [三单] 使登基
domineers,v. [三单] 跋扈
aggresses,v. [三单] 攻击
ciliates,n. [三单] 纤毛虫 adj. 有纤毛的
expiates,v. [三单] 赎罪
abstains,v. [三单] 自制
burnishes,v. [三单] 擦亮 n. 光泽
actuates,v. [三单] 开动（机器等）
effetes,adj. [三单] 衰老的
relinquishes,v. [三单] 放弃
reimburses,v. [三单] 偿还
inures,v. [三单] 使…习惯
rants,v. [三单] 咆哮 n. 咆哮
elucidates,v. [三单] 阐明
abrogates,v. [三单] 废除
condescends,v. [三单] 屈尊
liquidates,v. [三单] 清算
befuddles,v. [三单] 使迷惑
overpowers,v. [三单] 压倒
purloins,v. [三单] 偷窃
dumbfounds,v. [三单] 使惊呆
ensnares,v. [三单] 诱捕
bestrides,v. [三单] 跨骑
lambastes,v. [三单] 痛打
cogitates,v. [三单] 仔细考虑
deludes,v. [三单] 欺骗
misstates,v. [三单] 说错
leavens,v. [三单] 使发酵 n. 酵母
pacifies,v. [三单] 使平静
embattles,vt. [三单] 布阵
malingers,v. [三单] 装病以逃避职责
engrosses,v. [三单] 使全神贯注
estranges,v. [三单] 使疏远
bedecks,v. [三单] 装饰
ramifies,v. [三单] 分枝，分叉
obfuscates,v. [三单] 使模糊
arraigns,v. [三单] 传讯，控告
reviles,v. [三单] 辱骂
cowers,v. [三单] 退缩
remunerates,v. [三单] 酬劳
incites,v. [三单] 煽动
abets,v. [三单] 煽动，教唆 n. (Abet)人名
exonerates,v. [三单] 使免罪
solutes,n. [三单] [化学] 溶质 adj. 溶解的
adumbrates,v. [三单] 预示
ingrates,adj. [三单] 忘恩的 n. 忘恩负义的人
placates,v. [三单] 抚慰
downplays,v. [三单] 不予重视
rendezvouses,n. [三单] 约会 v. 会合
abdicates,v. [三单] 退位
disfigures,v. [三单] 使变丑
abases,v. [三单] 使…谦卑
abashes,v. [三单] 使困窘
imperils,v. [三单] 危及
acclimates,v. [三单] 服水土
accentuates,v. [三单] 强调
eulogizes,v. [三单] 颂扬
aggrandizes,v. [三单] 增加
beseeches,v. [三单] 恳求，哀求
filches,v. [三单] 窃取
prepossesses,v. [三单] 使先具有
relents,v. [三单] 变温和，变宽厚
adulterates,adj. [三单] 通奸的 v. 掺假
federates,adj. [三单] 同盟的 v. 使结成同盟
denominates,v. [三单] 为…命名 adj. 有特定名称的
secludes,v. [三单] 使隔离，使隔绝
vitalizes,v. [三单] 赋予…生命
disengages,v. [三单] 使脱离
primps,v. [三单] 精心打扮
vegetates,v. [三单] 过单调呆板的生活
preoccupies,v. [三单] 迷住
denigrates,v. [三单] 诋毁
contorts,v. [三单] 扭曲
palliates,v. [三单] 减轻
intercedes,v. [三单] 调解，调停
desiccates,v. [三单] 变干
itinerates,v. [三单] 巡回
invalidates,v. [三单] 使无效
requites,v. [三单] 报答，回报
denudes,v. [三单] 剥夺
attenuates,adj. [三单] 减弱的 v. 使减弱
edifies,v. [三单] 熏陶
declaims,v. [三单] 慷慨陈词
satiates,v. [三单] 充分满足 adj. 饱足的
misbehaves,v. [三单] 作弊
satirizes,v. [三单] 讽刺
adduces,v. [三单] 举出
expurgates,v. [三单] 删除，删去
enamors,v. [三单] 使迷恋，使倾心
prattles,v. [三单] 闲聊 n. 无聊话
disburses,v. [三单] 支付
discomfits,v. [三单] 挫败
appertains,v. [三单] 属于
brandishes,v. [三单] 挥舞 n. 挥舞
forebodes,v. [三单] 预示
outdoes,v. [三单] 超过
defrauds,v. [三单] 欺骗
retrenches,v. [三单] 删除
retaliates,v. [三单] 报复
exculpates,v. [三单] 开脱
intoxicates,v. [三单] 使陶醉
besmirches,v. [三单] 弄污
vexes,v. [三单] 使烦恼
intermits,v. [三单] 使中断
divests,v. [三单] 剥夺
extenuates,v. [三单] 减轻
overworks,v. [三单] 工作过度 n. 过度工作
dissevers,v. [三单] 使分离
effuses,v. [三单] 流出 adj. [植] 疏展的
derogates,v. [三单] 减损
rebuffs,n. [三单] 断然拒绝 v. 断然拒绝
aerates,v. [三单] 充气
deranges,v. [三单] 扰乱
botanizes,v. [三单] 研究植物 n. 研究并采集植物
undersizes,adj. [三单] 不够大的 n. 尺寸不足
redounds,v. [三单] 有助于
reconsiders,v. [三单] 重新考虑
entangles,v. [三单] 使纠缠
debunks,v. [三单] 揭穿
embroils,v. [三单] 使卷入
interposes,v. [三单] 提出（异议等）
excoriates,v. [三单] 严厉的责难
disclaims,v. [三单] 否认，拒绝
enraptures,v. [三单] 使狂喜
besets,v. [三单] 困扰
insensates,adj. [三单] 无感觉的
expatriates,v. [三单] 使移居国外 n. 被流放者 adj. 移居国外的
scribes,n. [三单] 抄写员 v. 写下，记下
christens,v. [三单] 为…命名 n. (Christen)人名
hirsutes,adj. [三单] 多毛的
educes,v. [三单] 引出
loathes,v. [三单] 讨厌，厌恶
overleaps,v. [三单] 越过
proscribes,v. [三单] 剥夺……的公权
beatifies,v. [三单] 行宣福礼
purports,v. [三单] 声称 n. 意义，主旨
evicts,v. [三单] 驱逐
capitulates,v. [三单] 认输，屈服
upbraids,v. [三单] 责骂
ingratiates,v. [三单] 使迎合
perjures,v. [三单] 作伪证
unveils,v. [三单] 使公之于众，揭开
repines,v. [三单] 抱怨
supplicates,v. [三单] 恳求，哀求
ossifies,v. [三单] 骨化
impales,v. [三单] 刺穿
abnegates,v. [三单] 放弃
foretells,v. [三单] 预言
endues,v. [三单] 授予，赋予
coagulates,v. [三单] 使…凝结
assuages,v. [三单] 平息
glamorizes,v. [三单] 美化
bethinks,v. [三单] 想起，忆起
animadverts,v. [三单] 批判
beguiles,v. [三单] 欺骗
commingles,v. [三单] 使混合
abrades,v. [三单] 擦伤
transpires,v. [三单] 发生
begrudges,v. [三单] 羡慕，嫉妒
embezzles,v. [三单] 盗用
comports,v. [三单] 行为
missteps,n. [三单] 失足 vi. 失足
reprehends,v. [三单] 申斥 n. 责备
mooes,v. [三单] 发出哞哞声 n. 牛叫声
juxtaposes,v. [三单] 并列
recaptures,v. [三单] 夺回 n. 夺回
browbeats,v. [三单] 恫吓，吓唬
explicates,v. [三单] 说明，解释
bedaubs,v. [三单] 俗气地装饰
transmutes,v. [三单] 使变形
harangues,n. [三单] 长篇大论 v. 向…滔滔不绝地演讲
eludes,v. [三单] 逃避，躲避
beholds,v. [三单] 看 int. 瞧
celibates,n. [三单] 独身者 adj. 独身的
extrudes,v. [三单] 挤出，压出
blasphemes,v. [三单] 亵渎
inveighs,v. [三单] 痛骂
bides,v. [三单] 等待
dissembles,v. [三单] 掩饰，掩盖
appellates,adj. [三单] 上诉的
depreciates,v. [三单] 使贬值
insinuates,v. [三单] 暗示
overstrides,v. [三单] 跨过， 超过， 越过

